[06Mar2025 23:35:55.292] [main/INFO] [cpw.mods.modlauncher.Launcher/MODLAUNCHER]: ModLauncher running: args [--launchTarget, forgeserver, --fml.forgeVersion, 47.3.7, --fml.mcVersion, 1.20.1, --fml.forgeGroup, net.minecraftforge, --fml.mcpVersion, 20230612.114412, nogui]
[06Mar2025 23:35:55.301] [main/INFO] [cpw.mods.modlauncher.Launcher/MODLAUNCHER]: ModLauncher 10.0.9+10.0.9+main.dcd20f30 starting: java version 17.0.14 by Ubuntu; OS Linux arch amd64 version 6.5.0-1025-azure
[06Mar2025 23:35:55.329] [main/DEBUG] [cpw.mods.modlauncher.LaunchServiceHandler/MODLAUNCHER]: Found launch services [fmlclientdev,forgeclient,minecraft,forgegametestserverdev,fmlserveruserdev,fmlclient,fmldatauserdev,forgeserverdev,forgeserveruserdev,forgeclientdev,forgeclientuserdev,forgeserver,forgedatadev,fmlserver,fmlclientuserdev,fmlserverdev,forgedatauserdev,testharness,forgegametestserveruserdev]
[06Mar2025 23:35:55.347] [main/DEBUG] [cpw.mods.modlauncher.NameMappingServiceHandler/MODLAUNCHER]: Found naming services : [srgtomcp]
[06Mar2025 23:35:55.363] [main/DEBUG] [cpw.mods.modlauncher.LaunchPluginHandler/MODLAUNCHER]: Found launch plugins: [mixin,eventbus,slf4jfixer,object_holder_definalize,runtime_enum_extender,capability_token_subclass,accesstransformer,runtimedistcleaner]
[06Mar2025 23:35:55.375] [main/DEBUG] [cpw.mods.modlauncher.TransformationServicesHandler/MODLAUNCHER]: Discovering transformation services
[06Mar2025 23:35:55.380] [main/DEBUG] [net.minecraftforge.fml.loading.FMLPaths/CORE]: Path GAMEDIR is /workspaces/manganeso/servidor_minecraft
[06Mar2025 23:35:55.381] [main/DEBUG] [net.minecraftforge.fml.loading.FMLPaths/CORE]: Path MODSDIR is /workspaces/manganeso/servidor_minecraft/mods
[06Mar2025 23:35:55.381] [main/DEBUG] [net.minecraftforge.fml.loading.FMLPaths/CORE]: Path CONFIGDIR is /workspaces/manganeso/servidor_minecraft/config
[06Mar2025 23:35:55.381] [main/DEBUG] [net.minecraftforge.fml.loading.FMLPaths/CORE]: Path FMLCONFIG is /workspaces/manganeso/servidor_minecraft/config/fml.toml
[06Mar2025 23:35:56.040] [main/DEBUG] [cpw.mods.modlauncher.TransformationServicesHandler/MODLAUNCHER]: Found additional transformation services from discovery services: 
[06Mar2025 23:35:56.051] [main/INFO] [net.minecraftforge.fml.loading.ImmediateWindowHandler/]: ImmediateWindowProvider not loading because launch target is forgeserver
[06Mar2025 23:35:56.066] [main/DEBUG] [cpw.mods.modlauncher.TransformationServicesHandler/MODLAUNCHER]: Found transformer services : [mixin,fml]
[06Mar2025 23:35:56.067] [main/DEBUG] [cpw.mods.modlauncher.TransformationServicesHandler/MODLAUNCHER]: Transformation services loading
[06Mar2025 23:35:56.068] [main/DEBUG] [cpw.mods.modlauncher.TransformationServiceDecorator/MODLAUNCHER]: Loading service mixin
[06Mar2025 23:35:56.068] [main/DEBUG] [cpw.mods.modlauncher.TransformationServiceDecorator/MODLAUNCHER]: Loaded service mixin
[06Mar2025 23:35:56.069] [main/DEBUG] [cpw.mods.modlauncher.TransformationServiceDecorator/MODLAUNCHER]: Loading service fml
[06Mar2025 23:35:56.070] [main/DEBUG] [net.minecraftforge.fml.loading.LauncherVersion/CORE]: Found FMLLauncher version 1.0
[06Mar2025 23:35:56.070] [main/DEBUG] [net.minecraftforge.fml.loading.FMLLoader/CORE]: FML 1.0 loading
[06Mar2025 23:35:56.070] [main/DEBUG] [net.minecraftforge.fml.loading.FMLLoader/CORE]: FML found ModLauncher version : 10.0.9+10.0.9+main.dcd20f30
[06Mar2025 23:35:56.071] [main/DEBUG] [net.minecraftforge.fml.loading.FMLLoader/CORE]: FML found AccessTransformer version : 8.0.4+66+master.c09db6d7
[06Mar2025 23:35:56.071] [main/DEBUG] [net.minecraftforge.fml.loading.FMLLoader/CORE]: FML found EventBus version : 6.0.5+6.0.5+master.eb8e549b
[06Mar2025 23:35:56.072] [main/DEBUG] [net.minecraftforge.fml.loading.FMLLoader/CORE]: Found Runtime Dist Cleaner
[06Mar2025 23:35:56.075] [main/DEBUG] [net.minecraftforge.fml.loading.FMLLoader/CORE]: FML found CoreMod version : 5.1.6
[06Mar2025 23:35:56.075] [main/DEBUG] [net.minecraftforge.fml.loading.FMLLoader/CORE]: Found ForgeSPI package implementation version 7.0.1+7.0.1+master.d2b38bf6
[06Mar2025 23:35:56.075] [main/DEBUG] [net.minecraftforge.fml.loading.FMLLoader/CORE]: Found ForgeSPI package specification 5
[06Mar2025 23:35:56.076] [main/DEBUG] [cpw.mods.modlauncher.TransformationServiceDecorator/MODLAUNCHER]: Loaded service fml
[06Mar2025 23:35:56.076] [main/DEBUG] [cpw.mods.modlauncher.TransformationServicesHandler/MODLAUNCHER]: Configuring option handling for services
[06Mar2025 23:35:56.088] [main/DEBUG] [cpw.mods.modlauncher.TransformationServicesHandler/MODLAUNCHER]: Transformation services initializing
[06Mar2025 23:35:56.089] [main/DEBUG] [cpw.mods.modlauncher.TransformationServiceDecorator/MODLAUNCHER]: Initializing transformation service mixin
[06Mar2025 23:35:56.113] [main/DEBUG] [mixin/]: MixinService [ModLauncher] was successfully booted in cpw.mods.cl.ModuleClassLoader@7a3d45bd
[06Mar2025 23:35:56.128] [main/INFO] [mixin/]: SpongePowered MIXIN Subsystem Version=0.8.5 Source=union:/workspaces/manganeso/servidor_minecraft/libraries/org/spongepowered/mixin/0.8.5/mixin-0.8.5.jar%2365!/ Service=ModLauncher Env=SERVER
[06Mar2025 23:35:56.133] [main/DEBUG] [mixin/]: Initialising Mixin Platform Manager
[06Mar2025 23:35:56.134] [main/DEBUG] [mixin/]: Adding mixin platform agents for container ModLauncher Root Container(ModLauncher:4f56a0a2)
[06Mar2025 23:35:56.137] [main/DEBUG] [mixin/]: Instancing new MixinPlatformAgentMinecraftForge for ModLauncher Root Container(ModLauncher:4f56a0a2)
[06Mar2025 23:35:56.137] [main/DEBUG] [mixin/]: MixinPlatformAgentMinecraftForge rejected container ModLauncher Root Container(ModLauncher:4f56a0a2)
[06Mar2025 23:35:56.138] [main/DEBUG] [mixin/]: Instancing new MixinPlatformAgentDefault for ModLauncher Root Container(ModLauncher:4f56a0a2)
[06Mar2025 23:35:56.139] [main/DEBUG] [mixin/]: MixinPlatformAgentDefault accepted container ModLauncher Root Container(ModLauncher:4f56a0a2)
[06Mar2025 23:35:56.141] [main/DEBUG] [cpw.mods.modlauncher.TransformationServiceDecorator/MODLAUNCHER]: Initialized transformation service mixin
[06Mar2025 23:35:56.141] [main/DEBUG] [cpw.mods.modlauncher.TransformationServiceDecorator/MODLAUNCHER]: Initializing transformation service fml
[06Mar2025 23:35:56.141] [main/DEBUG] [net.minecraftforge.fml.loading.FMLServiceProvider/CORE]: Setting up basic FML game directories
[06Mar2025 23:35:56.142] [main/DEBUG] [net.minecraftforge.fml.loading.FMLPaths/CORE]: Path GAMEDIR is /workspaces/manganeso/servidor_minecraft
[06Mar2025 23:35:56.142] [main/DEBUG] [net.minecraftforge.fml.loading.FMLPaths/CORE]: Path MODSDIR is /workspaces/manganeso/servidor_minecraft/mods
[06Mar2025 23:35:56.142] [main/DEBUG] [net.minecraftforge.fml.loading.FMLPaths/CORE]: Path CONFIGDIR is /workspaces/manganeso/servidor_minecraft/config
[06Mar2025 23:35:56.143] [main/DEBUG] [net.minecraftforge.fml.loading.FMLPaths/CORE]: Path FMLCONFIG is /workspaces/manganeso/servidor_minecraft/config/fml.toml
[06Mar2025 23:35:56.143] [main/DEBUG] [net.minecraftforge.fml.loading.FMLServiceProvider/CORE]: Loading configuration
[06Mar2025 23:35:56.148] [main/DEBUG] [net.minecraftforge.fml.loading.FMLServiceProvider/CORE]: Preparing ModFile
[06Mar2025 23:35:56.151] [main/DEBUG] [net.minecraftforge.fml.loading.FMLServiceProvider/CORE]: Preparing launch handler
[06Mar2025 23:35:56.152] [main/DEBUG] [net.minecraftforge.fml.loading.FMLLoader/CORE]: Using forgeserver as launch service
[06Mar2025 23:35:56.188] [main/DEBUG] [net.minecraftforge.fml.loading.FMLLoader/CORE]: Received command line version data  : VersionInfo[forgeVersion=47.3.7, mcVersion=1.20.1, mcpVersion=20230612.114412, forgeGroup=net.minecraftforge]
[06Mar2025 23:35:56.190] [main/DEBUG] [cpw.mods.modlauncher.TransformationServiceDecorator/MODLAUNCHER]: Initialized transformation service fml
[06Mar2025 23:35:56.190] [main/DEBUG] [cpw.mods.modlauncher.NameMappingServiceHandler/MODLAUNCHER]: Current naming domain is 'srg'
[06Mar2025 23:35:56.191] [main/DEBUG] [cpw.mods.modlauncher.NameMappingServiceHandler/MODLAUNCHER]: Identified name mapping providers {}
[06Mar2025 23:35:56.192] [main/DEBUG] [cpw.mods.modlauncher.TransformationServicesHandler/MODLAUNCHER]: Transformation services begin scanning
[06Mar2025 23:35:56.193] [main/DEBUG] [cpw.mods.modlauncher.TransformationServiceDecorator/MODLAUNCHER]: Beginning scan trigger - transformation service mixin
[06Mar2025 23:35:56.194] [main/DEBUG] [cpw.mods.modlauncher.TransformationServiceDecorator/MODLAUNCHER]: End scan trigger - transformation service mixin
[06Mar2025 23:35:56.195] [main/DEBUG] [cpw.mods.modlauncher.TransformationServiceDecorator/MODLAUNCHER]: Beginning scan trigger - transformation service fml
[06Mar2025 23:35:56.195] [main/DEBUG] [net.minecraftforge.fml.loading.FMLServiceProvider/CORE]: Initiating mod scan
[06Mar2025 23:35:56.208] [main/DEBUG] [net.minecraftforge.fml.loading.moddiscovery.ModListHandler/CORE]: Found mod coordinates from lists: []
[06Mar2025 23:35:56.211] [main/DEBUG] [net.minecraftforge.fml.loading.moddiscovery.ModDiscoverer/CORE]: Found Mod Locators : (mods folder:null),(maven libs:null),(exploded directory:null),(minecraft:null),(userdev classpath:null)
[06Mar2025 23:35:56.212] [main/DEBUG] [net.minecraftforge.fml.loading.moddiscovery.ModDiscoverer/CORE]: Found Dependency Locators : (JarInJar:null)
[06Mar2025 23:35:56.221] [main/DEBUG] [net.minecraftforge.fml.loading.moddiscovery.ModFileParser/LOADING]: Considering mod file candidate /workspaces/manganeso/servidor_minecraft/mods/alexsdelight-1.5.jar
[06Mar2025 23:35:56.268] [main/DEBUG] [net.minecraftforge.fml.loading.moddiscovery.ModFileInfo/LOADING]: Found valid mod file alexsdelight-1.5.jar with {alexsdelight} mods - versions {1.5}
[06Mar2025 23:35:56.272] [main/DEBUG] [net.minecraftforge.fml.loading.moddiscovery.ModFileParser/LOADING]: Considering mod file candidate /workspaces/manganeso/servidor_minecraft/mods/alexsmobs-1.22.9.jar
[06Mar2025 23:35:56.275] [main/DEBUG] [net.minecraftforge.fml.loading.moddiscovery.ModFileInfo/LOADING]: Found valid mod file alexsmobs-1.22.9.jar with {alexsmobs} mods - versions {1.22.9}
[06Mar2025 23:35:56.277] [main/DEBUG] [net.minecraftforge.fml.loading.moddiscovery.ModFileParser/LOADING]: Considering mod file candidate /workspaces/manganeso/servidor_minecraft/mods/ancient_golems-1.0.3-forge-1.20.1.jar
[06Mar2025 23:35:56.278] [main/DEBUG] [net.minecraftforge.fml.loading.moddiscovery.ModFileInfo/LOADING]: Found valid mod file ancient_golems-1.0.3-forge-1.20.1.jar with {ancient_golems} mods - versions {1.0.3}
[06Mar2025 23:35:56.279] [main/DEBUG] [net.minecraftforge.fml.loading.moddiscovery.ModFileParser/LOADING]: Considering mod file candidate /workspaces/manganeso/servidor_minecraft/mods/architectury-9.2.14-forge.jar
[06Mar2025 23:35:56.281] [main/DEBUG] [net.minecraftforge.fml.loading.moddiscovery.ModFileInfo/LOADING]: Found valid mod file architectury-9.2.14-forge.jar with {architectury} mods - versions {9.2.14}
[06Mar2025 23:35:56.281] [main/DEBUG] [net.minecraftforge.fml.loading.moddiscovery.ModFileParser/LOADING]: Considering mod file candidate /workspaces/manganeso/servidor_minecraft/mods/astikorcarts-1.20.1-1.1.8.jar
[06Mar2025 23:35:56.284] [main/DEBUG] [net.minecraftforge.fml.loading.moddiscovery.ModFileInfo/LOADING]: Found valid mod file astikorcarts-1.20.1-1.1.8.jar with {astikorcarts} mods - versions {1.1.8}
[06Mar2025 23:35:56.289] [main/DEBUG] [net.minecraftforge.fml.loading.moddiscovery.ModFileParser/LOADING]: Considering mod file candidate /workspaces/manganeso/servidor_minecraft/mods/backpacked-forge-1.20.1-3.0.0-beta.9.jar
[06Mar2025 23:35:56.292] [main/DEBUG] [net.minecraftforge.fml.loading.moddiscovery.ModFileInfo/LOADING]: Found valid mod file backpacked-forge-1.20.1-3.0.0-beta.9.jar with {backpacked} mods - versions {3.0.0-beta.9}
[06Mar2025 23:35:56.300] [main/DEBUG] [net.minecraftforge.fml.loading.moddiscovery.ModFileParser/LOADING]: Considering mod file candidate /workspaces/manganeso/servidor_minecraft/mods/butcher-2.9-forge-1.20.1.jar
[06Mar2025 23:35:56.305] [main/DEBUG] [net.minecraftforge.fml.loading.moddiscovery.ModFileInfo/LOADING]: Found valid mod file butcher-2.9-forge-1.20.1.jar with {butcher} mods - versions {2.9}
[06Mar2025 23:35:56.306] [main/DEBUG] [net.minecraftforge.fml.loading.moddiscovery.ModFileParser/LOADING]: Considering mod file candidate /workspaces/manganeso/servidor_minecraft/mods/canary-mc1.20.1-0.3.3.jar
[06Mar2025 23:35:56.310] [main/DEBUG] [net.minecraftforge.fml.loading.moddiscovery.ModFileInfo/LOADING]: Found valid mod file canary-mc1.20.1-0.3.3.jar with {canary} mods - versions {0.3.3}
[06Mar2025 23:35:56.312] [main/DEBUG] [net.minecraftforge.fml.loading.moddiscovery.ModFileParser/LOADING]: Considering mod file candidate /workspaces/manganeso/servidor_minecraft/mods/citadel-2.6.0-1.20.1.jar
[06Mar2025 23:35:56.315] [main/DEBUG] [net.minecraftforge.fml.loading.moddiscovery.ModFileInfo/LOADING]: Found valid mod file citadel-2.6.0-1.20.1.jar with {citadel} mods - versions {2.6.0}
[06Mar2025 23:35:56.318] [main/DEBUG] [net.minecraftforge.fml.loading.moddiscovery.ModFileParser/LOADING]: Considering mod file candidate /workspaces/manganeso/servidor_minecraft/mods/cosmeticarmorreworked-1.20.1-v1a.jar
[06Mar2025 23:35:56.319] [main/DEBUG] [net.minecraftforge.fml.loading.moddiscovery.ModFileInfo/LOADING]: Found valid mod file cosmeticarmorreworked-1.20.1-v1a.jar with {cosmeticarmorreworked} mods - versions {1.20.1-v1a}
[06Mar2025 23:35:56.320] [main/DEBUG] [net.minecraftforge.fml.loading.moddiscovery.ModFileParser/LOADING]: Considering mod file candidate /workspaces/manganeso/servidor_minecraft/mods/curios-forge-5.11.0+1.20.1.jar
[06Mar2025 23:35:56.324] [main/DEBUG] [net.minecraftforge.fml.loading.moddiscovery.ModFileInfo/LOADING]: Found valid mod file curios-forge-5.11.0+1.20.1.jar with {curios} mods - versions {5.11.0+1.20.1}
[06Mar2025 23:35:56.325] [main/DEBUG] [net.minecraftforge.fml.loading.moddiscovery.ModFileParser/LOADING]: Considering mod file candidate /workspaces/manganeso/servidor_minecraft/mods/decentbiomes 1.20.1 forge.jar
[06Mar2025 23:35:56.327] [main/DEBUG] [net.minecraftforge.fml.loading.moddiscovery.ModFileInfo/LOADING]: Found valid mod file decentbiomes 1.20.1 forge.jar with {decent_biomes} mods - versions {1.0.0}
[06Mar2025 23:35:56.328] [main/DEBUG] [net.minecraftforge.fml.loading.moddiscovery.ModFileParser/LOADING]: Considering mod file candidate /workspaces/manganeso/servidor_minecraft/mods/displaydelight-0.0.1-lite.jar
[06Mar2025 23:35:56.331] [main/DEBUG] [net.minecraftforge.fml.loading.moddiscovery.ModFileInfo/LOADING]: Found valid mod file displaydelight-0.0.1-lite.jar with {displaydelight} mods - versions {0.0.1-lite}
[06Mar2025 23:35:56.332] [main/DEBUG] [net.minecraftforge.fml.loading.moddiscovery.ModFileParser/LOADING]: Considering mod file candidate /workspaces/manganeso/servidor_minecraft/mods/duclib-1.20-1.1.4.jar
[06Mar2025 23:35:56.334] [main/DEBUG] [net.minecraftforge.fml.loading.moddiscovery.ModFileInfo/LOADING]: Found valid mod file duclib-1.20-1.1.4.jar with {duclib} mods - versions {1.1.4}
[06Mar2025 23:35:56.336] [main/DEBUG] [net.minecraftforge.fml.loading.moddiscovery.ModFileParser/LOADING]: Considering mod file candidate /workspaces/manganeso/servidor_minecraft/mods/FarmersDelight-1.20.1-1.2.4.jar
[06Mar2025 23:35:56.338] [main/DEBUG] [net.minecraftforge.fml.loading.moddiscovery.ModFileInfo/LOADING]: Found valid mod file FarmersDelight-1.20.1-1.2.4.jar with {farmersdelight} mods - versions {1.20.1-1.2.4}
[06Mar2025 23:35:56.349] [main/DEBUG] [net.minecraftforge.fml.loading.moddiscovery.ModFileParser/LOADING]: Considering mod file candidate /workspaces/manganeso/servidor_minecraft/mods/ferritecore-6.0.1-forge.jar
[06Mar2025 23:35:56.350] [main/DEBUG] [net.minecraftforge.fml.loading.moddiscovery.ModFileInfo/LOADING]: Found valid mod file ferritecore-6.0.1-forge.jar with {ferritecore} mods - versions {6.0.1}
[06Mar2025 23:35:56.357] [main/DEBUG] [net.minecraftforge.fml.loading.moddiscovery.ModFileParser/LOADING]: Considering mod file candidate /workspaces/manganeso/servidor_minecraft/mods/framework-forge-1.20.1-0.7.11.jar
[06Mar2025 23:35:56.359] [main/DEBUG] [net.minecraftforge.fml.loading.moddiscovery.ModFileInfo/LOADING]: Found valid mod file framework-forge-1.20.1-0.7.11.jar with {framework} mods - versions {0.7.11}
[06Mar2025 23:35:56.363] [main/DEBUG] [net.minecraftforge.fml.loading.moddiscovery.ModFileParser/LOADING]: Considering mod file candidate /workspaces/manganeso/servidor_minecraft/mods/geckolib-forge-1.20.1-4.7.jar
[06Mar2025 23:35:56.364] [main/DEBUG] [net.minecraftforge.fml.loading.moddiscovery.ModFileInfo/LOADING]: Found valid mod file geckolib-forge-1.20.1-4.7.jar with {geckolib} mods - versions {4.7}
[06Mar2025 23:35:56.368] [main/DEBUG] [net.minecraftforge.fml.loading.moddiscovery.ModFileParser/LOADING]: Considering mod file candidate /workspaces/manganeso/servidor_minecraft/mods/gnumus_settlement_[Forge]1.20.1_v1.0.jar
[06Mar2025 23:35:56.369] [main/DEBUG] [net.minecraftforge.fml.loading.moddiscovery.ModFileInfo/LOADING]: Found valid mod file gnumus_settlement_[Forge]1.20.1_v1.0.jar with {gnumus} mods - versions {1.0.0}
[06Mar2025 23:35:56.371] [main/DEBUG] [net.minecraftforge.fml.loading.moddiscovery.ModFileParser/LOADING]: Considering mod file candidate /workspaces/manganeso/servidor_minecraft/mods/goblins_tyranny-1.2.3-forge-1.20.1.jar
[06Mar2025 23:35:56.372] [main/DEBUG] [net.minecraftforge.fml.loading.moddiscovery.ModFileInfo/LOADING]: Found valid mod file goblins_tyranny-1.2.3-forge-1.20.1.jar with {goblins_tyranny} mods - versions {1.2.3}
[06Mar2025 23:35:56.373] [main/DEBUG] [net.minecraftforge.fml.loading.moddiscovery.ModFileParser/LOADING]: Considering mod file candidate /workspaces/manganeso/servidor_minecraft/mods/gravestone-forge-1.20.1-1.0.21.jar
[06Mar2025 23:35:56.374] [main/DEBUG] [net.minecraftforge.fml.loading.moddiscovery.ModFileInfo/LOADING]: Found valid mod file gravestone-forge-1.20.1-1.0.21.jar with {gravestone} mods - versions {1.20.1-1.0.21}
[06Mar2025 23:35:56.375] [main/DEBUG] [net.minecraftforge.fml.loading.moddiscovery.ModFileParser/LOADING]: Considering mod file candidate /workspaces/manganeso/servidor_minecraft/mods/Jade-1.20.1-forge-11.11.1.jar
[06Mar2025 23:35:56.377] [main/DEBUG] [net.minecraftforge.fml.loading.moddiscovery.ModFileInfo/LOADING]: Found valid mod file Jade-1.20.1-forge-11.11.1.jar with {jade} mods - versions {11.11.1+forge}
[06Mar2025 23:35:56.378] [main/DEBUG] [net.minecraftforge.fml.loading.moddiscovery.ModFileParser/LOADING]: Considering mod file candidate /workspaces/manganeso/servidor_minecraft/mods/jei-1.20.1-forge-15.20.0.102.jar
[06Mar2025 23:35:56.380] [main/DEBUG] [net.minecraftforge.fml.loading.moddiscovery.ModFileInfo/LOADING]: Found valid mod file jei-1.20.1-forge-15.20.0.102.jar with {jei} mods - versions {15.20.0.102}
[06Mar2025 23:35:56.381] [main/DEBUG] [net.minecraftforge.fml.loading.moddiscovery.ModFileParser/LOADING]: Considering mod file candidate /workspaces/manganeso/servidor_minecraft/mods/letsdo-API-forge-1.2.15-forge.jar
[06Mar2025 23:35:56.382] [main/DEBUG] [net.minecraftforge.fml.loading.moddiscovery.ModFileInfo/LOADING]: Found valid mod file letsdo-API-forge-1.2.15-forge.jar with {doapi,terraform} mods - versions {1.2.15,7.0.1}
[06Mar2025 23:35:56.384] [main/DEBUG] [net.minecraftforge.fml.loading.moddiscovery.ModFileParser/LOADING]: Considering mod file candidate /workspaces/manganeso/servidor_minecraft/mods/letsdo-farm_and_charm-forge-1.0.6.jar
[06Mar2025 23:35:56.384] [main/DEBUG] [net.minecraftforge.fml.loading.moddiscovery.ModFileInfo/LOADING]: Found valid mod file letsdo-farm_and_charm-forge-1.0.6.jar with {farm_and_charm} mods - versions {1.0.6}
[06Mar2025 23:35:56.386] [main/DEBUG] [net.minecraftforge.fml.loading.moddiscovery.ModFileParser/LOADING]: Considering mod file candidate /workspaces/manganeso/servidor_minecraft/mods/letsdo-vinery-forge-1.4.38.jar
[06Mar2025 23:35:56.387] [main/DEBUG] [net.minecraftforge.fml.loading.moddiscovery.ModFileInfo/LOADING]: Found valid mod file letsdo-vinery-forge-1.4.38.jar with {vinery} mods - versions {1.4.38}
[06Mar2025 23:35:56.388] [main/DEBUG] [net.minecraftforge.fml.loading.moddiscovery.ModFileParser/LOADING]: Considering mod file candidate /workspaces/manganeso/servidor_minecraft/mods/lootr-forge-1.20-0.7.35.90.jar
[06Mar2025 23:35:56.389] [main/DEBUG] [net.minecraftforge.fml.loading.moddiscovery.ModFileInfo/LOADING]: Found valid mod file lootr-forge-1.20-0.7.35.90.jar with {lootr} mods - versions {0.7.35.90}
[06Mar2025 23:35:56.390] [main/DEBUG] [net.minecraftforge.fml.loading.moddiscovery.ModFileParser/LOADING]: Considering mod file candidate /workspaces/manganeso/servidor_minecraft/mods/lukis-grand-capitals-1.0.jar
[06Mar2025 23:35:56.390] [main/DEBUG] [net.minecraftforge.fml.loading.moddiscovery.ModFileInfo/LOADING]: Found valid mod file lukis-grand-capitals-1.0.jar with {mr_lukis_grandcapitals} mods - versions {1.0}
[06Mar2025 23:35:56.391] [main/DEBUG] [net.minecraftforge.fml.loading.moddiscovery.ModFileParser/LOADING]: Considering mod file candidate /workspaces/manganeso/servidor_minecraft/mods/modernfix-forge-5.19.4+mc1.20.1.jar
[06Mar2025 23:35:56.392] [main/DEBUG] [net.minecraftforge.fml.loading.moddiscovery.ModFileInfo/LOADING]: Found valid mod file modernfix-forge-5.19.4+mc1.20.1.jar with {modernfix} mods - versions {5.19.4+mc1.20.1}
[06Mar2025 23:35:56.393] [main/DEBUG] [net.minecraftforge.fml.loading.moddiscovery.ModFileParser/LOADING]: Considering mod file candidate /workspaces/manganeso/servidor_minecraft/mods/moremobvariants-forge+1.20.1-1.3.0.1.jar
[06Mar2025 23:35:56.394] [main/DEBUG] [net.minecraftforge.fml.loading.moddiscovery.ModFileInfo/LOADING]: Found valid mod file moremobvariants-forge+1.20.1-1.3.0.1.jar with {moremobvariants} mods - versions {1.3.0.1}
[06Mar2025 23:35:56.395] [main/DEBUG] [net.minecraftforge.fml.loading.moddiscovery.ModFileParser/LOADING]: Considering mod file candidate /workspaces/manganeso/servidor_minecraft/mods/mvs-4.1.4-1.20-forge.jar
[06Mar2025 23:35:56.396] [main/DEBUG] [net.minecraftforge.fml.loading.moddiscovery.ModFileInfo/LOADING]: Found valid mod file mvs-4.1.4-1.20-forge.jar with {mvs} mods - versions {4.1.4-1.20-forge}
[06Mar2025 23:35:56.398] [main/DEBUG] [net.minecraftforge.fml.loading.moddiscovery.ModFileParser/LOADING]: Considering mod file candidate /workspaces/manganeso/servidor_minecraft/mods/mysticsbiomes-1.20.1-3.4.2.jar
[06Mar2025 23:35:56.399] [main/DEBUG] [net.minecraftforge.fml.loading.moddiscovery.ModFileInfo/LOADING]: Found valid mod file mysticsbiomes-1.20.1-3.4.2.jar with {mysticsbiomes} mods - versions {3.4.2}
[06Mar2025 23:35:56.400] [main/DEBUG] [net.minecraftforge.fml.loading.moddiscovery.ModFileParser/LOADING]: Considering mod file candidate /workspaces/manganeso/servidor_minecraft/mods/Paraglider-forge-20.1.3.jar
[06Mar2025 23:35:56.401] [main/DEBUG] [net.minecraftforge.fml.loading.moddiscovery.ModFileInfo/LOADING]: Found valid mod file Paraglider-forge-20.1.3.jar with {paraglider} mods - versions {20.1.3}
[06Mar2025 23:35:56.402] [main/DEBUG] [net.minecraftforge.fml.loading.moddiscovery.ModFileParser/LOADING]: Considering mod file candidate /workspaces/manganeso/servidor_minecraft/mods/Patchouli-1.20.1-84-FORGE.jar
[06Mar2025 23:35:56.403] [main/DEBUG] [net.minecraftforge.fml.loading.moddiscovery.ModFileInfo/LOADING]: Found valid mod file Patchouli-1.20.1-84-FORGE.jar with {patchouli} mods - versions {1.20.1-84-FORGE}
[06Mar2025 23:35:56.405] [main/DEBUG] [net.minecraftforge.fml.loading.moddiscovery.ModFileParser/LOADING]: Considering mod file candidate /workspaces/manganeso/servidor_minecraft/mods/plenty_of_golems-1.4.2-forge-1.20.1.jar
[06Mar2025 23:35:56.406] [main/DEBUG] [net.minecraftforge.fml.loading.moddiscovery.ModFileInfo/LOADING]: Found valid mod file plenty_of_golems-1.4.2-forge-1.20.1.jar with {plenty_of_golems} mods - versions {1.4.2}
[06Mar2025 23:35:56.407] [main/DEBUG] [net.minecraftforge.fml.loading.moddiscovery.ModFileParser/LOADING]: Considering mod file candidate /workspaces/manganeso/servidor_minecraft/mods/recrafted_creatures-1.4.5-1.20.1.jar
[06Mar2025 23:35:56.408] [main/DEBUG] [net.minecraftforge.fml.loading.moddiscovery.ModFileInfo/LOADING]: Found valid mod file recrafted_creatures-1.4.5-1.20.1.jar with {recrafted_creatures} mods - versions {1.4.5-1.20.1}
[06Mar2025 23:35:56.475] [main/DEBUG] [net.minecraftforge.fml.loading.moddiscovery.ModFileParser/LOADING]: Considering mod file candidate /workspaces/manganeso/servidor_minecraft/mods/refurbished_furniture-forge-1.20.1-1.0.6.jar
[06Mar2025 23:35:56.476] [main/DEBUG] [net.minecraftforge.fml.loading.moddiscovery.ModFileInfo/LOADING]: Found valid mod file refurbished_furniture-forge-1.20.1-1.0.6.jar with {refurbished_furniture} mods - versions {1.0.6}
[06Mar2025 23:35:56.477] [main/DEBUG] [net.minecraftforge.fml.loading.moddiscovery.ModFileParser/LOADING]: Considering mod file candidate /workspaces/manganeso/servidor_minecraft/mods/Ribbits-1.20.1-Forge-3.0.2.jar
[06Mar2025 23:35:56.478] [main/DEBUG] [net.minecraftforge.fml.loading.moddiscovery.ModFileInfo/LOADING]: Found valid mod file Ribbits-1.20.1-Forge-3.0.2.jar with {ribbits} mods - versions {1.20.1-Forge-3.0.2}
[06Mar2025 23:35:56.479] [main/DEBUG] [net.minecraftforge.fml.loading.moddiscovery.ModFileParser/LOADING]: Considering mod file candidate /workspaces/manganeso/servidor_minecraft/mods/Special Drops 1.0.0 - 1.20.1.jar
[06Mar2025 23:35:56.480] [main/DEBUG] [net.minecraftforge.fml.loading.moddiscovery.ModFileInfo/LOADING]: Found valid mod file Special Drops 1.0.0 - 1.20.1.jar with {special_drops} mods - versions {1.0.0}
[06Mar2025 23:35:56.480] [main/DEBUG] [net.minecraftforge.fml.loading.moddiscovery.ModFileParser/LOADING]: Considering mod file candidate /workspaces/manganeso/servidor_minecraft/mods/TerraBlender-forge-1.20.1-3.0.1.7.jar
[06Mar2025 23:35:56.481] [main/DEBUG] [net.minecraftforge.fml.loading.moddiscovery.ModFileInfo/LOADING]: Found valid mod file TerraBlender-forge-1.20.1-3.0.1.7.jar with {terrablender} mods - versions {3.0.1.7}
[06Mar2025 23:35:56.482] [main/DEBUG] [net.minecraftforge.fml.loading.moddiscovery.ModFileParser/LOADING]: Considering mod file candidate /workspaces/manganeso/servidor_minecraft/mods/Xaeros_Minimap_25.0.0_Forge_1.20.jar
[06Mar2025 23:35:56.483] [main/DEBUG] [net.minecraftforge.fml.loading.moddiscovery.ModFileInfo/LOADING]: Found valid mod file Xaeros_Minimap_25.0.0_Forge_1.20.jar with {xaerominimap} mods - versions {25.0.0}
[06Mar2025 23:35:56.484] [main/DEBUG] [net.minecraftforge.fml.loading.moddiscovery.ModFileParser/LOADING]: Considering mod file candidate /workspaces/manganeso/servidor_minecraft/mods/YungsApi-1.20-Forge-4.0.6.jar
[06Mar2025 23:35:56.485] [main/DEBUG] [net.minecraftforge.fml.loading.moddiscovery.ModFileInfo/LOADING]: Found valid mod file YungsApi-1.20-Forge-4.0.6.jar with {yungsapi} mods - versions {1.20-Forge-4.0.6}
[06Mar2025 23:35:56.617] [main/DEBUG] [net.minecraftforge.fml.loading.moddiscovery.ModFileInfo/LOADING]: Found valid mod file server-1.20.1-20230612.114412-srg.jar with {minecraft} mods - versions {1.20.1}
[06Mar2025 23:35:56.621] [main/DEBUG] [net.minecraftforge.fml.loading.moddiscovery.ModFileParser/LOADING]: Considering mod file candidate /workspaces/manganeso/servidor_minecraft/libraries/net/minecraftforge/fmlcore/1.20.1-47.3.7/fmlcore-1.20.1-47.3.7.jar
[06Mar2025 23:35:56.621] [main/WARN] [net.minecraftforge.fml.loading.moddiscovery.ModFileParser/LOADING]: Mod file /workspaces/manganeso/servidor_minecraft/libraries/net/minecraftforge/fmlcore/1.20.1-47.3.7/fmlcore-1.20.1-47.3.7.jar is missing mods.toml file
[06Mar2025 23:35:56.624] [main/DEBUG] [net.minecraftforge.fml.loading.moddiscovery.ModFileParser/LOADING]: Considering mod file candidate /workspaces/manganeso/servidor_minecraft/libraries/net/minecraftforge/javafmllanguage/1.20.1-47.3.7/javafmllanguage-1.20.1-47.3.7.jar
[06Mar2025 23:35:56.625] [main/WARN] [net.minecraftforge.fml.loading.moddiscovery.ModFileParser/LOADING]: Mod file /workspaces/manganeso/servidor_minecraft/libraries/net/minecraftforge/javafmllanguage/1.20.1-47.3.7/javafmllanguage-1.20.1-47.3.7.jar is missing mods.toml file
[06Mar2025 23:35:56.626] [main/DEBUG] [net.minecraftforge.fml.loading.moddiscovery.ModFileParser/LOADING]: Considering mod file candidate /workspaces/manganeso/servidor_minecraft/libraries/net/minecraftforge/lowcodelanguage/1.20.1-47.3.7/lowcodelanguage-1.20.1-47.3.7.jar
[06Mar2025 23:35:56.626] [main/WARN] [net.minecraftforge.fml.loading.moddiscovery.ModFileParser/LOADING]: Mod file /workspaces/manganeso/servidor_minecraft/libraries/net/minecraftforge/lowcodelanguage/1.20.1-47.3.7/lowcodelanguage-1.20.1-47.3.7.jar is missing mods.toml file
[06Mar2025 23:35:56.628] [main/DEBUG] [net.minecraftforge.fml.loading.moddiscovery.ModFileParser/LOADING]: Considering mod file candidate /workspaces/manganeso/servidor_minecraft/libraries/net/minecraftforge/mclanguage/1.20.1-47.3.7/mclanguage-1.20.1-47.3.7.jar
[06Mar2025 23:35:56.629] [main/WARN] [net.minecraftforge.fml.loading.moddiscovery.ModFileParser/LOADING]: Mod file /workspaces/manganeso/servidor_minecraft/libraries/net/minecraftforge/mclanguage/1.20.1-47.3.7/mclanguage-1.20.1-47.3.7.jar is missing mods.toml file
[06Mar2025 23:35:56.687] [main/DEBUG] [net.minecraftforge.fml.loading.moddiscovery.ModFileParser/LOADING]: Considering mod file candidate /workspaces/manganeso/servidor_minecraft/libraries/net/minecraftforge/forge/1.20.1-47.3.7/forge-1.20.1-47.3.7-universal.jar
[06Mar2025 23:35:56.688] [main/DEBUG] [net.minecraftforge.fml.loading.moddiscovery.ModFileInfo/LOADING]: Found valid mod file forge-1.20.1-47.3.7-universal.jar with {forge} mods - versions {47.3.7}
[06Mar2025 23:35:56.703] [main/DEBUG] [net.minecraftforge.fml.loading.moddiscovery.AbstractJarFileDependencyLocator/]: Failed to load resource META-INF/jarjar/metadata.json from server-1.20.1-20230612.114412-srg.jar, it does not contain dependency information.
[06Mar2025 23:35:56.704] [main/DEBUG] [net.minecraftforge.fml.loading.moddiscovery.AbstractJarFileDependencyLocator/]: Failed to load resource META-INF/jarjar/metadata.json from FarmersDelight-1.20.1-1.2.4.jar, it does not contain dependency information.
[06Mar2025 23:35:56.704] [main/DEBUG] [net.minecraftforge.fml.loading.moddiscovery.AbstractJarFileDependencyLocator/]: Failed to load resource META-INF/jarjar/metadata.json from TerraBlender-forge-1.20.1-3.0.1.7.jar, it does not contain dependency information.
[06Mar2025 23:35:56.704] [main/DEBUG] [net.minecraftforge.fml.loading.moddiscovery.AbstractJarFileDependencyLocator/]: Failed to load resource META-INF/jarjar/metadata.json from alexsmobs-1.22.9.jar, it does not contain dependency information.
[06Mar2025 23:35:56.704] [main/DEBUG] [net.minecraftforge.fml.loading.moddiscovery.AbstractJarFileDependencyLocator/]: Failed to load resource META-INF/jarjar/metadata.json from Jade-1.20.1-forge-11.11.1.jar, it does not contain dependency information.
[06Mar2025 23:35:56.705] [main/DEBUG] [net.minecraftforge.fml.loading.moddiscovery.AbstractJarFileDependencyLocator/]: Failed to load resource META-INF/jarjar/metadata.json from butcher-2.9-forge-1.20.1.jar, it does not contain dependency information.
[06Mar2025 23:35:56.705] [main/DEBUG] [net.minecraftforge.fml.loading.moddiscovery.AbstractJarFileDependencyLocator/]: Failed to load resource META-INF/jarjar/metadata.json from displaydelight-0.0.1-lite.jar, it does not contain dependency information.
[06Mar2025 23:35:56.705] [main/DEBUG] [net.minecraftforge.fml.loading.moddiscovery.AbstractJarFileDependencyLocator/]: Failed to load resource META-INF/jarjar/metadata.json from jei-1.20.1-forge-15.20.0.102.jar, it does not contain dependency information.
[06Mar2025 23:35:56.705] [main/DEBUG] [net.minecraftforge.fml.loading.moddiscovery.AbstractJarFileDependencyLocator/]: Failed to load resource META-INF/jarjar/metadata.json from duclib-1.20-1.1.4.jar, it does not contain dependency information.
[06Mar2025 23:35:56.706] [main/DEBUG] [net.minecraftforge.fml.loading.moddiscovery.AbstractJarFileDependencyLocator/]: Failed to load resource META-INF/jarjar/metadata.json from Special Drops 1.0.0 - 1.20.1.jar, it does not contain dependency information.
[06Mar2025 23:35:56.706] [main/DEBUG] [net.minecraftforge.fml.loading.moddiscovery.AbstractJarFileDependencyLocator/]: Failed to load resource META-INF/jarjar/metadata.json from recrafted_creatures-1.4.5-1.20.1.jar, it does not contain dependency information.
[06Mar2025 23:35:56.706] [main/DEBUG] [net.minecraftforge.fml.loading.moddiscovery.AbstractJarFileDependencyLocator/]: Failed to load resource META-INF/jarjar/metadata.json from astikorcarts-1.20.1-1.1.8.jar, it does not contain dependency information.
[06Mar2025 23:35:56.706] [main/DEBUG] [net.minecraftforge.fml.loading.moddiscovery.AbstractJarFileDependencyLocator/]: Failed to load resource META-INF/jarjar/metadata.json from gnumus_settlement_[Forge]1.20.1_v1.0.jar, it does not contain dependency information.
[06Mar2025 23:35:56.707] [main/DEBUG] [net.minecraftforge.fml.loading.moddiscovery.AbstractJarFileDependencyLocator/]: Failed to load resource META-INF/jarjar/metadata.json from Ribbits-1.20.1-Forge-3.0.2.jar, it does not contain dependency information.
[06Mar2025 23:35:56.707] [main/DEBUG] [net.minecraftforge.fml.loading.moddiscovery.AbstractJarFileDependencyLocator/]: Failed to load resource META-INF/jarjar/metadata.json from curios-forge-5.11.0+1.20.1.jar, it does not contain dependency information.
[06Mar2025 23:35:56.707] [main/DEBUG] [net.minecraftforge.fml.loading.moddiscovery.AbstractJarFileDependencyLocator/]: Failed to load resource META-INF/jarjar/metadata.json from Patchouli-1.20.1-84-FORGE.jar, it does not contain dependency information.
[06Mar2025 23:35:56.707] [main/DEBUG] [net.minecraftforge.fml.loading.moddiscovery.AbstractJarFileDependencyLocator/]: Failed to load resource META-INF/jarjar/metadata.json from Xaeros_Minimap_25.0.0_Forge_1.20.jar, it does not contain dependency information.
[06Mar2025 23:35:56.708] [main/DEBUG] [net.minecraftforge.fml.loading.moddiscovery.AbstractJarFileDependencyLocator/]: Failed to load resource META-INF/jarjar/metadata.json from gravestone-forge-1.20.1-1.0.21.jar, it does not contain dependency information.
[06Mar2025 23:35:56.708] [main/DEBUG] [net.minecraftforge.fml.loading.moddiscovery.AbstractJarFileDependencyLocator/]: Failed to load resource META-INF/jarjar/metadata.json from citadel-2.6.0-1.20.1.jar, it does not contain dependency information.
[06Mar2025 23:35:56.708] [main/DEBUG] [net.minecraftforge.fml.loading.moddiscovery.AbstractJarFileDependencyLocator/]: Failed to load resource META-INF/jarjar/metadata.json from YungsApi-1.20-Forge-4.0.6.jar, it does not contain dependency information.
[06Mar2025 23:35:56.708] [main/DEBUG] [net.minecraftforge.fml.loading.moddiscovery.AbstractJarFileDependencyLocator/]: Failed to load resource META-INF/jarjar/metadata.json from backpacked-forge-1.20.1-3.0.0-beta.9.jar, it does not contain dependency information.
[06Mar2025 23:35:56.709] [main/DEBUG] [net.minecraftforge.fml.loading.moddiscovery.AbstractJarFileDependencyLocator/]: Failed to load resource META-INF/jarjar/metadata.json from canary-mc1.20.1-0.3.3.jar, it does not contain dependency information.
[06Mar2025 23:35:56.709] [main/DEBUG] [net.minecraftforge.fml.loading.moddiscovery.AbstractJarFileDependencyLocator/]: Failed to load resource META-INF/jarjar/metadata.json from lukis-grand-capitals-1.0.jar, it does not contain dependency information.
[06Mar2025 23:35:56.709] [main/DEBUG] [net.minecraftforge.fml.loading.moddiscovery.AbstractJarFileDependencyLocator/]: Failed to load resource META-INF/jarjar/metadata.json from letsdo-vinery-forge-1.4.38.jar, it does not contain dependency information.
[06Mar2025 23:35:56.709] [main/DEBUG] [net.minecraftforge.fml.loading.moddiscovery.AbstractJarFileDependencyLocator/]: Failed to load resource META-INF/jarjar/metadata.json from mvs-4.1.4-1.20-forge.jar, it does not contain dependency information.
[06Mar2025 23:35:56.710] [main/DEBUG] [net.minecraftforge.fml.loading.moddiscovery.AbstractJarFileDependencyLocator/]: Failed to load resource META-INF/jarjar/metadata.json from architectury-9.2.14-forge.jar, it does not contain dependency information.
[06Mar2025 23:35:56.710] [main/DEBUG] [net.minecraftforge.fml.loading.moddiscovery.AbstractJarFileDependencyLocator/]: Failed to load resource META-INF/jarjar/metadata.json from alexsdelight-1.5.jar, it does not contain dependency information.
[06Mar2025 23:35:56.710] [main/DEBUG] [net.minecraftforge.fml.loading.moddiscovery.AbstractJarFileDependencyLocator/]: Failed to load resource META-INF/jarjar/metadata.json from moremobvariants-forge+1.20.1-1.3.0.1.jar, it does not contain dependency information.
[06Mar2025 23:35:56.710] [main/DEBUG] [net.minecraftforge.fml.loading.moddiscovery.AbstractJarFileDependencyLocator/]: Failed to load resource META-INF/jarjar/metadata.json from lootr-forge-1.20-0.7.35.90.jar, it does not contain dependency information.
[06Mar2025 23:35:56.711] [main/DEBUG] [net.minecraftforge.fml.loading.moddiscovery.AbstractJarFileDependencyLocator/]: Failed to load resource META-INF/jarjar/metadata.json from ferritecore-6.0.1-forge.jar, it does not contain dependency information.
[06Mar2025 23:35:56.712] [main/DEBUG] [net.minecraftforge.fml.loading.moddiscovery.AbstractJarFileDependencyLocator/]: Failed to load resource META-INF/jarjar/metadata.json from ancient_golems-1.0.3-forge-1.20.1.jar, it does not contain dependency information.
[06Mar2025 23:35:56.712] [main/DEBUG] [net.minecraftforge.fml.loading.moddiscovery.AbstractJarFileDependencyLocator/]: Failed to load resource META-INF/jarjar/metadata.json from refurbished_furniture-forge-1.20.1-1.0.6.jar, it does not contain dependency information.
[06Mar2025 23:35:56.712] [main/DEBUG] [net.minecraftforge.fml.loading.moddiscovery.AbstractJarFileDependencyLocator/]: Failed to load resource META-INF/jarjar/metadata.json from decentbiomes 1.20.1 forge.jar, it does not contain dependency information.
[06Mar2025 23:35:56.712] [main/DEBUG] [net.minecraftforge.fml.loading.moddiscovery.AbstractJarFileDependencyLocator/]: Failed to load resource META-INF/jarjar/metadata.json from mysticsbiomes-1.20.1-3.4.2.jar, it does not contain dependency information.
[06Mar2025 23:35:56.713] [main/DEBUG] [net.minecraftforge.fml.loading.moddiscovery.AbstractJarFileDependencyLocator/]: Failed to load resource META-INF/jarjar/metadata.json from framework-forge-1.20.1-0.7.11.jar, it does not contain dependency information.
[06Mar2025 23:35:56.713] [main/DEBUG] [net.minecraftforge.fml.loading.moddiscovery.AbstractJarFileDependencyLocator/]: Failed to load resource META-INF/jarjar/metadata.json from Paraglider-forge-20.1.3.jar, it does not contain dependency information.
[06Mar2025 23:35:56.713] [main/DEBUG] [net.minecraftforge.fml.loading.moddiscovery.AbstractJarFileDependencyLocator/]: Failed to load resource META-INF/jarjar/metadata.json from goblins_tyranny-1.2.3-forge-1.20.1.jar, it does not contain dependency information.
[06Mar2025 23:35:56.714] [main/DEBUG] [net.minecraftforge.fml.loading.moddiscovery.AbstractJarFileDependencyLocator/]: Failed to load resource META-INF/jarjar/metadata.json from forge-1.20.1-47.3.7-universal.jar, it does not contain dependency information.
[06Mar2025 23:35:56.714] [main/DEBUG] [net.minecraftforge.fml.loading.moddiscovery.AbstractJarFileDependencyLocator/]: Failed to load resource META-INF/jarjar/metadata.json from plenty_of_golems-1.4.2-forge-1.20.1.jar, it does not contain dependency information.
[06Mar2025 23:35:56.714] [main/DEBUG] [net.minecraftforge.fml.loading.moddiscovery.AbstractJarFileDependencyLocator/]: Failed to load resource META-INF/jarjar/metadata.json from cosmeticarmorreworked-1.20.1-v1a.jar, it does not contain dependency information.
[06Mar2025 23:35:56.714] [main/DEBUG] [net.minecraftforge.fml.loading.moddiscovery.AbstractJarFileDependencyLocator/]: Failed to load resource META-INF/jarjar/metadata.json from letsdo-farm_and_charm-forge-1.0.6.jar, it does not contain dependency information.
[06Mar2025 23:35:56.715] [main/DEBUG] [net.minecraftforge.fml.loading.moddiscovery.AbstractJarFileDependencyLocator/]: Failed to load resource META-INF/jarjar/metadata.json from mclanguage-1.20.1-47.3.7.jar, it does not contain dependency information.
[06Mar2025 23:35:56.715] [main/DEBUG] [net.minecraftforge.fml.loading.moddiscovery.AbstractJarFileDependencyLocator/]: Failed to load resource META-INF/jarjar/metadata.json from javafmllanguage-1.20.1-47.3.7.jar, it does not contain dependency information.
[06Mar2025 23:35:56.716] [main/DEBUG] [net.minecraftforge.fml.loading.moddiscovery.AbstractJarFileDependencyLocator/]: Failed to load resource META-INF/jarjar/metadata.json from fmlcore-1.20.1-47.3.7.jar, it does not contain dependency information.
[06Mar2025 23:35:56.716] [main/DEBUG] [net.minecraftforge.fml.loading.moddiscovery.AbstractJarFileDependencyLocator/]: Failed to load resource META-INF/jarjar/metadata.json from lowcodelanguage-1.20.1-47.3.7.jar, it does not contain dependency information.
[06Mar2025 23:35:56.778] [main/DEBUG] [net.minecraftforge.fml.loading.moddiscovery.ModFileParser/LOADING]: Considering mod file candidate 
[06Mar2025 23:35:56.779] [main/DEBUG] [net.minecraftforge.fml.loading.moddiscovery.ModFileInfo/LOADING]: Found valid mod file mixinextras-forge-0.3.5.jar with {mixinextras} mods - versions {0.3.5}
[06Mar2025 23:35:56.787] [main/DEBUG] [net.minecraftforge.fml.loading.moddiscovery.ModFileParser/LOADING]: Considering mod file candidate 
[06Mar2025 23:35:56.787] [main/DEBUG] [net.minecraftforge.fml.loading.moddiscovery.ModFileInfo/LOADING]: Found valid mod file mixinextras-forge-0.3.2.jar with {mixinextras} mods - versions {0.3.2}
[06Mar2025 23:35:56.788] [main/DEBUG] [net.minecraftforge.fml.loading.moddiscovery.AbstractJarFileDependencyLocator/]: Failed to load resource META-INF/jarjar/metadata.json from jankson-1.2.1.jar, it does not contain dependency information.
[06Mar2025 23:35:56.793] [main/DEBUG] [net.minecraftforge.fml.loading.moddiscovery.AbstractJarFileDependencyLocator/]: Failed to load resource META-INF/jarjar/metadata.json from mclib-20.jar, it does not contain dependency information.
[06Mar2025 23:35:56.799] [main/DEBUG] [net.minecraftforge.fml.loading.moddiscovery.AbstractJarFileDependencyLocator/]: Failed to load resource META-INF/jarjar/metadata.json from MixinExtras-0.3.5.jar, it does not contain dependency information.
[06Mar2025 23:35:56.799] [main/DEBUG] [net.minecraftforge.fml.loading.moddiscovery.AbstractJarFileDependencyLocator/]: Failed to load resource META-INF/jarjar/metadata.json from MixinExtras-0.3.2.jar, it does not contain dependency information.
[06Mar2025 23:35:56.824] [main/DEBUG] [net.minecraftforge.fml.loading.moddiscovery.ModFileParser/LOADING]: Considering mod file candidate 
[06Mar2025 23:35:56.825] [main/DEBUG] [net.minecraftforge.fml.loading.moddiscovery.ModFileInfo/LOADING]: Found valid mod file mixinextras-forge-0.3.5.jar with {mixinextras} mods - versions {0.3.5}
[06Mar2025 23:35:56.843] [main/INFO] [net.minecraftforge.fml.loading.moddiscovery.JarInJarDependencyLocator/]: Found 4 dependencies adding them to mods collection
[06Mar2025 23:35:56.847] [main/DEBUG] [net.minecraftforge.fml.loading.moddiscovery.ModFileParser/LOADING]: Considering mod file candidate /workspaces/manganeso/servidor_minecraft/mods/FarmersDelight-1.20.1-1.2.4.jar
[06Mar2025 23:35:56.848] [main/DEBUG] [net.minecraftforge.fml.loading.moddiscovery.ModFileInfo/LOADING]: Found valid mod file FarmersDelight-1.20.1-1.2.4.jar with {farmersdelight} mods - versions {1.20.1-1.2.4}
[06Mar2025 23:35:56.852] [main/DEBUG] [net.minecraftforge.fml.loading.moddiscovery.ModFile/LOADING]: Loading mod file /workspaces/manganeso/servidor_minecraft/mods/FarmersDelight-1.20.1-1.2.4.jar with languages [LanguageSpec[languageName=javafml, acceptedVersions=[46,)]]
[06Mar2025 23:35:56.853] [main/DEBUG] [net.minecraftforge.fml.loading.moddiscovery.ModFileInfo/LOADING]: Found valid mod file server-1.20.1-20230612.114412-srg.jar with {minecraft} mods - versions {1.20.1}
[06Mar2025 23:35:56.853] [main/DEBUG] [net.minecraftforge.fml.loading.moddiscovery.ModFile/LOADING]: Loading mod file /workspaces/manganeso/servidor_minecraft/libraries/net/minecraft/server/1.20.1-20230612.114412/server-1.20.1-20230612.114412-srg.jar with languages [LanguageSpec[languageName=minecraft, acceptedVersions=1]]
[06Mar2025 23:35:56.854] [main/DEBUG] [net.minecraftforge.fml.loading.moddiscovery.ModFileParser/LOADING]: Considering mod file candidate /workspaces/manganeso/servidor_minecraft/mods/TerraBlender-forge-1.20.1-3.0.1.7.jar
[06Mar2025 23:35:56.855] [main/DEBUG] [net.minecraftforge.fml.loading.moddiscovery.ModFileInfo/LOADING]: Found valid mod file TerraBlender-forge-1.20.1-3.0.1.7.jar with {terrablender} mods - versions {3.0.1.7}
[06Mar2025 23:35:56.855] [main/DEBUG] [net.minecraftforge.fml.loading.moddiscovery.ModFile/LOADING]: Loading mod file /workspaces/manganeso/servidor_minecraft/mods/TerraBlender-forge-1.20.1-3.0.1.7.jar with languages [LanguageSpec[languageName=javafml, acceptedVersions=[47,)]]
[06Mar2025 23:35:56.856] [main/DEBUG] [net.minecraftforge.fml.loading.moddiscovery.ModFileParser/LOADING]: Considering mod file candidate /workspaces/manganeso/servidor_minecraft/mods/alexsmobs-1.22.9.jar
[06Mar2025 23:35:56.858] [main/DEBUG] [net.minecraftforge.fml.loading.moddiscovery.ModFileInfo/LOADING]: Found valid mod file alexsmobs-1.22.9.jar with {alexsmobs} mods - versions {1.22.9}
[06Mar2025 23:35:56.859] [main/DEBUG] [net.minecraftforge.fml.loading.moddiscovery.ModFile/LOADING]: Loading mod file /workspaces/manganeso/servidor_minecraft/mods/alexsmobs-1.22.9.jar with languages [LanguageSpec[languageName=javafml, acceptedVersions=[46,)]]
[06Mar2025 23:35:56.859] [main/DEBUG] [net.minecraftforge.fml.loading.moddiscovery.ModFileParser/LOADING]: Considering mod file candidate /workspaces/manganeso/servidor_minecraft/mods/butcher-2.9-forge-1.20.1.jar
[06Mar2025 23:35:56.860] [main/DEBUG] [net.minecraftforge.fml.loading.moddiscovery.ModFileInfo/LOADING]: Found valid mod file butcher-2.9-forge-1.20.1.jar with {butcher} mods - versions {2.9}
[06Mar2025 23:35:56.860] [main/DEBUG] [net.minecraftforge.fml.loading.moddiscovery.ModFile/LOADING]: Loading mod file /workspaces/manganeso/servidor_minecraft/mods/butcher-2.9-forge-1.20.1.jar with languages [LanguageSpec[languageName=javafml, acceptedVersions=[47,)]]
[06Mar2025 23:35:56.860] [main/DEBUG] [net.minecraftforge.fml.loading.moddiscovery.ModFileParser/LOADING]: Considering mod file candidate /workspaces/manganeso/servidor_minecraft/mods/Jade-1.20.1-forge-11.11.1.jar
[06Mar2025 23:35:56.862] [main/DEBUG] [net.minecraftforge.fml.loading.moddiscovery.ModFileInfo/LOADING]: Found valid mod file Jade-1.20.1-forge-11.11.1.jar with {jade} mods - versions {11.11.1+forge}
[06Mar2025 23:35:56.863] [main/DEBUG] [net.minecraftforge.fml.loading.moddiscovery.ModFile/LOADING]: Loading mod file /workspaces/manganeso/servidor_minecraft/mods/Jade-1.20.1-forge-11.11.1.jar with languages [LanguageSpec[languageName=javafml, acceptedVersions=[46,)]]
[06Mar2025 23:35:56.864] [main/DEBUG] [net.minecraftforge.fml.loading.moddiscovery.ModFileParser/LOADING]: Considering mod file candidate /workspaces/manganeso/servidor_minecraft/mods/geckolib-forge-1.20.1-4.7.jar
[06Mar2025 23:35:56.865] [main/DEBUG] [net.minecraftforge.fml.loading.moddiscovery.ModFileInfo/LOADING]: Found valid mod file geckolib-forge-1.20.1-4.7.jar with {geckolib} mods - versions {4.7}
[06Mar2025 23:35:56.866] [main/DEBUG] [net.minecraftforge.fml.loading.moddiscovery.ModFile/LOADING]: Loading mod file /workspaces/manganeso/servidor_minecraft/mods/geckolib-forge-1.20.1-4.7.jar with languages [LanguageSpec[languageName=javafml, acceptedVersions=[47,)]]
[06Mar2025 23:35:56.866] [main/DEBUG] [net.minecraftforge.fml.loading.moddiscovery.ModFileParser/LOADING]: Considering mod file candidate /workspaces/manganeso/servidor_minecraft/mods/displaydelight-0.0.1-lite.jar
[06Mar2025 23:35:56.867] [main/DEBUG] [net.minecraftforge.fml.loading.moddiscovery.ModFileInfo/LOADING]: Found valid mod file displaydelight-0.0.1-lite.jar with {displaydelight} mods - versions {0.0.1-lite}
[06Mar2025 23:35:56.868] [main/DEBUG] [net.minecraftforge.fml.loading.moddiscovery.ModFile/LOADING]: Loading mod file /workspaces/manganeso/servidor_minecraft/mods/displaydelight-0.0.1-lite.jar with languages [LanguageSpec[languageName=javafml, acceptedVersions=[47.0.0,)]]
[06Mar2025 23:35:56.868] [main/DEBUG] [net.minecraftforge.fml.loading.moddiscovery.ModFileParser/LOADING]: Considering mod file candidate /workspaces/manganeso/servidor_minecraft/mods/jei-1.20.1-forge-15.20.0.102.jar
[06Mar2025 23:35:56.870] [main/DEBUG] [net.minecraftforge.fml.loading.moddiscovery.ModFileInfo/LOADING]: Found valid mod file jei-1.20.1-forge-15.20.0.102.jar with {jei} mods - versions {15.20.0.102}
[06Mar2025 23:35:56.872] [main/DEBUG] [net.minecraftforge.fml.loading.moddiscovery.ModFile/LOADING]: Loading mod file /workspaces/manganeso/servidor_minecraft/mods/jei-1.20.1-forge-15.20.0.102.jar with languages [LanguageSpec[languageName=javafml, acceptedVersions=[47,)]]
[06Mar2025 23:35:56.873] [main/DEBUG] [net.minecraftforge.fml.loading.moddiscovery.ModFileParser/LOADING]: Considering mod file candidate /workspaces/manganeso/servidor_minecraft/mods/duclib-1.20-1.1.4.jar
[06Mar2025 23:35:56.874] [main/DEBUG] [net.minecraftforge.fml.loading.moddiscovery.ModFileInfo/LOADING]: Found valid mod file duclib-1.20-1.1.4.jar with {duclib} mods - versions {1.1.4}
[06Mar2025 23:35:56.874] [main/DEBUG] [net.minecraftforge.fml.loading.moddiscovery.ModFile/LOADING]: Loading mod file /workspaces/manganeso/servidor_minecraft/mods/duclib-1.20-1.1.4.jar with languages [LanguageSpec[languageName=javafml, acceptedVersions=[46,)]]
[06Mar2025 23:35:56.875] [main/DEBUG] [net.minecraftforge.fml.loading.moddiscovery.ModFileParser/LOADING]: Considering mod file candidate /workspaces/manganeso/servidor_minecraft/mods/astikorcarts-1.20.1-1.1.8.jar
[06Mar2025 23:35:56.875] [main/DEBUG] [net.minecraftforge.fml.loading.moddiscovery.ModFileInfo/LOADING]: Found valid mod file astikorcarts-1.20.1-1.1.8.jar with {astikorcarts} mods - versions {1.1.8}
[06Mar2025 23:35:56.876] [main/DEBUG] [net.minecraftforge.fml.loading.moddiscovery.ModFile/LOADING]: Loading mod file /workspaces/manganeso/servidor_minecraft/mods/astikorcarts-1.20.1-1.1.8.jar with languages [LanguageSpec[languageName=javafml, acceptedVersions=[47,)]]
[06Mar2025 23:35:56.876] [main/DEBUG] [net.minecraftforge.fml.loading.moddiscovery.ModFileParser/LOADING]: Considering mod file candidate /workspaces/manganeso/servidor_minecraft/mods/recrafted_creatures-1.4.5-1.20.1.jar
[06Mar2025 23:35:56.878] [main/DEBUG] [net.minecraftforge.fml.loading.moddiscovery.ModFileInfo/LOADING]: Found valid mod file recrafted_creatures-1.4.5-1.20.1.jar with {recrafted_creatures} mods - versions {1.4.5-1.20.1}
[06Mar2025 23:35:56.878] [main/DEBUG] [net.minecraftforge.fml.loading.moddiscovery.ModFile/LOADING]: Loading mod file /workspaces/manganeso/servidor_minecraft/mods/recrafted_creatures-1.4.5-1.20.1.jar with languages [LanguageSpec[languageName=javafml, acceptedVersions=[46,)]]
[06Mar2025 23:35:56.879] [main/DEBUG] [net.minecraftforge.fml.loading.moddiscovery.ModFileParser/LOADING]: Considering mod file candidate /workspaces/manganeso/servidor_minecraft/mods/Special Drops 1.0.0 - 1.20.1.jar
[06Mar2025 23:35:56.879] [main/DEBUG] [net.minecraftforge.fml.loading.moddiscovery.ModFileInfo/LOADING]: Found valid mod file Special Drops 1.0.0 - 1.20.1.jar with {special_drops} mods - versions {1.0.0}
[06Mar2025 23:35:56.879] [main/DEBUG] [net.minecraftforge.fml.loading.moddiscovery.ModFile/LOADING]: Loading mod file /workspaces/manganeso/servidor_minecraft/mods/Special Drops 1.0.0 - 1.20.1.jar with languages [LanguageSpec[languageName=javafml, acceptedVersions=[47,)]]
[06Mar2025 23:35:56.880] [main/DEBUG] [net.minecraftforge.fml.loading.moddiscovery.ModFileParser/LOADING]: Considering mod file candidate /workspaces/manganeso/servidor_minecraft/mods/gnumus_settlement_[Forge]1.20.1_v1.0.jar
[06Mar2025 23:35:56.880] [main/DEBUG] [net.minecraftforge.fml.loading.moddiscovery.ModFileInfo/LOADING]: Found valid mod file gnumus_settlement_[Forge]1.20.1_v1.0.jar with {gnumus} mods - versions {1.0.0}
[06Mar2025 23:35:56.880] [main/DEBUG] [net.minecraftforge.fml.loading.moddiscovery.ModFile/LOADING]: Loading mod file /workspaces/manganeso/servidor_minecraft/mods/gnumus_settlement_[Forge]1.20.1_v1.0.jar with languages [LanguageSpec[languageName=javafml, acceptedVersions=[47,)]]
[06Mar2025 23:35:56.881] [main/DEBUG] [net.minecraftforge.fml.loading.moddiscovery.ModFileParser/LOADING]: Considering mod file candidate /workspaces/manganeso/servidor_minecraft/mods/Ribbits-1.20.1-Forge-3.0.2.jar
[06Mar2025 23:35:56.881] [main/DEBUG] [net.minecraftforge.fml.loading.moddiscovery.ModFileInfo/LOADING]: Found valid mod file Ribbits-1.20.1-Forge-3.0.2.jar with {ribbits} mods - versions {1.20.1-Forge-3.0.2}
[06Mar2025 23:35:56.881] [main/DEBUG] [net.minecraftforge.fml.loading.moddiscovery.ModFile/LOADING]: Loading mod file /workspaces/manganeso/servidor_minecraft/mods/Ribbits-1.20.1-Forge-3.0.2.jar with languages [LanguageSpec[languageName=javafml, acceptedVersions=[47,)]]
[06Mar2025 23:35:56.882] [main/DEBUG] [net.minecraftforge.fml.loading.moddiscovery.ModFileParser/LOADING]: Considering mod file candidate /workspaces/manganeso/servidor_minecraft/mods/curios-forge-5.11.0+1.20.1.jar
[06Mar2025 23:35:56.882] [main/DEBUG] [net.minecraftforge.fml.loading.moddiscovery.ModFileInfo/LOADING]: Found valid mod file curios-forge-5.11.0+1.20.1.jar with {curios} mods - versions {5.11.0+1.20.1}
[06Mar2025 23:35:56.883] [main/DEBUG] [net.minecraftforge.fml.loading.moddiscovery.ModFile/LOADING]: Loading mod file /workspaces/manganeso/servidor_minecraft/mods/curios-forge-5.11.0+1.20.1.jar with languages [LanguageSpec[languageName=javafml, acceptedVersions=[41,)]]
[06Mar2025 23:35:56.883] [main/DEBUG] [net.minecraftforge.fml.loading.moddiscovery.ModFileParser/LOADING]: Considering mod file candidate /workspaces/manganeso/servidor_minecraft/mods/Patchouli-1.20.1-84-FORGE.jar
[06Mar2025 23:35:56.883] [main/DEBUG] [net.minecraftforge.fml.loading.moddiscovery.ModFileInfo/LOADING]: Found valid mod file Patchouli-1.20.1-84-FORGE.jar with {patchouli} mods - versions {1.20.1-84-FORGE}
[06Mar2025 23:35:56.884] [main/DEBUG] [net.minecraftforge.fml.loading.moddiscovery.ModFile/LOADING]: Loading mod file /workspaces/manganeso/servidor_minecraft/mods/Patchouli-1.20.1-84-FORGE.jar with languages [LanguageSpec[languageName=javafml, acceptedVersions=[47,)]]
[06Mar2025 23:35:56.884] [main/DEBUG] [net.minecraftforge.fml.loading.moddiscovery.ModFileParser/LOADING]: Considering mod file candidate /workspaces/manganeso/servidor_minecraft/mods/letsdo-API-forge-1.2.15-forge.jar
[06Mar2025 23:35:56.884] [main/DEBUG] [net.minecraftforge.fml.loading.moddiscovery.ModFileInfo/LOADING]: Found valid mod file letsdo-API-forge-1.2.15-forge.jar with {doapi,terraform} mods - versions {1.2.15,7.0.1}
[06Mar2025 23:35:56.885] [main/DEBUG] [net.minecraftforge.fml.loading.moddiscovery.ModFile/LOADING]: Loading mod file /workspaces/manganeso/servidor_minecraft/mods/letsdo-API-forge-1.2.15-forge.jar with languages [LanguageSpec[languageName=javafml, acceptedVersions=[47,)]]
[06Mar2025 23:35:56.885] [main/DEBUG] [net.minecraftforge.fml.loading.moddiscovery.ModFileParser/LOADING]: Considering mod file candidate /workspaces/manganeso/servidor_minecraft/mods/Xaeros_Minimap_25.0.0_Forge_1.20.jar
[06Mar2025 23:35:56.885] [main/DEBUG] [net.minecraftforge.fml.loading.moddiscovery.ModFileInfo/LOADING]: Found valid mod file Xaeros_Minimap_25.0.0_Forge_1.20.jar with {xaerominimap} mods - versions {25.0.0}
[06Mar2025 23:35:56.886] [main/DEBUG] [net.minecraftforge.fml.loading.moddiscovery.ModFile/LOADING]: Loading mod file /workspaces/manganeso/servidor_minecraft/mods/Xaeros_Minimap_25.0.0_Forge_1.20.jar with languages [LanguageSpec[languageName=javafml, acceptedVersions=[46,48)]]
[06Mar2025 23:35:56.888] [main/DEBUG] [net.minecraftforge.fml.loading.moddiscovery.ModFileParser/LOADING]: Found coremod xaerohud_core with Javascript path META-INF/xaerohud_core.js
[06Mar2025 23:35:56.888] [main/DEBUG] [net.minecraftforge.fml.loading.moddiscovery.ModFile/LOADING]: Found coremod META-INF/xaerohud_core.js
[06Mar2025 23:35:56.888] [main/DEBUG] [net.minecraftforge.fml.loading.moddiscovery.ModFileParser/LOADING]: Considering mod file candidate /workspaces/manganeso/servidor_minecraft/mods/gravestone-forge-1.20.1-1.0.21.jar
[06Mar2025 23:35:56.889] [main/DEBUG] [net.minecraftforge.fml.loading.moddiscovery.ModFileInfo/LOADING]: Found valid mod file gravestone-forge-1.20.1-1.0.21.jar with {gravestone} mods - versions {1.20.1-1.0.21}
[06Mar2025 23:35:56.889] [main/DEBUG] [net.minecraftforge.fml.loading.moddiscovery.ModFile/LOADING]: Loading mod file /workspaces/manganeso/servidor_minecraft/mods/gravestone-forge-1.20.1-1.0.21.jar with languages [LanguageSpec[languageName=javafml, acceptedVersions=*]]
[06Mar2025 23:35:56.889] [main/DEBUG] [net.minecraftforge.fml.loading.moddiscovery.ModFileParser/LOADING]: Considering mod file candidate /workspaces/manganeso/servidor_minecraft/mods/citadel-2.6.0-1.20.1.jar
[06Mar2025 23:35:56.890] [main/DEBUG] [net.minecraftforge.fml.loading.moddiscovery.ModFileInfo/LOADING]: Found valid mod file citadel-2.6.0-1.20.1.jar with {citadel} mods - versions {2.6.0}
[06Mar2025 23:35:56.890] [main/DEBUG] [net.minecraftforge.fml.loading.moddiscovery.ModFile/LOADING]: Loading mod file /workspaces/manganeso/servidor_minecraft/mods/citadel-2.6.0-1.20.1.jar with languages [LanguageSpec[languageName=javafml, acceptedVersions=[47,)]]
[06Mar2025 23:35:56.890] [main/DEBUG] [net.minecraftforge.fml.loading.moddiscovery.ModFileParser/LOADING]: Considering mod file candidate /workspaces/manganeso/servidor_minecraft/mods/modernfix-forge-5.19.4+mc1.20.1.jar
[06Mar2025 23:35:56.891] [main/DEBUG] [net.minecraftforge.fml.loading.moddiscovery.ModFileInfo/LOADING]: Found valid mod file modernfix-forge-5.19.4+mc1.20.1.jar with {modernfix} mods - versions {5.19.4+mc1.20.1}
[06Mar2025 23:35:56.891] [main/DEBUG] [net.minecraftforge.fml.loading.moddiscovery.ModFile/LOADING]: Loading mod file /workspaces/manganeso/servidor_minecraft/mods/modernfix-forge-5.19.4+mc1.20.1.jar with languages [LanguageSpec[languageName=javafml, acceptedVersions=[46,)]]
[06Mar2025 23:35:56.891] [main/DEBUG] [net.minecraftforge.fml.loading.moddiscovery.ModFileParser/LOADING]: Considering mod file candidate /workspaces/manganeso/servidor_minecraft/mods/backpacked-forge-1.20.1-3.0.0-beta.9.jar
[06Mar2025 23:35:56.892] [main/DEBUG] [net.minecraftforge.fml.loading.moddiscovery.ModFileInfo/LOADING]: Found valid mod file backpacked-forge-1.20.1-3.0.0-beta.9.jar with {backpacked} mods - versions {3.0.0-beta.9}
[06Mar2025 23:35:56.892] [main/DEBUG] [net.minecraftforge.fml.loading.moddiscovery.ModFile/LOADING]: Loading mod file /workspaces/manganeso/servidor_minecraft/mods/backpacked-forge-1.20.1-3.0.0-beta.9.jar with languages [LanguageSpec[languageName=javafml, acceptedVersions=[39,)]]
[06Mar2025 23:35:56.892] [main/DEBUG] [net.minecraftforge.fml.loading.moddiscovery.ModFileParser/LOADING]: Considering mod file candidate /workspaces/manganeso/servidor_minecraft/mods/YungsApi-1.20-Forge-4.0.6.jar
[06Mar2025 23:35:56.892] [main/DEBUG] [net.minecraftforge.fml.loading.moddiscovery.ModFileInfo/LOADING]: Found valid mod file YungsApi-1.20-Forge-4.0.6.jar with {yungsapi} mods - versions {1.20-Forge-4.0.6}
[06Mar2025 23:35:56.893] [main/DEBUG] [net.minecraftforge.fml.loading.moddiscovery.ModFile/LOADING]: Loading mod file /workspaces/manganeso/servidor_minecraft/mods/YungsApi-1.20-Forge-4.0.6.jar with languages [LanguageSpec[languageName=javafml, acceptedVersions=[46,)]]
[06Mar2025 23:35:56.893] [main/DEBUG] [net.minecraftforge.fml.loading.moddiscovery.ModFileParser/LOADING]: Considering mod file candidate /workspaces/manganeso/servidor_minecraft/mods/canary-mc1.20.1-0.3.3.jar
[06Mar2025 23:35:56.893] [main/DEBUG] [net.minecraftforge.fml.loading.moddiscovery.ModFileInfo/LOADING]: Found valid mod file canary-mc1.20.1-0.3.3.jar with {canary} mods - versions {0.3.3}
[06Mar2025 23:35:56.893] [main/DEBUG] [net.minecraftforge.fml.loading.moddiscovery.ModFile/LOADING]: Loading mod file /workspaces/manganeso/servidor_minecraft/mods/canary-mc1.20.1-0.3.3.jar with languages [LanguageSpec[languageName=javafml, acceptedVersions=[47,)]]
[06Mar2025 23:35:56.894] [main/DEBUG] [net.minecraftforge.fml.loading.moddiscovery.ModFileParser/LOADING]: Considering mod file candidate /workspaces/manganeso/servidor_minecraft/mods/lukis-grand-capitals-1.0.jar
[06Mar2025 23:35:56.894] [main/DEBUG] [net.minecraftforge.fml.loading.moddiscovery.ModFileInfo/LOADING]: Found valid mod file lukis-grand-capitals-1.0.jar with {mr_lukis_grandcapitals} mods - versions {1.0}
[06Mar2025 23:35:56.894] [main/DEBUG] [net.minecraftforge.fml.loading.moddiscovery.ModFile/LOADING]: Loading mod file /workspaces/manganeso/servidor_minecraft/mods/lukis-grand-capitals-1.0.jar with languages [LanguageSpec[languageName=lowcodefml, acceptedVersions=[40,)]]
[06Mar2025 23:35:56.894] [main/DEBUG] [net.minecraftforge.fml.loading.moddiscovery.ModFileParser/LOADING]: Considering mod file candidate /workspaces/manganeso/servidor_minecraft/mods/letsdo-vinery-forge-1.4.38.jar
[06Mar2025 23:35:56.895] [main/DEBUG] [net.minecraftforge.fml.loading.moddiscovery.ModFileInfo/LOADING]: Found valid mod file letsdo-vinery-forge-1.4.38.jar with {vinery} mods - versions {1.4.38}
[06Mar2025 23:35:56.895] [main/DEBUG] [net.minecraftforge.fml.loading.moddiscovery.ModFile/LOADING]: Loading mod file /workspaces/manganeso/servidor_minecraft/mods/letsdo-vinery-forge-1.4.38.jar with languages [LanguageSpec[languageName=javafml, acceptedVersions=[47,)]]
[06Mar2025 23:35:56.895] [main/DEBUG] [net.minecraftforge.fml.loading.moddiscovery.ModFileParser/LOADING]: Considering mod file candidate /workspaces/manganeso/servidor_minecraft/mods/alexsdelight-1.5.jar
[06Mar2025 23:35:56.896] [main/DEBUG] [net.minecraftforge.fml.loading.moddiscovery.ModFileInfo/LOADING]: Found valid mod file alexsdelight-1.5.jar with {alexsdelight} mods - versions {1.5}
[06Mar2025 23:35:56.896] [main/DEBUG] [net.minecraftforge.fml.loading.moddiscovery.ModFile/LOADING]: Loading mod file /workspaces/manganeso/servidor_minecraft/mods/alexsdelight-1.5.jar with languages [LanguageSpec[languageName=javafml, acceptedVersions=[47,)]]
[06Mar2025 23:35:56.897] [main/DEBUG] [net.minecraftforge.fml.loading.moddiscovery.ModFileParser/LOADING]: Considering mod file candidate /workspaces/manganeso/servidor_minecraft/mods/architectury-9.2.14-forge.jar
[06Mar2025 23:35:56.897] [main/DEBUG] [net.minecraftforge.fml.loading.moddiscovery.ModFileInfo/LOADING]: Found valid mod file architectury-9.2.14-forge.jar with {architectury} mods - versions {9.2.14}
[06Mar2025 23:35:56.897] [main/DEBUG] [net.minecraftforge.fml.loading.moddiscovery.ModFile/LOADING]: Loading mod file /workspaces/manganeso/servidor_minecraft/mods/architectury-9.2.14-forge.jar with languages [LanguageSpec[languageName=javafml, acceptedVersions=[46,)]]
[06Mar2025 23:35:56.898] [main/DEBUG] [net.minecraftforge.fml.loading.moddiscovery.ModFileParser/LOADING]: Considering mod file candidate /workspaces/manganeso/servidor_minecraft/mods/mvs-4.1.4-1.20-forge.jar
[06Mar2025 23:35:56.898] [main/DEBUG] [net.minecraftforge.fml.loading.moddiscovery.ModFileInfo/LOADING]: Found valid mod file mvs-4.1.4-1.20-forge.jar with {mvs} mods - versions {4.1.4-1.20-forge}
[06Mar2025 23:35:56.898] [main/DEBUG] [net.minecraftforge.fml.loading.moddiscovery.ModFile/LOADING]: Loading mod file /workspaces/manganeso/servidor_minecraft/mods/mvs-4.1.4-1.20-forge.jar with languages [LanguageSpec[languageName=javafml, acceptedVersions=[46,)]]
[06Mar2025 23:35:56.898] [main/DEBUG] [net.minecraftforge.fml.loading.moddiscovery.ModFileParser/LOADING]: Considering mod file candidate /workspaces/manganeso/servidor_minecraft/mods/ancient_golems-1.0.3-forge-1.20.1.jar
[06Mar2025 23:35:56.899] [main/DEBUG] [net.minecraftforge.fml.loading.moddiscovery.ModFileInfo/LOADING]: Found valid mod file ancient_golems-1.0.3-forge-1.20.1.jar with {ancient_golems} mods - versions {1.0.3}
[06Mar2025 23:35:56.899] [main/DEBUG] [net.minecraftforge.fml.loading.moddiscovery.ModFile/LOADING]: Loading mod file /workspaces/manganeso/servidor_minecraft/mods/ancient_golems-1.0.3-forge-1.20.1.jar with languages [LanguageSpec[languageName=javafml, acceptedVersions=[47,)]]
[06Mar2025 23:35:56.899] [main/DEBUG] [net.minecraftforge.fml.loading.moddiscovery.ModFileParser/LOADING]: Considering mod file candidate /workspaces/manganeso/servidor_minecraft/mods/ferritecore-6.0.1-forge.jar
[06Mar2025 23:35:56.900] [main/DEBUG] [net.minecraftforge.fml.loading.moddiscovery.ModFileInfo/LOADING]: Found valid mod file ferritecore-6.0.1-forge.jar with {ferritecore} mods - versions {6.0.1}
[06Mar2025 23:35:56.900] [main/DEBUG] [net.minecraftforge.fml.loading.moddiscovery.ModFile/LOADING]: Loading mod file /workspaces/manganeso/servidor_minecraft/mods/ferritecore-6.0.1-forge.jar with languages [LanguageSpec[languageName=javafml, acceptedVersions=[28,)]]
[06Mar2025 23:35:56.900] [main/DEBUG] [net.minecraftforge.fml.loading.moddiscovery.ModFileParser/LOADING]: Considering mod file candidate /workspaces/manganeso/servidor_minecraft/mods/lootr-forge-1.20-0.7.35.90.jar
[06Mar2025 23:35:56.903] [main/DEBUG] [net.minecraftforge.fml.loading.moddiscovery.ModFileInfo/LOADING]: Found valid mod file lootr-forge-1.20-0.7.35.90.jar with {lootr} mods - versions {0.7.35.90}
[06Mar2025 23:35:56.903] [main/DEBUG] [net.minecraftforge.fml.loading.moddiscovery.ModFile/LOADING]: Loading mod file /workspaces/manganeso/servidor_minecraft/mods/lootr-forge-1.20-0.7.35.90.jar with languages [LanguageSpec[languageName=javafml, acceptedVersions=[44,)]]
[06Mar2025 23:35:56.904] [main/DEBUG] [net.minecraftforge.fml.loading.moddiscovery.ModFileParser/LOADING]: Considering mod file candidate /workspaces/manganeso/servidor_minecraft/mods/moremobvariants-forge+1.20.1-1.3.0.1.jar
[06Mar2025 23:35:56.912] [main/DEBUG] [net.minecraftforge.fml.loading.moddiscovery.ModFileInfo/LOADING]: Found valid mod file moremobvariants-forge+1.20.1-1.3.0.1.jar with {moremobvariants} mods - versions {1.3.0.1}
[06Mar2025 23:35:56.912] [main/DEBUG] [net.minecraftforge.fml.loading.moddiscovery.ModFile/LOADING]: Loading mod file /workspaces/manganeso/servidor_minecraft/mods/moremobvariants-forge+1.20.1-1.3.0.1.jar with languages [LanguageSpec[languageName=javafml, acceptedVersions=[46,)]]
[06Mar2025 23:35:56.912] [main/DEBUG] [net.minecraftforge.fml.loading.moddiscovery.ModFileParser/LOADING]: Considering mod file candidate /workspaces/manganeso/servidor_minecraft/mods/decentbiomes 1.20.1 forge.jar
[06Mar2025 23:35:56.915] [main/DEBUG] [net.minecraftforge.fml.loading.moddiscovery.ModFileInfo/LOADING]: Found valid mod file decentbiomes 1.20.1 forge.jar with {decent_biomes} mods - versions {1.0.0}
[06Mar2025 23:35:56.916] [main/DEBUG] [net.minecraftforge.fml.loading.moddiscovery.ModFile/LOADING]: Loading mod file /workspaces/manganeso/servidor_minecraft/mods/decentbiomes 1.20.1 forge.jar with languages [LanguageSpec[languageName=javafml, acceptedVersions=[47,)]]
[06Mar2025 23:35:56.916] [main/DEBUG] [net.minecraftforge.fml.loading.moddiscovery.ModFileParser/LOADING]: Considering mod file candidate /workspaces/manganeso/servidor_minecraft/mods/refurbished_furniture-forge-1.20.1-1.0.6.jar
[06Mar2025 23:35:56.917] [main/DEBUG] [net.minecraftforge.fml.loading.moddiscovery.ModFileInfo/LOADING]: Found valid mod file refurbished_furniture-forge-1.20.1-1.0.6.jar with {refurbished_furniture} mods - versions {1.0.6}
[06Mar2025 23:35:56.917] [main/DEBUG] [net.minecraftforge.fml.loading.moddiscovery.ModFile/LOADING]: Loading mod file /workspaces/manganeso/servidor_minecraft/mods/refurbished_furniture-forge-1.20.1-1.0.6.jar with languages [LanguageSpec[languageName=javafml, acceptedVersions=[39,)]]
[06Mar2025 23:35:56.917] [main/DEBUG] [net.minecraftforge.fml.loading.moddiscovery.ModFileParser/LOADING]: Considering mod file candidate /workspaces/manganeso/servidor_minecraft/mods/mysticsbiomes-1.20.1-3.4.2.jar
[06Mar2025 23:35:56.918] [main/DEBUG] [net.minecraftforge.fml.loading.moddiscovery.ModFileInfo/LOADING]: Found valid mod file mysticsbiomes-1.20.1-3.4.2.jar with {mysticsbiomes} mods - versions {3.4.2}
[06Mar2025 23:35:56.918] [main/DEBUG] [net.minecraftforge.fml.loading.moddiscovery.ModFile/LOADING]: Loading mod file /workspaces/manganeso/servidor_minecraft/mods/mysticsbiomes-1.20.1-3.4.2.jar with languages [LanguageSpec[languageName=javafml, acceptedVersions=[47,)]]
[06Mar2025 23:35:56.918] [main/DEBUG] [net.minecraftforge.fml.loading.moddiscovery.ModFileParser/LOADING]: Considering mod file candidate /workspaces/manganeso/servidor_minecraft/mods/framework-forge-1.20.1-0.7.11.jar
[06Mar2025 23:35:56.918] [main/DEBUG] [net.minecraftforge.fml.loading.moddiscovery.ModFileInfo/LOADING]: Found valid mod file framework-forge-1.20.1-0.7.11.jar with {framework} mods - versions {0.7.11}
[06Mar2025 23:35:56.918] [main/DEBUG] [net.minecraftforge.fml.loading.moddiscovery.ModFile/LOADING]: Loading mod file /workspaces/manganeso/servidor_minecraft/mods/framework-forge-1.20.1-0.7.11.jar with languages [LanguageSpec[languageName=javafml, acceptedVersions=[39,)]]
[06Mar2025 23:35:56.919] [main/DEBUG] [net.minecraftforge.fml.loading.moddiscovery.ModFileParser/LOADING]: Considering mod file candidate /workspaces/manganeso/servidor_minecraft/mods/goblins_tyranny-1.2.3-forge-1.20.1.jar
[06Mar2025 23:35:56.919] [main/DEBUG] [net.minecraftforge.fml.loading.moddiscovery.ModFileInfo/LOADING]: Found valid mod file goblins_tyranny-1.2.3-forge-1.20.1.jar with {goblins_tyranny} mods - versions {1.2.3}
[06Mar2025 23:35:56.922] [main/DEBUG] [net.minecraftforge.fml.loading.moddiscovery.ModFile/LOADING]: Loading mod file /workspaces/manganeso/servidor_minecraft/mods/goblins_tyranny-1.2.3-forge-1.20.1.jar with languages [LanguageSpec[languageName=javafml, acceptedVersions=[47,)]]
[06Mar2025 23:35:56.922] [main/DEBUG] [net.minecraftforge.fml.loading.moddiscovery.ModFileParser/LOADING]: Considering mod file candidate /workspaces/manganeso/servidor_minecraft/mods/Paraglider-forge-20.1.3.jar
[06Mar2025 23:35:56.923] [main/DEBUG] [net.minecraftforge.fml.loading.moddiscovery.ModFileInfo/LOADING]: Found valid mod file Paraglider-forge-20.1.3.jar with {paraglider} mods - versions {20.1.3}
[06Mar2025 23:35:56.923] [main/DEBUG] [net.minecraftforge.fml.loading.moddiscovery.ModFile/LOADING]: Loading mod file /workspaces/manganeso/servidor_minecraft/mods/Paraglider-forge-20.1.3.jar with languages [LanguageSpec[languageName=javafml, acceptedVersions=[47,)]]
[06Mar2025 23:35:56.923] [main/DEBUG] [net.minecraftforge.fml.loading.moddiscovery.ModFileParser/LOADING]: Considering mod file candidate /workspaces/manganeso/servidor_minecraft/libraries/net/minecraftforge/forge/1.20.1-47.3.7/forge-1.20.1-47.3.7-universal.jar
[06Mar2025 23:35:56.927] [main/DEBUG] [net.minecraftforge.fml.loading.moddiscovery.ModFileInfo/LOADING]: Found valid mod file forge-1.20.1-47.3.7-universal.jar with {forge} mods - versions {47.3.7}
[06Mar2025 23:35:56.928] [main/DEBUG] [net.minecraftforge.fml.loading.moddiscovery.ModFile/LOADING]: Loading mod file /workspaces/manganeso/servidor_minecraft/libraries/net/minecraftforge/forge/1.20.1-47.3.7/forge-1.20.1-47.3.7-universal.jar with languages [LanguageSpec[languageName=javafml, acceptedVersions=[24,]]]
[06Mar2025 23:35:56.928] [main/DEBUG] [net.minecraftforge.fml.loading.moddiscovery.ModFileParser/LOADING]: Found coremod field_to_method with Javascript path coremods/field_to_method.js
[06Mar2025 23:35:56.928] [main/DEBUG] [net.minecraftforge.fml.loading.moddiscovery.ModFileParser/LOADING]: Found coremod field_to_instanceof with Javascript path coremods/field_to_instanceof.js
[06Mar2025 23:35:56.928] [main/DEBUG] [net.minecraftforge.fml.loading.moddiscovery.ModFileParser/LOADING]: Found coremod add_bouncer_method with Javascript path coremods/add_bouncer_method.js
[06Mar2025 23:35:56.929] [main/DEBUG] [net.minecraftforge.fml.loading.moddiscovery.ModFileParser/LOADING]: Found coremod method_redirector with Javascript path coremods/method_redirector.js
[06Mar2025 23:35:56.929] [main/DEBUG] [net.minecraftforge.fml.loading.moddiscovery.ModFile/LOADING]: Found coremod coremods/field_to_method.js
[06Mar2025 23:35:56.929] [main/DEBUG] [net.minecraftforge.fml.loading.moddiscovery.ModFile/LOADING]: Found coremod coremods/field_to_instanceof.js
[06Mar2025 23:35:56.929] [main/DEBUG] [net.minecraftforge.fml.loading.moddiscovery.ModFile/LOADING]: Found coremod coremods/add_bouncer_method.js
[06Mar2025 23:35:56.931] [main/DEBUG] [net.minecraftforge.fml.loading.moddiscovery.ModFile/LOADING]: Found coremod coremods/method_redirector.js
[06Mar2025 23:35:56.931] [main/DEBUG] [net.minecraftforge.fml.loading.moddiscovery.ModFileParser/LOADING]: Considering mod file candidate /workspaces/manganeso/servidor_minecraft/mods/plenty_of_golems-1.4.2-forge-1.20.1.jar
[06Mar2025 23:35:56.932] [main/DEBUG] [net.minecraftforge.fml.loading.moddiscovery.ModFileInfo/LOADING]: Found valid mod file plenty_of_golems-1.4.2-forge-1.20.1.jar with {plenty_of_golems} mods - versions {1.4.2}
[06Mar2025 23:35:56.932] [main/DEBUG] [net.minecraftforge.fml.loading.moddiscovery.ModFile/LOADING]: Loading mod file /workspaces/manganeso/servidor_minecraft/mods/plenty_of_golems-1.4.2-forge-1.20.1.jar with languages [LanguageSpec[languageName=javafml, acceptedVersions=[47,)]]
[06Mar2025 23:35:56.933] [main/DEBUG] [net.minecraftforge.fml.loading.moddiscovery.ModFileParser/LOADING]: Considering mod file candidate /workspaces/manganeso/servidor_minecraft/mods/cosmeticarmorreworked-1.20.1-v1a.jar
[06Mar2025 23:35:56.933] [main/DEBUG] [net.minecraftforge.fml.loading.moddiscovery.ModFileInfo/LOADING]: Found valid mod file cosmeticarmorreworked-1.20.1-v1a.jar with {cosmeticarmorreworked} mods - versions {1.20.1-v1a}
[06Mar2025 23:35:56.933] [main/DEBUG] [net.minecraftforge.fml.loading.moddiscovery.ModFile/LOADING]: Loading mod file /workspaces/manganeso/servidor_minecraft/mods/cosmeticarmorreworked-1.20.1-v1a.jar with languages [LanguageSpec[languageName=javafml, acceptedVersions=[47,)]]
[06Mar2025 23:35:56.933] [main/DEBUG] [net.minecraftforge.fml.loading.moddiscovery.ModFileParser/LOADING]: Considering mod file candidate /workspaces/manganeso/servidor_minecraft/mods/letsdo-farm_and_charm-forge-1.0.6.jar
[06Mar2025 23:35:56.934] [main/DEBUG] [net.minecraftforge.fml.loading.moddiscovery.ModFileInfo/LOADING]: Found valid mod file letsdo-farm_and_charm-forge-1.0.6.jar with {farm_and_charm} mods - versions {1.0.6}
[06Mar2025 23:35:56.934] [main/DEBUG] [net.minecraftforge.fml.loading.moddiscovery.ModFile/LOADING]: Loading mod file /workspaces/manganeso/servidor_minecraft/mods/letsdo-farm_and_charm-forge-1.0.6.jar with languages [LanguageSpec[languageName=javafml, acceptedVersions=[47,)]]
[06Mar2025 23:35:56.934] [main/DEBUG] [net.minecraftforge.fml.loading.moddiscovery.ModFile/LOADING]: Loading mod file  with languages []
[06Mar2025 23:35:56.936] [main/DEBUG] [net.minecraftforge.fml.loading.moddiscovery.ModFile/LOADING]: Loading mod file  with languages []
[06Mar2025 23:35:56.936] [main/DEBUG] [net.minecraftforge.fml.loading.moddiscovery.ModFileParser/LOADING]: Considering mod file candidate 
[06Mar2025 23:35:56.943] [main/DEBUG] [net.minecraftforge.fml.loading.moddiscovery.ModFileInfo/LOADING]: Found valid mod file mixinextras-forge-0.3.5.jar with {mixinextras} mods - versions {0.3.5}
[06Mar2025 23:35:56.944] [main/DEBUG] [net.minecraftforge.fml.loading.moddiscovery.ModFile/LOADING]: Loading mod file  with languages [LanguageSpec[languageName=javafml, acceptedVersions=*]]
[06Mar2025 23:35:56.944] [main/DEBUG] [net.minecraftforge.fml.loading.moddiscovery.ModFile/LOADING]: Loading mod file  with languages []
[06Mar2025 23:35:56.944] [main/DEBUG] [net.minecraftforge.fml.loading.moddiscovery.ModFile/LOADING]: Loading mod file  with languages []
[06Mar2025 23:35:56.944] [main/DEBUG] [net.minecraftforge.fml.loading.moddiscovery.ModFile/LOADING]: Loading mod file  with languages []
[06Mar2025 23:35:56.944] [main/DEBUG] [net.minecraftforge.fml.loading.moddiscovery.ModFileParser/LOADING]: Considering mod file candidate 
[06Mar2025 23:35:56.945] [main/DEBUG] [net.minecraftforge.fml.loading.moddiscovery.ModFileInfo/LOADING]: Found valid mod file mixinextras-forge-0.3.5.jar with {mixinextras} mods - versions {0.3.5}
[06Mar2025 23:35:56.945] [main/DEBUG] [net.minecraftforge.fml.loading.moddiscovery.ModFile/LOADING]: Loading mod file  with languages [LanguageSpec[languageName=javafml, acceptedVersions=*]]
[06Mar2025 23:35:56.951] [main/DEBUG] [net.minecraftforge.fml.loading.moddiscovery.ModFile/LOADING]: Loading mod file  with languages []
[06Mar2025 23:35:56.952] [main/DEBUG] [cpw.mods.modlauncher.TransformationServiceDecorator/MODLAUNCHER]: End scan trigger - transformation service fml
[06Mar2025 23:35:57.029] [main/DEBUG] [net.minecraftforge.fml.loading.LanguageLoadingProvider/CORE]: Found 3 language providers
[06Mar2025 23:35:57.030] [main/DEBUG] [net.minecraftforge.fml.loading.LanguageLoadingProvider/CORE]: Found language provider minecraft, version 1.0
[06Mar2025 23:35:57.030] [main/DEBUG] [net.minecraftforge.fml.loading.LanguageLoadingProvider/CORE]: Found language provider lowcodefml, version 47
[06Mar2025 23:35:57.031] [main/DEBUG] [net.minecraftforge.fml.loading.LanguageLoadingProvider/CORE]: Found language provider javafml, version 47
[06Mar2025 23:35:57.035] [main/DEBUG] [net.minecraftforge.fml.loading.UniqueModListBuilder/]: Found 2 mods for first modid mclib, selecting most recent based on version data
[06Mar2025 23:35:57.036] [main/DEBUG] [net.minecraftforge.fml.loading.UniqueModListBuilder/]: Selected file mclib-20.jar for modid mclib with version 0.0NONE
[06Mar2025 23:35:57.036] [main/DEBUG] [net.minecraftforge.fml.loading.UniqueModListBuilder/]: Found 2 mods for first modid jankson, selecting most recent based on version data
[06Mar2025 23:35:57.036] [main/DEBUG] [net.minecraftforge.fml.loading.UniqueModListBuilder/]: Selected file jankson-1.2.1.jar for modid jankson with version 0.0NONE
[06Mar2025 23:35:57.036] [main/DEBUG] [net.minecraftforge.fml.loading.UniqueModListBuilder/]: Found 2 mods for first modid mixinextras, selecting most recent based on version data
[06Mar2025 23:35:57.039] [main/DEBUG] [net.minecraftforge.fml.loading.UniqueModListBuilder/]: Selected file mixinextras-forge-0.3.5.jar for modid mixinextras with version 0.3.5
[06Mar2025 23:35:57.040] [main/DEBUG] [net.minecraftforge.fml.loading.UniqueModListBuilder/]: Found 2 mods for first modid MixinExtras, selecting most recent based on version data
[06Mar2025 23:35:57.040] [main/DEBUG] [net.minecraftforge.fml.loading.UniqueModListBuilder/]: Selected file MixinExtras-0.3.5.jar for modid MixinExtras with version 0.0NONE
[06Mar2025 23:35:57.044] [main/DEBUG] [net.minecraftforge.fml.loading.ModSorter/]: Configured system mods: [minecraft, forge]
[06Mar2025 23:35:57.045] [main/DEBUG] [net.minecraftforge.fml.loading.ModSorter/]: Found system mod: minecraft
[06Mar2025 23:35:57.045] [main/DEBUG] [net.minecraftforge.fml.loading.ModSorter/]: Found system mod: forge
[06Mar2025 23:35:57.048] [main/DEBUG] [net.minecraftforge.fml.loading.ModSorter/LOADING]: Found 84 mod requirements (72 mandatory, 12 optional)
[06Mar2025 23:35:57.055] [main/DEBUG] [net.minecraftforge.fml.loading.ModSorter/LOADING]: Found 0 mod requirements missing (0 mandatory, 0 optional)
[06Mar2025 23:35:57.800] [main/DEBUG] [cpw.mods.modlauncher.TransformationServicesHandler/MODLAUNCHER]: Transformation services loading transformers
[06Mar2025 23:35:57.801] [main/DEBUG] [cpw.mods.modlauncher.TransformationServiceDecorator/MODLAUNCHER]: Initializing transformers for transformation service mixin
[06Mar2025 23:35:57.802] [main/DEBUG] [cpw.mods.modlauncher.TransformationServiceDecorator/MODLAUNCHER]: Initialized transformers for transformation service mixin
[06Mar2025 23:35:57.802] [main/DEBUG] [cpw.mods.modlauncher.TransformationServiceDecorator/MODLAUNCHER]: Initializing transformers for transformation service fml
[06Mar2025 23:35:57.802] [main/DEBUG] [net.minecraftforge.fml.loading.FMLServiceProvider/CORE]: Loading coremod transformers
[06Mar2025 23:35:57.803] [main/DEBUG] [net.minecraftforge.coremod.CoreModEngine/COREMOD]: Loading CoreMod from META-INF/xaerohud_core.js
[06Mar2025 23:35:58.650] [main/DEBUG] [net.minecraftforge.coremod.CoreModEngine/COREMOD]: CoreMod loaded successfully
[06Mar2025 23:35:58.651] [main/DEBUG] [net.minecraftforge.coremod.CoreModEngine/COREMOD]: Loading CoreMod from coremods/field_to_method.js
[06Mar2025 23:35:58.718] [main/DEBUG] [net.minecraftforge.coremod.CoreModEngine/COREMOD]: CoreMod loaded successfully
[06Mar2025 23:35:58.727] [main/DEBUG] [net.minecraftforge.coremod.CoreModEngine/COREMOD]: Loading CoreMod from coremods/field_to_instanceof.js
[06Mar2025 23:35:58.874] [main/DEBUG] [net.minecraftforge.coremod.CoreModEngine/COREMOD]: CoreMod loaded successfully
[06Mar2025 23:35:58.874] [main/DEBUG] [net.minecraftforge.coremod.CoreModEngine/COREMOD]: Loading CoreMod from coremods/add_bouncer_method.js
[06Mar2025 23:35:58.978] [main/DEBUG] [net.minecraftforge.coremod.CoreModEngine/COREMOD]: CoreMod loaded successfully
[06Mar2025 23:35:58.981] [main/DEBUG] [net.minecraftforge.coremod.CoreModEngine/COREMOD]: Loading CoreMod from coremods/method_redirector.js
[06Mar2025 23:35:59.136] [main/DEBUG] [net.minecraftforge.coremod.CoreModEngine/COREMOD]: CoreMod loaded successfully
[06Mar2025 23:35:59.162] [main/DEBUG] [cpw.mods.modlauncher.TransformStore/MODLAUNCHER]: Adding transformer net.minecraftforge.coremod.transformer.CoreModMethodTransformer@2e1b374c to Target : METHOD {Lnet/minecraft/client/multiplayer/ClientPacketListener;} {m_6773_} {(Lnet/minecraft/network/protocol/game/ClientboundBlockUpdatePacket;)V}
[06Mar2025 23:35:59.198] [main/DEBUG] [cpw.mods.modlauncher.TransformStore/MODLAUNCHER]: Adding transformer net.minecraftforge.coremod.transformer.CoreModMethodTransformer@9ab310b to Target : METHOD {Lnet/minecraft/client/multiplayer/ClientPacketListener;} {m_5771_} {(Lnet/minecraft/network/protocol/game/ClientboundSectionBlocksUpdatePacket;)V}
[06Mar2025 23:35:59.199] [main/DEBUG] [cpw.mods.modlauncher.TransformStore/MODLAUNCHER]: Adding transformer net.minecraftforge.coremod.transformer.CoreModMethodTransformer@5b40de43 to Target : METHOD {Lnet/minecraft/client/multiplayer/ClientPacketListener;} {m_194198_} {(IILnet/minecraft/network/protocol/game/ClientboundLevelChunkPacketData;)V}
[06Mar2025 23:35:59.199] [main/DEBUG] [cpw.mods.modlauncher.TransformStore/MODLAUNCHER]: Adding transformer net.minecraftforge.coremod.transformer.CoreModMethodTransformer@49fb0bbd to Target : METHOD {Lnet/minecraft/client/multiplayer/ClientPacketListener;} {m_183388_} {(Lnet/minecraft/network/protocol/game/ClientboundLevelChunkWithLightPacket;)V}
[06Mar2025 23:35:59.199] [main/DEBUG] [cpw.mods.modlauncher.TransformStore/MODLAUNCHER]: Adding transformer net.minecraftforge.coremod.transformer.CoreModMethodTransformer@5489b1f7 to Target : METHOD {Lnet/minecraft/client/multiplayer/ClientPacketListener;} {m_183514_} {(Lnet/minecraft/network/protocol/game/ClientboundLightUpdatePacket;)V}
[06Mar2025 23:35:59.199] [main/DEBUG] [cpw.mods.modlauncher.TransformStore/MODLAUNCHER]: Adding transformer net.minecraftforge.coremod.transformer.CoreModMethodTransformer@4faf104 to Target : METHOD {Lnet/minecraft/client/multiplayer/ClientPacketListener;} {m_194252_} {(Lnet/minecraft/network/protocol/game/ClientboundForgetLevelChunkPacket;)V}
[06Mar2025 23:35:59.199] [main/DEBUG] [cpw.mods.modlauncher.TransformStore/MODLAUNCHER]: Adding transformer net.minecraftforge.coremod.transformer.CoreModMethodTransformer@5995851e to Target : METHOD {Lnet/minecraft/client/multiplayer/ClientPacketListener;} {m_6571_} {(Lnet/minecraft/network/protocol/game/ClientboundSetDefaultSpawnPositionPacket;)V}
[06Mar2025 23:35:59.199] [main/DEBUG] [cpw.mods.modlauncher.TransformStore/MODLAUNCHER]: Adding transformer net.minecraftforge.coremod.transformer.CoreModMethodTransformer@48a2db72 to Target : METHOD {Lnet/minecraft/client/player/AbstractClientPlayer;} {m_108561_} {()Lnet/minecraft/resources/ResourceLocation;}
[06Mar2025 23:35:59.199] [main/DEBUG] [cpw.mods.modlauncher.TransformStore/MODLAUNCHER]: Adding transformer net.minecraftforge.coremod.transformer.CoreModMethodTransformer@51bddd98 to Target : METHOD {Lnet/minecraft/world/entity/player/Player;} {m_36170_} {(Lnet/minecraft/world/entity/player/PlayerModelPart;)Z}
[06Mar2025 23:35:59.200] [main/DEBUG] [cpw.mods.modlauncher.TransformStore/MODLAUNCHER]: Adding transformer net.minecraftforge.coremod.transformer.CoreModMethodTransformer@21c747a to Target : METHOD {Lnet/minecraft/client/multiplayer/ClientPacketListener;} {m_5998_} {(Lnet/minecraft/network/protocol/game/ClientboundLoginPacket;)V}
[06Mar2025 23:35:59.200] [main/DEBUG] [cpw.mods.modlauncher.TransformStore/MODLAUNCHER]: Adding transformer net.minecraftforge.coremod.transformer.CoreModMethodTransformer@77d4ac52 to Target : METHOD {Lnet/minecraft/client/multiplayer/ClientPacketListener;} {m_261044_} {()V}
[06Mar2025 23:35:59.200] [main/DEBUG] [cpw.mods.modlauncher.TransformStore/MODLAUNCHER]: Adding transformer net.minecraftforge.coremod.transformer.CoreModMethodTransformer@29f38091 to Target : METHOD {Lnet/minecraft/client/player/LocalPlayer;} {m_7583_} {()V}
[06Mar2025 23:35:59.200] [main/DEBUG] [cpw.mods.modlauncher.TransformStore/MODLAUNCHER]: Adding transformer net.minecraftforge.coremod.transformer.CoreModMethodTransformer@161dd92a to Target : METHOD {Lnet/minecraft/server/players/PlayerList;} {m_11229_} {(Lnet/minecraft/server/level/ServerPlayer;Lnet/minecraft/server/level/ServerLevel;)V}
[06Mar2025 23:35:59.200] [main/DEBUG] [cpw.mods.modlauncher.TransformStore/MODLAUNCHER]: Adding transformer net.minecraftforge.coremod.transformer.CoreModMethodTransformer@77c3c037 to Target : METHOD {Lnet/minecraft/client/gui/components/BossHealthOverlay;} {m_280652_} {(Lnet/minecraft/client/gui/GuiGraphics;)V}
[06Mar2025 23:35:59.200] [main/DEBUG] [cpw.mods.modlauncher.TransformStore/MODLAUNCHER]: Adding transformer net.minecraftforge.coremod.transformer.CoreModMethodTransformer@252744a1 to Target : METHOD {Lnet/minecraft/client/model/ListModel;} {m_7695_} {(Lcom/mojang/blaze3d/vertex/PoseStack;Lcom/mojang/blaze3d/vertex/VertexConsumer;IIFFFF)V}
[06Mar2025 23:35:59.200] [main/DEBUG] [cpw.mods.modlauncher.TransformStore/MODLAUNCHER]: Adding transformer net.minecraftforge.coremod.transformer.CoreModMethodTransformer@10e5bf9c to Target : METHOD {Lnet/minecraft/client/model/AgeableListModel;} {m_7695_} {(Lcom/mojang/blaze3d/vertex/PoseStack;Lcom/mojang/blaze3d/vertex/VertexConsumer;IIFFFF)V}
[06Mar2025 23:35:59.200] [main/DEBUG] [cpw.mods.modlauncher.TransformStore/MODLAUNCHER]: Adding transformer net.minecraftforge.coremod.transformer.CoreModMethodTransformer@68c9e023 to Target : METHOD {Lnet/minecraft/client/model/LlamaModel;} {m_7695_} {(Lcom/mojang/blaze3d/vertex/PoseStack;Lcom/mojang/blaze3d/vertex/VertexConsumer;IIFFFF)V}
[06Mar2025 23:35:59.200] [main/DEBUG] [cpw.mods.modlauncher.TransformStore/MODLAUNCHER]: Adding transformer net.minecraftforge.coremod.transformer.CoreModMethodTransformer@1624775 to Target : METHOD {Lnet/minecraft/client/model/RabbitModel;} {m_7695_} {(Lcom/mojang/blaze3d/vertex/PoseStack;Lcom/mojang/blaze3d/vertex/VertexConsumer;IIFFFF)V}
[06Mar2025 23:35:59.200] [main/DEBUG] [cpw.mods.modlauncher.TransformStore/MODLAUNCHER]: Adding transformer net.minecraftforge.coremod.transformer.CoreModMethodTransformer@1e7f19b4 to Target : METHOD {Lnet/minecraft/client/renderer/entity/EnderDragonRenderer$DragonModel;} {m_7695_} {(Lcom/mojang/blaze3d/vertex/PoseStack;Lcom/mojang/blaze3d/vertex/VertexConsumer;IIFFFF)V}
[06Mar2025 23:35:59.200] [main/DEBUG] [cpw.mods.modlauncher.TransformStore/MODLAUNCHER]: Adding transformer net.minecraftforge.coremod.transformer.CoreModMethodTransformer@235b4cb8 to Target : METHOD {Lnet/minecraft/client/model/HierarchicalModel;} {m_7695_} {(Lcom/mojang/blaze3d/vertex/PoseStack;Lcom/mojang/blaze3d/vertex/VertexConsumer;IIFFFF)V}
[06Mar2025 23:35:59.201] [main/DEBUG] [cpw.mods.modlauncher.TransformStore/MODLAUNCHER]: Adding transformer net.minecraftforge.coremod.transformer.CoreModMethodTransformer@4346808 to Target : METHOD {Lnet/minecraft/client/model/geom/ModelPart;} {m_104290_} {(Lcom/mojang/blaze3d/vertex/PoseStack$Pose;Lcom/mojang/blaze3d/vertex/VertexConsumer;IIFFFF)V}
[06Mar2025 23:35:59.201] [main/DEBUG] [cpw.mods.modlauncher.TransformStore/MODLAUNCHER]: Adding transformer net.minecraftforge.coremod.transformer.CoreModMethodTransformer@17fede14 to Target : METHOD {Lnet/minecraft/world/level/storage/LevelStorageSource$LevelStorageAccess;} {m_78311_} {()V}
[06Mar2025 23:35:59.201] [main/DEBUG] [cpw.mods.modlauncher.TransformStore/MODLAUNCHER]: Adding transformer net.minecraftforge.coremod.transformer.CoreModMethodTransformer@712ac7e6 to Target : METHOD {Lnet/minecraft/client/multiplayer/ClientPacketListener;} {m_246623_} {(Ljava/lang/String;)V}
[06Mar2025 23:35:59.201] [main/DEBUG] [cpw.mods.modlauncher.TransformStore/MODLAUNCHER]: Adding transformer net.minecraftforge.coremod.transformer.CoreModMethodTransformer@86d6bf7 to Target : METHOD {Lnet/minecraft/client/multiplayer/ClientPacketListener;} {m_246979_} {(Ljava/lang/String;)Z}
[06Mar2025 23:35:59.201] [main/DEBUG] [cpw.mods.modlauncher.TransformStore/MODLAUNCHER]: Adding transformer net.minecraftforge.coremod.transformer.CoreModMethodTransformer@2fbe26da to Target : METHOD {Lnet/minecraft/client/multiplayer/chat/ChatListener;} {m_240494_} {(Lnet/minecraft/network/chat/Component;Z)V}
[06Mar2025 23:35:59.201] [main/DEBUG] [cpw.mods.modlauncher.TransformStore/MODLAUNCHER]: Adding transformer net.minecraftforge.coremod.transformer.CoreModMethodTransformer@4ed15347 to Target : METHOD {Lnet/minecraft/client/multiplayer/chat/ChatListener;} {m_245141_} {(Lnet/minecraft/network/chat/Component;Lnet/minecraft/network/chat/ChatType$Bound;)V}
[06Mar2025 23:35:59.201] [main/DEBUG] [cpw.mods.modlauncher.TransformStore/MODLAUNCHER]: Adding transformer net.minecraftforge.coremod.transformer.CoreModClassTransformer@ab24484 to Target : CLASS {Lnet/minecraft/world/level/chunk/LevelChunk;} {} {V}
[06Mar2025 23:35:59.201] [main/DEBUG] [cpw.mods.modlauncher.TransformStore/MODLAUNCHER]: Adding transformer net.minecraftforge.coremod.transformer.CoreModClassTransformer@54e43bfe to Target : CLASS {Lnet/minecraft/client/multiplayer/ClientPacketListener;} {} {V}
[06Mar2025 23:35:59.201] [main/DEBUG] [cpw.mods.modlauncher.TransformStore/MODLAUNCHER]: Adding transformer net.minecraftforge.coremod.transformer.CoreModClassTransformer@106b014e to Target : CLASS {Lnet/minecraft/client/multiplayer/ClientLevel;} {} {V}
[06Mar2025 23:35:59.201] [main/DEBUG] [cpw.mods.modlauncher.TransformStore/MODLAUNCHER]: Adding transformer net.minecraftforge.coremod.transformer.CoreModClassTransformer@64387c17 to Target : CLASS {Lnet/minecraft/network/protocol/game/ClientboundSectionBlocksUpdatePacket;} {} {V}
[06Mar2025 23:35:59.201] [main/DEBUG] [cpw.mods.modlauncher.TransformStore/MODLAUNCHER]: Adding transformer net.minecraftforge.coremod.transformer.CoreModClassTransformer@7c369270 to Target : CLASS {Lnet/minecraft/client/gui/components/CycleButton;} {} {V}
[06Mar2025 23:35:59.202] [main/DEBUG] [cpw.mods.modlauncher.TransformStore/MODLAUNCHER]: Adding transformer net.minecraftforge.coremod.transformer.CoreModClassTransformer@9f86dc3 to Target : CLASS {Lnet/minecraft/server/MinecraftServer;} {} {V}
[06Mar2025 23:35:59.202] [main/DEBUG] [cpw.mods.modlauncher.TransformStore/MODLAUNCHER]: Adding transformer net.minecraftforge.coremod.transformer.CoreModClassTransformer@41d16cc3 to Target : CLASS {Lnet/minecraft/server/level/ServerPlayer;} {} {V}
[06Mar2025 23:35:59.202] [main/DEBUG] [cpw.mods.modlauncher.TransformStore/MODLAUNCHER]: Adding transformer net.minecraftforge.coremod.transformer.CoreModClassTransformer@662e682a to Target : CLASS {Lnet/minecraft/client/Minecraft;} {} {V}
[06Mar2025 23:35:59.202] [main/DEBUG] [cpw.mods.modlauncher.TransformStore/MODLAUNCHER]: Adding transformer net.minecraftforge.coremod.transformer.CoreModClassTransformer@2e43c38d to Target : CLASS {Lnet/minecraft/client/gui/components/AbstractSelectionList;} {} {V}
[06Mar2025 23:35:59.202] [main/DEBUG] [cpw.mods.modlauncher.TransformStore/MODLAUNCHER]: Adding transformer net.minecraftforge.coremod.transformer.CoreModClassTransformer@649f25f3 to Target : CLASS {Lnet/minecraft/world/level/biome/Biome;} {} {V}
[06Mar2025 23:35:59.202] [main/DEBUG] [cpw.mods.modlauncher.TransformStore/MODLAUNCHER]: Adding transformer net.minecraftforge.coremod.transformer.CoreModClassTransformer@2e62ead7 to Target : CLASS {Lnet/minecraft/world/level/levelgen/structure/Structure;} {} {V}
[06Mar2025 23:35:59.202] [main/DEBUG] [cpw.mods.modlauncher.TransformStore/MODLAUNCHER]: Adding transformer net.minecraftforge.coremod.transformer.CoreModClassTransformer@3b98b809 to Target : CLASS {Lnet/minecraft/world/effect/MobEffectInstance;} {} {V}
[06Mar2025 23:35:59.202] [main/DEBUG] [cpw.mods.modlauncher.TransformStore/MODLAUNCHER]: Adding transformer net.minecraftforge.coremod.transformer.CoreModClassTransformer@bf75b5c to Target : CLASS {Lnet/minecraft/world/level/block/LiquidBlock;} {} {V}
[06Mar2025 23:35:59.202] [main/DEBUG] [cpw.mods.modlauncher.TransformStore/MODLAUNCHER]: Adding transformer net.minecraftforge.coremod.transformer.CoreModClassTransformer@16da476c to Target : CLASS {Lnet/minecraft/world/item/BucketItem;} {} {V}
[06Mar2025 23:35:59.202] [main/DEBUG] [cpw.mods.modlauncher.TransformStore/MODLAUNCHER]: Adding transformer net.minecraftforge.coremod.transformer.CoreModClassTransformer@2fd72332 to Target : CLASS {Lnet/minecraft/world/level/block/StairBlock;} {} {V}
[06Mar2025 23:35:59.202] [main/DEBUG] [cpw.mods.modlauncher.TransformStore/MODLAUNCHER]: Adding transformer net.minecraftforge.coremod.transformer.CoreModClassTransformer@51f18e31 to Target : CLASS {Lnet/minecraft/world/level/block/FlowerPotBlock;} {} {V}
[06Mar2025 23:35:59.202] [main/DEBUG] [cpw.mods.modlauncher.TransformStore/MODLAUNCHER]: Adding transformer net.minecraftforge.coremod.transformer.CoreModClassTransformer@60ed12e8 to Target : CLASS {Lnet/minecraft/world/item/ItemStack;} {} {V}
[06Mar2025 23:35:59.203] [main/DEBUG] [cpw.mods.modlauncher.TransformStore/MODLAUNCHER]: Adding transformer net.minecraftforge.coremod.transformer.CoreModClassTransformer@24c8d8be to Target : CLASS {Lnet/minecraft/network/play/client/CClientSettingsPacket;} {} {V}
[06Mar2025 23:35:59.203] [main/DEBUG] [cpw.mods.modlauncher.TransformStore/MODLAUNCHER]: Adding transformer net.minecraftforge.coremod.transformer.CoreModClassTransformer@3290b1a6 to Target : CLASS {Lnet/minecraft/world/entity/monster/Strider;} {} {V}
[06Mar2025 23:35:59.203] [main/DEBUG] [cpw.mods.modlauncher.TransformStore/MODLAUNCHER]: Adding transformer net.minecraftforge.coremod.transformer.CoreModClassTransformer@3290b1a6 to Target : CLASS {Lnet/minecraft/world/level/levelgen/structure/templatesystem/StructureTemplate;} {} {V}
[06Mar2025 23:35:59.203] [main/DEBUG] [cpw.mods.modlauncher.TransformStore/MODLAUNCHER]: Adding transformer net.minecraftforge.coremod.transformer.CoreModClassTransformer@3290b1a6 to Target : CLASS {Lnet/minecraft/world/entity/animal/frog/Tadpole;} {} {V}
[06Mar2025 23:35:59.203] [main/DEBUG] [cpw.mods.modlauncher.TransformStore/MODLAUNCHER]: Adding transformer net.minecraftforge.coremod.transformer.CoreModClassTransformer@3290b1a6 to Target : CLASS {Lnet/minecraft/world/entity/monster/ZombieVillager;} {} {V}
[06Mar2025 23:35:59.211] [main/DEBUG] [cpw.mods.modlauncher.TransformStore/MODLAUNCHER]: Adding transformer net.minecraftforge.coremod.transformer.CoreModClassTransformer@3290b1a6 to Target : CLASS {Lnet/minecraft/world/level/levelgen/structure/structures/OceanMonumentPieces$OceanMonumentPiece;} {} {V}
[06Mar2025 23:35:59.212] [main/DEBUG] [cpw.mods.modlauncher.TransformStore/MODLAUNCHER]: Adding transformer net.minecraftforge.coremod.transformer.CoreModClassTransformer@3290b1a6 to Target : CLASS {Lnet/minecraft/world/level/levelgen/structure/structures/WoodlandMansionPieces$WoodlandMansionPiece;} {} {V}
[06Mar2025 23:35:59.212] [main/DEBUG] [cpw.mods.modlauncher.TransformStore/MODLAUNCHER]: Adding transformer net.minecraftforge.coremod.transformer.CoreModClassTransformer@3290b1a6 to Target : CLASS {Lnet/minecraft/world/entity/animal/horse/SkeletonTrapGoal;} {} {V}
[06Mar2025 23:35:59.212] [main/DEBUG] [cpw.mods.modlauncher.TransformStore/MODLAUNCHER]: Adding transformer net.minecraftforge.coremod.transformer.CoreModClassTransformer@3290b1a6 to Target : CLASS {Lnet/minecraft/world/level/levelgen/PhantomSpawner;} {} {V}
[06Mar2025 23:35:59.212] [main/DEBUG] [cpw.mods.modlauncher.TransformStore/MODLAUNCHER]: Adding transformer net.minecraftforge.coremod.transformer.CoreModClassTransformer@3290b1a6 to Target : CLASS {Lnet/minecraft/server/commands/SummonCommand;} {} {V}
[06Mar2025 23:35:59.213] [main/DEBUG] [cpw.mods.modlauncher.TransformStore/MODLAUNCHER]: Adding transformer net.minecraftforge.coremod.transformer.CoreModClassTransformer@3290b1a6 to Target : CLASS {Lnet/minecraft/world/level/levelgen/structure/structures/SwampHutPiece;} {} {V}
[06Mar2025 23:35:59.213] [main/DEBUG] [cpw.mods.modlauncher.TransformStore/MODLAUNCHER]: Adding transformer net.minecraftforge.coremod.transformer.CoreModClassTransformer@3290b1a6 to Target : CLASS {Lnet/minecraft/world/level/levelgen/PatrolSpawner;} {} {V}
[06Mar2025 23:35:59.213] [main/DEBUG] [cpw.mods.modlauncher.TransformStore/MODLAUNCHER]: Adding transformer net.minecraftforge.coremod.transformer.CoreModClassTransformer@3290b1a6 to Target : CLASS {Lnet/minecraft/server/commands/RaidCommand;} {} {V}
[06Mar2025 23:35:59.213] [main/DEBUG] [cpw.mods.modlauncher.TransformStore/MODLAUNCHER]: Adding transformer net.minecraftforge.coremod.transformer.CoreModClassTransformer@3290b1a6 to Target : CLASS {Lnet/minecraft/world/entity/monster/Zombie;} {} {V}
[06Mar2025 23:35:59.213] [main/DEBUG] [cpw.mods.modlauncher.TransformStore/MODLAUNCHER]: Adding transformer net.minecraftforge.coremod.transformer.CoreModClassTransformer@3290b1a6 to Target : CLASS {Lnet/minecraft/world/level/NaturalSpawner;} {} {V}
[06Mar2025 23:35:59.214] [main/DEBUG] [cpw.mods.modlauncher.TransformStore/MODLAUNCHER]: Adding transformer net.minecraftforge.coremod.transformer.CoreModClassTransformer@3290b1a6 to Target : CLASS {Lnet/minecraft/world/entity/monster/Evoker$EvokerSummonSpellGoal;} {} {V}
[06Mar2025 23:35:59.214] [main/DEBUG] [cpw.mods.modlauncher.TransformStore/MODLAUNCHER]: Adding transformer net.minecraftforge.coremod.transformer.CoreModClassTransformer@3290b1a6 to Target : CLASS {Lnet/minecraft/world/level/levelgen/structure/structures/OceanRuinPieces$OceanRuinPiece;} {} {V}
[06Mar2025 23:35:59.214] [main/DEBUG] [cpw.mods.modlauncher.TransformStore/MODLAUNCHER]: Adding transformer net.minecraftforge.coremod.transformer.CoreModClassTransformer@3290b1a6 to Target : CLASS {Lnet/minecraft/world/entity/monster/Spider;} {} {V}
[06Mar2025 23:35:59.214] [main/DEBUG] [cpw.mods.modlauncher.TransformStore/MODLAUNCHER]: Adding transformer net.minecraftforge.coremod.transformer.CoreModClassTransformer@3290b1a6 to Target : CLASS {Lnet/minecraft/world/entity/raid/Raid;} {} {V}
[06Mar2025 23:35:59.215] [main/DEBUG] [cpw.mods.modlauncher.TransformStore/MODLAUNCHER]: Adding transformer net.minecraftforge.coremod.transformer.CoreModClassTransformer@3290b1a6 to Target : CLASS {Lnet/minecraft/world/entity/ai/village/VillageSiege;} {} {V}
[06Mar2025 23:35:59.215] [main/DEBUG] [cpw.mods.modlauncher.TransformStore/MODLAUNCHER]: Adding transformer net.minecraftforge.coremod.transformer.CoreModClassTransformer@3290b1a6 to Target : CLASS {Lnet/minecraft/world/entity/EntityType;} {} {V}
[06Mar2025 23:35:59.215] [main/DEBUG] [cpw.mods.modlauncher.TransformStore/MODLAUNCHER]: Adding transformer net.minecraftforge.coremod.transformer.CoreModClassTransformer@3290b1a6 to Target : CLASS {Lnet/minecraft/world/entity/npc/CatSpawner;} {} {V}
[06Mar2025 23:35:59.215] [main/DEBUG] [cpw.mods.modlauncher.TransformStore/MODLAUNCHER]: Adding transformer net.minecraftforge.coremod.transformer.CoreModClassTransformer@3290b1a6 to Target : CLASS {Lnet/minecraft/world/entity/npc/Villager;} {} {V}
[06Mar2025 23:35:59.215] [main/DEBUG] [cpw.mods.modlauncher.TransformationServiceDecorator/MODLAUNCHER]: Initialized transformers for transformation service fml
[06Mar2025 23:36:00.726] [main/DEBUG] [mixin/]: Processing prepare() for PlatformAgent[MixinPlatformAgentDefault:ModLauncher Root Container(ModLauncher:4f56a0a2)]
[06Mar2025 23:36:00.726] [main/DEBUG] [mixin/]: Processing launch tasks for PlatformAgent[MixinPlatformAgentDefault:ModLauncher Root Container(ModLauncher:4f56a0a2)]
[06Mar2025 23:36:00.727] [main/DEBUG] [mixin/]: Adding mixin platform agents for container SecureJarResource(minecraft)
[06Mar2025 23:36:00.727] [main/DEBUG] [mixin/]: Instancing new MixinPlatformAgentMinecraftForge for SecureJarResource(minecraft)
[06Mar2025 23:36:00.727] [main/DEBUG] [mixin/]: MixinPlatformAgentMinecraftForge rejected container SecureJarResource(minecraft)
[06Mar2025 23:36:00.727] [main/DEBUG] [mixin/]: Instancing new MixinPlatformAgentDefault for SecureJarResource(minecraft)
[06Mar2025 23:36:00.727] [main/DEBUG] [mixin/]: MixinPlatformAgentDefault accepted container SecureJarResource(minecraft)
[06Mar2025 23:36:00.728] [main/DEBUG] [mixin/]: Processing prepare() for PlatformAgent[MixinPlatformAgentDefault:SecureJarResource(minecraft)]
[06Mar2025 23:36:00.728] [main/DEBUG] [mixin/]: Adding mixin platform agents for container SecureJarResource(farmersdelight)
[06Mar2025 23:36:00.728] [main/DEBUG] [mixin/]: Instancing new MixinPlatformAgentMinecraftForge for SecureJarResource(farmersdelight)
[06Mar2025 23:36:00.728] [main/DEBUG] [mixin/]: MixinPlatformAgentMinecraftForge rejected container SecureJarResource(farmersdelight)
[06Mar2025 23:36:00.729] [main/DEBUG] [mixin/]: Instancing new MixinPlatformAgentDefault for SecureJarResource(farmersdelight)
[06Mar2025 23:36:00.729] [main/DEBUG] [mixin/]: MixinPlatformAgentDefault accepted container SecureJarResource(farmersdelight)
[06Mar2025 23:36:00.729] [main/DEBUG] [mixin/]: Processing prepare() for PlatformAgent[MixinPlatformAgentDefault:SecureJarResource(farmersdelight)]
[06Mar2025 23:36:00.729] [main/DEBUG] [mixin/]: Registering mixin config: farmersdelight.mixins.json
[06Mar2025 23:36:00.754] [main/DEBUG] [mixin/]: Compatibility level JAVA_17 specified by farmersdelight.mixins.json is higher than the maximum level supported by this version of mixin (JAVA_13).
[06Mar2025 23:36:00.759] [main/INFO] [mixin/]: Compatibility level set to JAVA_17
[06Mar2025 23:36:00.762] [main/DEBUG] [mixin/]: Adding mixin platform agents for container SecureJarResource(terrablender)
[06Mar2025 23:36:00.762] [main/DEBUG] [mixin/]: Instancing new MixinPlatformAgentMinecraftForge for SecureJarResource(terrablender)
[06Mar2025 23:36:00.763] [main/DEBUG] [mixin/]: MixinPlatformAgentMinecraftForge rejected container SecureJarResource(terrablender)
[06Mar2025 23:36:00.764] [main/DEBUG] [mixin/]: Instancing new MixinPlatformAgentDefault for SecureJarResource(terrablender)
[06Mar2025 23:36:00.764] [main/DEBUG] [mixin/]: MixinPlatformAgentDefault accepted container SecureJarResource(terrablender)
[06Mar2025 23:36:00.764] [main/DEBUG] [mixin/]: Processing prepare() for PlatformAgent[MixinPlatformAgentDefault:SecureJarResource(terrablender)]
[06Mar2025 23:36:00.764] [main/DEBUG] [mixin/]: Registering mixin config: terrablender.mixins.json
[06Mar2025 23:36:00.767] [main/DEBUG] [mixin/]: Registering mixin config: terrablender_forge.mixins.json
[06Mar2025 23:36:00.769] [main/DEBUG] [mixin/]: Adding mixin platform agents for container SecureJarResource(jade)
[06Mar2025 23:36:00.770] [main/DEBUG] [mixin/]: Instancing new MixinPlatformAgentMinecraftForge for SecureJarResource(jade)
[06Mar2025 23:36:00.770] [main/DEBUG] [mixin/]: MixinPlatformAgentMinecraftForge rejected container SecureJarResource(jade)
[06Mar2025 23:36:00.770] [main/DEBUG] [mixin/]: Instancing new MixinPlatformAgentDefault for SecureJarResource(jade)
[06Mar2025 23:36:00.770] [main/DEBUG] [mixin/]: MixinPlatformAgentDefault accepted container SecureJarResource(jade)
[06Mar2025 23:36:00.770] [main/DEBUG] [mixin/]: Processing prepare() for PlatformAgent[MixinPlatformAgentDefault:SecureJarResource(jade)]
[06Mar2025 23:36:00.771] [main/DEBUG] [mixin/]: Registering mixin config: jade.mixins.json
[06Mar2025 23:36:00.773] [main/DEBUG] [mixin/]: Compatibility level JAVA_16 specified by jade.mixins.json is higher than the maximum level supported by this version of mixin (JAVA_13).
[06Mar2025 23:36:00.773] [main/DEBUG] [mixin/]: Adding mixin platform agents for container SecureJarResource(butcher)
[06Mar2025 23:36:00.774] [main/DEBUG] [mixin/]: Instancing new MixinPlatformAgentMinecraftForge for SecureJarResource(butcher)
[06Mar2025 23:36:00.774] [main/DEBUG] [mixin/]: MixinPlatformAgentMinecraftForge rejected container SecureJarResource(butcher)
[06Mar2025 23:36:00.774] [main/DEBUG] [mixin/]: Instancing new MixinPlatformAgentDefault for SecureJarResource(butcher)
[06Mar2025 23:36:00.774] [main/DEBUG] [mixin/]: MixinPlatformAgentDefault accepted container SecureJarResource(butcher)
[06Mar2025 23:36:00.775] [main/DEBUG] [mixin/]: Processing prepare() for PlatformAgent[MixinPlatformAgentDefault:SecureJarResource(butcher)]
[06Mar2025 23:36:00.775] [main/DEBUG] [mixin/]: Adding mixin platform agents for container SecureJarResource(geckolib)
[06Mar2025 23:36:00.775] [main/DEBUG] [mixin/]: Instancing new MixinPlatformAgentMinecraftForge for SecureJarResource(geckolib)
[06Mar2025 23:36:00.775] [main/DEBUG] [mixin/]: MixinPlatformAgentMinecraftForge rejected container SecureJarResource(geckolib)
[06Mar2025 23:36:00.775] [main/DEBUG] [mixin/]: Instancing new MixinPlatformAgentDefault for SecureJarResource(geckolib)
[06Mar2025 23:36:00.776] [main/DEBUG] [mixin/]: MixinPlatformAgentDefault accepted container SecureJarResource(geckolib)
[06Mar2025 23:36:00.776] [main/DEBUG] [mixin/]: Processing prepare() for PlatformAgent[MixinPlatformAgentDefault:SecureJarResource(geckolib)]
[06Mar2025 23:36:00.776] [main/DEBUG] [mixin/]: Registering mixin config: geckolib.mixins.json
[06Mar2025 23:36:00.778] [main/DEBUG] [mixin/]: Adding mixin platform agents for container SecureJarResource(displaydelight)
[06Mar2025 23:36:00.781] [main/DEBUG] [mixin/]: Instancing new MixinPlatformAgentMinecraftForge for SecureJarResource(displaydelight)
[06Mar2025 23:36:00.781] [main/DEBUG] [mixin/]: MixinPlatformAgentMinecraftForge rejected container SecureJarResource(displaydelight)
[06Mar2025 23:36:00.782] [main/DEBUG] [mixin/]: Instancing new MixinPlatformAgentDefault for SecureJarResource(displaydelight)
[06Mar2025 23:36:00.782] [main/DEBUG] [mixin/]: MixinPlatformAgentDefault accepted container SecureJarResource(displaydelight)
[06Mar2025 23:36:00.782] [main/DEBUG] [mixin/]: Processing prepare() for PlatformAgent[MixinPlatformAgentDefault:SecureJarResource(displaydelight)]
[06Mar2025 23:36:00.782] [main/DEBUG] [mixin/]: Adding mixin platform agents for container SecureJarResource(special_drops)
[06Mar2025 23:36:00.783] [main/DEBUG] [mixin/]: Instancing new MixinPlatformAgentMinecraftForge for SecureJarResource(special_drops)
[06Mar2025 23:36:00.783] [main/DEBUG] [mixin/]: MixinPlatformAgentMinecraftForge rejected container SecureJarResource(special_drops)
[06Mar2025 23:36:00.783] [main/DEBUG] [mixin/]: Instancing new MixinPlatformAgentDefault for SecureJarResource(special_drops)
[06Mar2025 23:36:00.783] [main/DEBUG] [mixin/]: MixinPlatformAgentDefault accepted container SecureJarResource(special_drops)
[06Mar2025 23:36:00.783] [main/DEBUG] [mixin/]: Processing prepare() for PlatformAgent[MixinPlatformAgentDefault:SecureJarResource(special_drops)]
[06Mar2025 23:36:00.784] [main/DEBUG] [mixin/]: Adding mixin platform agents for container SecureJarResource(recrafted_creatures)
[06Mar2025 23:36:00.784] [main/DEBUG] [mixin/]: Instancing new MixinPlatformAgentMinecraftForge for SecureJarResource(recrafted_creatures)
[06Mar2025 23:36:00.785] [main/DEBUG] [mixin/]: MixinPlatformAgentMinecraftForge rejected container SecureJarResource(recrafted_creatures)
[06Mar2025 23:36:00.785] [main/DEBUG] [mixin/]: Instancing new MixinPlatformAgentDefault for SecureJarResource(recrafted_creatures)
[06Mar2025 23:36:00.785] [main/DEBUG] [mixin/]: MixinPlatformAgentDefault accepted container SecureJarResource(recrafted_creatures)
[06Mar2025 23:36:00.786] [main/DEBUG] [mixin/]: Processing prepare() for PlatformAgent[MixinPlatformAgentDefault:SecureJarResource(recrafted_creatures)]
[06Mar2025 23:36:00.786] [main/DEBUG] [mixin/]: Registering mixin config: mixins.recrafted_creatures.json
[06Mar2025 23:36:00.791] [main/ERROR] [mixin/]: Mixin config mixins.recrafted_creatures.json does not specify "minVersion" property
[06Mar2025 23:36:00.792] [main/DEBUG] [mixin/]: Adding mixin platform agents for container SecureJarResource(duclib)
[06Mar2025 23:36:00.792] [main/DEBUG] [mixin/]: Instancing new MixinPlatformAgentMinecraftForge for SecureJarResource(duclib)
[06Mar2025 23:36:00.792] [main/DEBUG] [mixin/]: MixinPlatformAgentMinecraftForge rejected container SecureJarResource(duclib)
[06Mar2025 23:36:00.792] [main/DEBUG] [mixin/]: Instancing new MixinPlatformAgentDefault for SecureJarResource(duclib)
[06Mar2025 23:36:00.793] [main/DEBUG] [mixin/]: MixinPlatformAgentDefault accepted container SecureJarResource(duclib)
[06Mar2025 23:36:00.793] [main/DEBUG] [mixin/]: Processing prepare() for PlatformAgent[MixinPlatformAgentDefault:SecureJarResource(duclib)]
[06Mar2025 23:36:00.793] [main/DEBUG] [mixin/]: Registering mixin config: mixins.duclib.json
[06Mar2025 23:36:00.795] [main/ERROR] [mixin/]: Mixin config mixins.duclib.json does not specify "minVersion" property
[06Mar2025 23:36:00.797] [main/DEBUG] [mixin/]: Adding mixin platform agents for container SecureJarResource(astikorcarts)
[06Mar2025 23:36:00.798] [main/DEBUG] [mixin/]: Instancing new MixinPlatformAgentMinecraftForge for SecureJarResource(astikorcarts)
[06Mar2025 23:36:00.798] [main/DEBUG] [mixin/]: MixinPlatformAgentMinecraftForge rejected container SecureJarResource(astikorcarts)
[06Mar2025 23:36:00.798] [main/DEBUG] [mixin/]: Instancing new MixinPlatformAgentDefault for SecureJarResource(astikorcarts)
[06Mar2025 23:36:00.799] [main/DEBUG] [mixin/]: MixinPlatformAgentDefault accepted container SecureJarResource(astikorcarts)
[06Mar2025 23:36:00.799] [main/DEBUG] [mixin/]: Processing prepare() for PlatformAgent[MixinPlatformAgentDefault:SecureJarResource(astikorcarts)]
[06Mar2025 23:36:00.799] [main/DEBUG] [mixin/]: Adding mixin platform agents for container SecureJarResource(gnumus)
[06Mar2025 23:36:00.799] [main/DEBUG] [mixin/]: Instancing new MixinPlatformAgentMinecraftForge for SecureJarResource(gnumus)
[06Mar2025 23:36:00.800] [main/DEBUG] [mixin/]: MixinPlatformAgentMinecraftForge rejected container SecureJarResource(gnumus)
[06Mar2025 23:36:00.800] [main/DEBUG] [mixin/]: Instancing new MixinPlatformAgentDefault for SecureJarResource(gnumus)
[06Mar2025 23:36:00.800] [main/DEBUG] [mixin/]: MixinPlatformAgentDefault accepted container SecureJarResource(gnumus)
[06Mar2025 23:36:00.800] [main/DEBUG] [mixin/]: Processing prepare() for PlatformAgent[MixinPlatformAgentDefault:SecureJarResource(gnumus)]
[06Mar2025 23:36:00.800] [main/DEBUG] [mixin/]: Adding mixin platform agents for container SecureJarResource(ribbits)
[06Mar2025 23:36:00.801] [main/DEBUG] [mixin/]: Instancing new MixinPlatformAgentMinecraftForge for SecureJarResource(ribbits)
[06Mar2025 23:36:00.801] [main/DEBUG] [mixin/]: MixinPlatformAgentMinecraftForge rejected container SecureJarResource(ribbits)
[06Mar2025 23:36:00.801] [main/DEBUG] [mixin/]: Instancing new MixinPlatformAgentDefault for SecureJarResource(ribbits)
[06Mar2025 23:36:00.801] [main/DEBUG] [mixin/]: MixinPlatformAgentDefault accepted container SecureJarResource(ribbits)
[06Mar2025 23:36:00.802] [main/DEBUG] [mixin/]: Processing prepare() for PlatformAgent[MixinPlatformAgentDefault:SecureJarResource(ribbits)]
[06Mar2025 23:36:00.802] [main/DEBUG] [mixin/]: Registering mixin config: ribbits.mixins.json
[06Mar2025 23:36:00.808] [main/DEBUG] [mixin/]: Registering mixin config: ribbits_forge.mixins.json
[06Mar2025 23:36:00.810] [main/DEBUG] [mixin/]: Adding mixin platform agents for container SecureJarResource(curios)
[06Mar2025 23:36:00.810] [main/DEBUG] [mixin/]: Instancing new MixinPlatformAgentMinecraftForge for SecureJarResource(curios)
[06Mar2025 23:36:00.810] [main/DEBUG] [mixin/]: MixinPlatformAgentMinecraftForge rejected container SecureJarResource(curios)
[06Mar2025 23:36:00.811] [main/DEBUG] [mixin/]: Instancing new MixinPlatformAgentDefault for SecureJarResource(curios)
[06Mar2025 23:36:00.811] [main/DEBUG] [mixin/]: MixinPlatformAgentDefault accepted container SecureJarResource(curios)
[06Mar2025 23:36:00.811] [main/DEBUG] [mixin/]: Processing prepare() for PlatformAgent[MixinPlatformAgentDefault:SecureJarResource(curios)]
[06Mar2025 23:36:00.811] [main/DEBUG] [mixin/]: Registering mixin config: curios.mixins.json
[06Mar2025 23:36:00.813] [main/DEBUG] [mixin/]: Adding mixin platform agents for container SecureJarResource(patchouli)
[06Mar2025 23:36:00.819] [main/DEBUG] [mixin/]: Instancing new MixinPlatformAgentMinecraftForge for SecureJarResource(patchouli)
[06Mar2025 23:36:00.820] [main/DEBUG] [mixin/]: MixinPlatformAgentMinecraftForge rejected container SecureJarResource(patchouli)
[06Mar2025 23:36:00.820] [main/DEBUG] [mixin/]: Instancing new MixinPlatformAgentDefault for SecureJarResource(patchouli)
[06Mar2025 23:36:00.820] [main/DEBUG] [mixin/]: MixinPlatformAgentDefault accepted container SecureJarResource(patchouli)
[06Mar2025 23:36:00.821] [main/DEBUG] [mixin/]: Processing prepare() for PlatformAgent[MixinPlatformAgentDefault:SecureJarResource(patchouli)]
[06Mar2025 23:36:00.821] [main/DEBUG] [mixin/]: Registering mixin config: patchouli_xplat.mixins.json
[06Mar2025 23:36:00.822] [main/DEBUG] [mixin/]: Adding mixin platform agents for container SecureJarResource(xaerominimap)
[06Mar2025 23:36:00.823] [main/DEBUG] [mixin/]: Instancing new MixinPlatformAgentMinecraftForge for SecureJarResource(xaerominimap)
[06Mar2025 23:36:00.823] [main/DEBUG] [mixin/]: MixinPlatformAgentMinecraftForge rejected container SecureJarResource(xaerominimap)
[06Mar2025 23:36:00.823] [main/DEBUG] [mixin/]: Instancing new MixinPlatformAgentDefault for SecureJarResource(xaerominimap)
[06Mar2025 23:36:00.823] [main/DEBUG] [mixin/]: MixinPlatformAgentDefault accepted container SecureJarResource(xaerominimap)
[06Mar2025 23:36:00.823] [main/DEBUG] [mixin/]: Processing prepare() for PlatformAgent[MixinPlatformAgentDefault:SecureJarResource(xaerominimap)]
[06Mar2025 23:36:00.824] [main/DEBUG] [mixin/]: Adding mixin platform agents for container SecureJarResource(gravestone)
[06Mar2025 23:36:00.824] [main/DEBUG] [mixin/]: Instancing new MixinPlatformAgentMinecraftForge for SecureJarResource(gravestone)
[06Mar2025 23:36:00.824] [main/DEBUG] [mixin/]: MixinPlatformAgentMinecraftForge rejected container SecureJarResource(gravestone)
[06Mar2025 23:36:00.824] [main/DEBUG] [mixin/]: Instancing new MixinPlatformAgentDefault for SecureJarResource(gravestone)
[06Mar2025 23:36:00.824] [main/DEBUG] [mixin/]: MixinPlatformAgentDefault accepted container SecureJarResource(gravestone)
[06Mar2025 23:36:00.825] [main/DEBUG] [mixin/]: Processing prepare() for PlatformAgent[MixinPlatformAgentDefault:SecureJarResource(gravestone)]
[06Mar2025 23:36:00.825] [main/DEBUG] [mixin/]: Adding mixin platform agents for container SecureJarResource(modernfix)
[06Mar2025 23:36:00.825] [main/DEBUG] [mixin/]: Instancing new MixinPlatformAgentMinecraftForge for SecureJarResource(modernfix)
[06Mar2025 23:36:00.825] [main/DEBUG] [mixin/]: MixinPlatformAgentMinecraftForge rejected container SecureJarResource(modernfix)
[06Mar2025 23:36:00.825] [main/DEBUG] [mixin/]: Instancing new MixinPlatformAgentDefault for SecureJarResource(modernfix)
[06Mar2025 23:36:00.826] [main/DEBUG] [mixin/]: MixinPlatformAgentDefault accepted container SecureJarResource(modernfix)
[06Mar2025 23:36:00.826] [main/DEBUG] [mixin/]: Processing prepare() for PlatformAgent[MixinPlatformAgentDefault:SecureJarResource(modernfix)]
[06Mar2025 23:36:00.826] [main/DEBUG] [mixin/]: Registering mixin config: modernfix-common.mixins.json
[06Mar2025 23:36:00.828] [main/DEBUG] [mixin/]: Registering mixin config: modernfix-forge.mixins.json
[06Mar2025 23:36:00.832] [main/DEBUG] [mixin/]: Adding mixin platform agents for container SecureJarResource(jei)
[06Mar2025 23:36:00.832] [main/DEBUG] [mixin/]: Instancing new MixinPlatformAgentMinecraftForge for SecureJarResource(jei)
[06Mar2025 23:36:00.832] [main/DEBUG] [mixin/]: MixinPlatformAgentMinecraftForge rejected container SecureJarResource(jei)
[06Mar2025 23:36:00.839] [main/DEBUG] [mixin/]: Instancing new MixinPlatformAgentDefault for SecureJarResource(jei)
[06Mar2025 23:36:00.839] [main/DEBUG] [mixin/]: MixinPlatformAgentDefault accepted container SecureJarResource(jei)
[06Mar2025 23:36:00.839] [main/DEBUG] [mixin/]: Processing prepare() for PlatformAgent[MixinPlatformAgentDefault:SecureJarResource(jei)]
[06Mar2025 23:36:00.840] [main/DEBUG] [mixin/]: Adding mixin platform agents for container SecureJarResource(citadel)
[06Mar2025 23:36:00.840] [main/DEBUG] [mixin/]: Instancing new MixinPlatformAgentMinecraftForge for SecureJarResource(citadel)
[06Mar2025 23:36:00.840] [main/DEBUG] [mixin/]: MixinPlatformAgentMinecraftForge rejected container SecureJarResource(citadel)
[06Mar2025 23:36:00.840] [main/DEBUG] [mixin/]: Instancing new MixinPlatformAgentDefault for SecureJarResource(citadel)
[06Mar2025 23:36:00.840] [main/DEBUG] [mixin/]: MixinPlatformAgentDefault accepted container SecureJarResource(citadel)
[06Mar2025 23:36:00.841] [main/DEBUG] [mixin/]: Processing prepare() for PlatformAgent[MixinPlatformAgentDefault:SecureJarResource(citadel)]
[06Mar2025 23:36:00.841] [main/DEBUG] [mixin/]: Registering mixin config: citadel.mixins.json
[06Mar2025 23:36:00.843] [main/DEBUG] [mixin/]: Adding mixin platform agents for container SecureJarResource(alexsmobs)
[06Mar2025 23:36:00.843] [main/DEBUG] [mixin/]: Instancing new MixinPlatformAgentMinecraftForge for SecureJarResource(alexsmobs)
[06Mar2025 23:36:00.843] [main/DEBUG] [mixin/]: MixinPlatformAgentMinecraftForge rejected container SecureJarResource(alexsmobs)
[06Mar2025 23:36:00.843] [main/DEBUG] [mixin/]: Instancing new MixinPlatformAgentDefault for SecureJarResource(alexsmobs)
[06Mar2025 23:36:00.843] [main/DEBUG] [mixin/]: MixinPlatformAgentDefault accepted container SecureJarResource(alexsmobs)
[06Mar2025 23:36:00.844] [main/DEBUG] [mixin/]: Processing prepare() for PlatformAgent[MixinPlatformAgentDefault:SecureJarResource(alexsmobs)]
[06Mar2025 23:36:00.844] [main/DEBUG] [mixin/]: Registering mixin config: citadel.mixins.json
[06Mar2025 23:36:00.844] [main/DEBUG] [mixin/]: Adding mixin platform agents for container SecureJarResource(yungsapi)
[06Mar2025 23:36:00.844] [main/DEBUG] [mixin/]: Instancing new MixinPlatformAgentMinecraftForge for SecureJarResource(yungsapi)
[06Mar2025 23:36:00.845] [main/DEBUG] [mixin/]: MixinPlatformAgentMinecraftForge rejected container SecureJarResource(yungsapi)
[06Mar2025 23:36:00.845] [main/DEBUG] [mixin/]: Instancing new MixinPlatformAgentDefault for SecureJarResource(yungsapi)
[06Mar2025 23:36:00.845] [main/DEBUG] [mixin/]: MixinPlatformAgentDefault accepted container SecureJarResource(yungsapi)
[06Mar2025 23:36:00.845] [main/DEBUG] [mixin/]: Processing prepare() for PlatformAgent[MixinPlatformAgentDefault:SecureJarResource(yungsapi)]
[06Mar2025 23:36:00.845] [main/DEBUG] [mixin/]: Registering mixin config: yungsapi.mixins.json
[06Mar2025 23:36:00.847] [main/DEBUG] [mixin/]: Registering mixin config: yungsapi_forge.mixins.json
[06Mar2025 23:36:00.849] [main/DEBUG] [mixin/]: Adding mixin platform agents for container SecureJarResource(backpacked)
[06Mar2025 23:36:00.849] [main/DEBUG] [mixin/]: Instancing new MixinPlatformAgentMinecraftForge for SecureJarResource(backpacked)
[06Mar2025 23:36:00.850] [main/DEBUG] [mixin/]: MixinPlatformAgentMinecraftForge rejected container SecureJarResource(backpacked)
[06Mar2025 23:36:00.850] [main/DEBUG] [mixin/]: Instancing new MixinPlatformAgentDefault for SecureJarResource(backpacked)
[06Mar2025 23:36:00.850] [main/DEBUG] [mixin/]: MixinPlatformAgentDefault accepted container SecureJarResource(backpacked)
[06Mar2025 23:36:00.851] [main/DEBUG] [mixin/]: Processing prepare() for PlatformAgent[MixinPlatformAgentDefault:SecureJarResource(backpacked)]
[06Mar2025 23:36:00.851] [main/DEBUG] [mixin/]: Registering mixin config: backpacked.forge.mixins.json
[06Mar2025 23:36:00.867] [main/DEBUG] [mixin/]: Registering mixin config: backpacked.common.mixins.json
[06Mar2025 23:36:00.869] [main/DEBUG] [mixin/]: Adding mixin platform agents for container SecureJarResource(canary)
[06Mar2025 23:36:00.869] [main/DEBUG] [mixin/]: Instancing new MixinPlatformAgentMinecraftForge for SecureJarResource(canary)
[06Mar2025 23:36:00.870] [main/DEBUG] [mixin/]: MixinPlatformAgentMinecraftForge rejected container SecureJarResource(canary)
[06Mar2025 23:36:00.870] [main/DEBUG] [mixin/]: Instancing new MixinPlatformAgentDefault for SecureJarResource(canary)
[06Mar2025 23:36:00.870] [main/DEBUG] [mixin/]: MixinPlatformAgentDefault accepted container SecureJarResource(canary)
[06Mar2025 23:36:00.870] [main/DEBUG] [mixin/]: Processing prepare() for PlatformAgent[MixinPlatformAgentDefault:SecureJarResource(canary)]
[06Mar2025 23:36:00.870] [main/DEBUG] [mixin/]: Registering mixin config: canary.mixins.json
[06Mar2025 23:36:00.872] [main/DEBUG] [mixin/]: Adding mixin platform agents for container SecureJarResource(mixinextras)
[06Mar2025 23:36:00.872] [main/DEBUG] [mixin/]: Instancing new MixinPlatformAgentMinecraftForge for SecureJarResource(mixinextras)
[06Mar2025 23:36:00.873] [main/DEBUG] [mixin/]: MixinPlatformAgentMinecraftForge rejected container SecureJarResource(mixinextras)
[06Mar2025 23:36:00.873] [main/DEBUG] [mixin/]: Instancing new MixinPlatformAgentDefault for SecureJarResource(mixinextras)
[06Mar2025 23:36:00.873] [main/DEBUG] [mixin/]: MixinPlatformAgentDefault accepted container SecureJarResource(mixinextras)
[06Mar2025 23:36:00.873] [main/DEBUG] [mixin/]: Processing prepare() for PlatformAgent[MixinPlatformAgentDefault:SecureJarResource(mixinextras)]
[06Mar2025 23:36:00.873] [main/DEBUG] [mixin/]: Registering mixin config: mixinextras.init.mixins.json
[06Mar2025 23:36:00.874] [main/DEBUG] [mixin/]: Adding mixin platform agents for container SecureJarResource(mr_lukis_grandcapitals)
[06Mar2025 23:36:00.876] [main/DEBUG] [mixin/]: Instancing new MixinPlatformAgentMinecraftForge for SecureJarResource(mr_lukis_grandcapitals)
[06Mar2025 23:36:00.876] [main/DEBUG] [mixin/]: MixinPlatformAgentMinecraftForge rejected container SecureJarResource(mr_lukis_grandcapitals)
[06Mar2025 23:36:00.876] [main/DEBUG] [mixin/]: Instancing new MixinPlatformAgentDefault for SecureJarResource(mr_lukis_grandcapitals)
[06Mar2025 23:36:00.877] [main/DEBUG] [mixin/]: MixinPlatformAgentDefault accepted container SecureJarResource(mr_lukis_grandcapitals)
[06Mar2025 23:36:00.877] [main/DEBUG] [mixin/]: Processing prepare() for PlatformAgent[MixinPlatformAgentDefault:SecureJarResource(mr_lukis_grandcapitals)]
[06Mar2025 23:36:00.877] [main/DEBUG] [mixin/]: Adding mixin platform agents for container SecureJarResource(mvs)
[06Mar2025 23:36:00.877] [main/DEBUG] [mixin/]: Instancing new MixinPlatformAgentMinecraftForge for SecureJarResource(mvs)
[06Mar2025 23:36:00.877] [main/DEBUG] [mixin/]: MixinPlatformAgentMinecraftForge rejected container SecureJarResource(mvs)
[06Mar2025 23:36:00.877] [main/DEBUG] [mixin/]: Instancing new MixinPlatformAgentDefault for SecureJarResource(mvs)
[06Mar2025 23:36:00.878] [main/DEBUG] [mixin/]: MixinPlatformAgentDefault accepted container SecureJarResource(mvs)
[06Mar2025 23:36:00.878] [main/DEBUG] [mixin/]: Processing prepare() for PlatformAgent[MixinPlatformAgentDefault:SecureJarResource(mvs)]
[06Mar2025 23:36:00.878] [main/DEBUG] [mixin/]: Registering mixin config: mvs-common.mixins.json
[06Mar2025 23:36:00.892] [main/DEBUG] [mixin/]: Registering mixin config: mvs-forge.mixins.json
[06Mar2025 23:36:00.893] [main/DEBUG] [mixin/]: Adding mixin platform agents for container SecureJarResource(architectury)
[06Mar2025 23:36:00.893] [main/DEBUG] [mixin/]: Instancing new MixinPlatformAgentMinecraftForge for SecureJarResource(architectury)
[06Mar2025 23:36:00.893] [main/DEBUG] [mixin/]: MixinPlatformAgentMinecraftForge rejected container SecureJarResource(architectury)
[06Mar2025 23:36:00.893] [main/DEBUG] [mixin/]: Instancing new MixinPlatformAgentDefault for SecureJarResource(architectury)
[06Mar2025 23:36:00.893] [main/DEBUG] [mixin/]: MixinPlatformAgentDefault accepted container SecureJarResource(architectury)
[06Mar2025 23:36:00.893] [main/DEBUG] [mixin/]: Processing prepare() for PlatformAgent[MixinPlatformAgentDefault:SecureJarResource(architectury)]
[06Mar2025 23:36:00.893] [main/DEBUG] [mixin/]: Registering mixin config: architectury.mixins.json
[06Mar2025 23:36:00.895] [main/DEBUG] [mixin/]: Compatibility level JAVA_16 specified by architectury.mixins.json is higher than the maximum level supported by this version of mixin (JAVA_13).
[06Mar2025 23:36:00.895] [main/DEBUG] [mixin/]: Registering mixin config: architectury-common.mixins.json
[06Mar2025 23:36:00.896] [main/DEBUG] [mixin/]: Compatibility level JAVA_16 specified by architectury-common.mixins.json is higher than the maximum level supported by this version of mixin (JAVA_13).
[06Mar2025 23:36:00.897] [main/DEBUG] [mixin/]: Adding mixin platform agents for container SecureJarResource(doapi)
[06Mar2025 23:36:00.897] [main/DEBUG] [mixin/]: Instancing new MixinPlatformAgentMinecraftForge for SecureJarResource(doapi)
[06Mar2025 23:36:00.897] [main/DEBUG] [mixin/]: MixinPlatformAgentMinecraftForge rejected container SecureJarResource(doapi)
[06Mar2025 23:36:00.897] [main/DEBUG] [mixin/]: Instancing new MixinPlatformAgentDefault for SecureJarResource(doapi)
[06Mar2025 23:36:00.898] [main/DEBUG] [mixin/]: MixinPlatformAgentDefault accepted container SecureJarResource(doapi)
[06Mar2025 23:36:00.898] [main/DEBUG] [mixin/]: Processing prepare() for PlatformAgent[MixinPlatformAgentDefault:SecureJarResource(doapi)]
[06Mar2025 23:36:00.898] [main/DEBUG] [mixin/]: Registering mixin config: doapi-common.mixins.json
[06Mar2025 23:36:00.899] [main/DEBUG] [mixin/]: Registering mixin config: doapi.mixins.json
[06Mar2025 23:36:00.908] [main/DEBUG] [mixin/]: Adding mixin platform agents for container SecureJarResource(vinery)
[06Mar2025 23:36:00.909] [main/DEBUG] [mixin/]: Instancing new MixinPlatformAgentMinecraftForge for SecureJarResource(vinery)
[06Mar2025 23:36:00.909] [main/DEBUG] [mixin/]: MixinPlatformAgentMinecraftForge rejected container SecureJarResource(vinery)
[06Mar2025 23:36:00.909] [main/DEBUG] [mixin/]: Instancing new MixinPlatformAgentDefault for SecureJarResource(vinery)
[06Mar2025 23:36:00.909] [main/DEBUG] [mixin/]: MixinPlatformAgentDefault accepted container SecureJarResource(vinery)
[06Mar2025 23:36:00.909] [main/DEBUG] [mixin/]: Processing prepare() for PlatformAgent[MixinPlatformAgentDefault:SecureJarResource(vinery)]
[06Mar2025 23:36:00.910] [main/DEBUG] [mixin/]: Registering mixin config: vinery-common.mixins.json
[06Mar2025 23:36:00.911] [main/DEBUG] [mixin/]: Registering mixin config: vinery.mixins.json
[06Mar2025 23:36:00.912] [main/DEBUG] [mixin/]: Adding mixin platform agents for container SecureJarResource(alexsdelight)
[06Mar2025 23:36:00.912] [main/DEBUG] [mixin/]: Instancing new MixinPlatformAgentMinecraftForge for SecureJarResource(alexsdelight)
[06Mar2025 23:36:00.913] [main/DEBUG] [mixin/]: MixinPlatformAgentMinecraftForge rejected container SecureJarResource(alexsdelight)
[06Mar2025 23:36:00.913] [main/DEBUG] [mixin/]: Instancing new MixinPlatformAgentDefault for SecureJarResource(alexsdelight)
[06Mar2025 23:36:00.913] [main/DEBUG] [mixin/]: MixinPlatformAgentDefault accepted container SecureJarResource(alexsdelight)
[06Mar2025 23:36:00.913] [main/DEBUG] [mixin/]: Processing prepare() for PlatformAgent[MixinPlatformAgentDefault:SecureJarResource(alexsdelight)]
[06Mar2025 23:36:00.913] [main/DEBUG] [mixin/]: Adding mixin platform agents for container SecureJarResource(moremobvariants)
[06Mar2025 23:36:00.914] [main/DEBUG] [mixin/]: Instancing new MixinPlatformAgentMinecraftForge for SecureJarResource(moremobvariants)
[06Mar2025 23:36:00.914] [main/DEBUG] [mixin/]: MixinPlatformAgentMinecraftForge rejected container SecureJarResource(moremobvariants)
[06Mar2025 23:36:00.914] [main/DEBUG] [mixin/]: Instancing new MixinPlatformAgentDefault for SecureJarResource(moremobvariants)
[06Mar2025 23:36:00.914] [main/DEBUG] [mixin/]: MixinPlatformAgentDefault accepted container SecureJarResource(moremobvariants)
[06Mar2025 23:36:00.914] [main/DEBUG] [mixin/]: Processing prepare() for PlatformAgent[MixinPlatformAgentDefault:SecureJarResource(moremobvariants)]
[06Mar2025 23:36:00.914] [main/DEBUG] [mixin/]: Registering mixin config: moremobvariants.mixins.json
[06Mar2025 23:36:00.916] [main/DEBUG] [mixin/]: Adding mixin platform agents for container SecureJarResource(lootr)
[06Mar2025 23:36:00.919] [main/DEBUG] [mixin/]: Instancing new MixinPlatformAgentMinecraftForge for SecureJarResource(lootr)
[06Mar2025 23:36:00.919] [main/DEBUG] [mixin/]: MixinPlatformAgentMinecraftForge rejected container SecureJarResource(lootr)
[06Mar2025 23:36:00.919] [main/DEBUG] [mixin/]: Instancing new MixinPlatformAgentDefault for SecureJarResource(lootr)
[06Mar2025 23:36:00.920] [main/DEBUG] [mixin/]: MixinPlatformAgentDefault accepted container SecureJarResource(lootr)
[06Mar2025 23:36:00.920] [main/DEBUG] [mixin/]: Processing prepare() for PlatformAgent[MixinPlatformAgentDefault:SecureJarResource(lootr)]
[06Mar2025 23:36:00.920] [main/DEBUG] [mixin/]: Registering mixin config: lootr.mixins.json
[06Mar2025 23:36:00.921] [main/DEBUG] [mixin/]: Adding mixin platform agents for container SecureJarResource(ferritecore)
[06Mar2025 23:36:00.921] [main/DEBUG] [mixin/]: Instancing new MixinPlatformAgentMinecraftForge for SecureJarResource(ferritecore)
[06Mar2025 23:36:00.921] [main/DEBUG] [mixin/]: MixinPlatformAgentMinecraftForge rejected container SecureJarResource(ferritecore)
[06Mar2025 23:36:00.922] [main/DEBUG] [mixin/]: Instancing new MixinPlatformAgentDefault for SecureJarResource(ferritecore)
[06Mar2025 23:36:00.922] [main/DEBUG] [mixin/]: MixinPlatformAgentDefault accepted container SecureJarResource(ferritecore)
[06Mar2025 23:36:00.922] [main/DEBUG] [mixin/]: Processing prepare() for PlatformAgent[MixinPlatformAgentDefault:SecureJarResource(ferritecore)]
[06Mar2025 23:36:00.922] [main/DEBUG] [mixin/]: Registering mixin config: ferritecore.predicates.mixin.json
[06Mar2025 23:36:00.926] [main/DEBUG] [mixin/]: Registering mixin config: ferritecore.fastmap.mixin.json
[06Mar2025 23:36:00.928] [main/DEBUG] [mixin/]: Registering mixin config: ferritecore.mrl.mixin.json
[06Mar2025 23:36:00.929] [main/DEBUG] [mixin/]: Registering mixin config: ferritecore.dedupmultipart.mixin.json
[06Mar2025 23:36:00.937] [main/DEBUG] [mixin/]: Registering mixin config: ferritecore.blockstatecache.mixin.json
[06Mar2025 23:36:00.938] [main/DEBUG] [mixin/]: Registering mixin config: ferritecore.dedupbakedquad.mixin.json
[06Mar2025 23:36:00.939] [main/DEBUG] [mixin/]: Registering mixin config: ferritecore.threaddetec.mixin.json
[06Mar2025 23:36:00.941] [main/DEBUG] [mixin/]: Registering mixin config: ferritecore.modelsides.mixin.json
[06Mar2025 23:36:00.942] [main/DEBUG] [mixin/]: Adding mixin platform agents for container SecureJarResource(ancient_golems)
[06Mar2025 23:36:00.945] [main/DEBUG] [mixin/]: Instancing new MixinPlatformAgentMinecraftForge for SecureJarResource(ancient_golems)
[06Mar2025 23:36:00.945] [main/DEBUG] [mixin/]: MixinPlatformAgentMinecraftForge rejected container SecureJarResource(ancient_golems)
[06Mar2025 23:36:00.946] [main/DEBUG] [mixin/]: Instancing new MixinPlatformAgentDefault for SecureJarResource(ancient_golems)
[06Mar2025 23:36:00.946] [main/DEBUG] [mixin/]: MixinPlatformAgentDefault accepted container SecureJarResource(ancient_golems)
[06Mar2025 23:36:00.946] [main/DEBUG] [mixin/]: Processing prepare() for PlatformAgent[MixinPlatformAgentDefault:SecureJarResource(ancient_golems)]
[06Mar2025 23:36:00.946] [main/DEBUG] [mixin/]: Adding mixin platform agents for container SecureJarResource(refurbished_furniture)
[06Mar2025 23:36:00.946] [main/DEBUG] [mixin/]: Instancing new MixinPlatformAgentMinecraftForge for SecureJarResource(refurbished_furniture)
[06Mar2025 23:36:00.947] [main/DEBUG] [mixin/]: MixinPlatformAgentMinecraftForge rejected container SecureJarResource(refurbished_furniture)
[06Mar2025 23:36:00.947] [main/DEBUG] [mixin/]: Instancing new MixinPlatformAgentDefault for SecureJarResource(refurbished_furniture)
[06Mar2025 23:36:00.947] [main/DEBUG] [mixin/]: MixinPlatformAgentDefault accepted container SecureJarResource(refurbished_furniture)
[06Mar2025 23:36:00.947] [main/DEBUG] [mixin/]: Processing prepare() for PlatformAgent[MixinPlatformAgentDefault:SecureJarResource(refurbished_furniture)]
[06Mar2025 23:36:00.947] [main/DEBUG] [mixin/]: Registering mixin config: refurbished_furniture.common.mixins.json
[06Mar2025 23:36:00.948] [main/DEBUG] [mixin/]: Adding mixin platform agents for container SecureJarResource(decent_biomes)
[06Mar2025 23:36:00.949] [main/DEBUG] [mixin/]: Instancing new MixinPlatformAgentMinecraftForge for SecureJarResource(decent_biomes)
[06Mar2025 23:36:00.949] [main/DEBUG] [mixin/]: MixinPlatformAgentMinecraftForge rejected container SecureJarResource(decent_biomes)
[06Mar2025 23:36:00.949] [main/DEBUG] [mixin/]: Instancing new MixinPlatformAgentDefault for SecureJarResource(decent_biomes)
[06Mar2025 23:36:00.949] [main/DEBUG] [mixin/]: MixinPlatformAgentDefault accepted container SecureJarResource(decent_biomes)
[06Mar2025 23:36:00.954] [main/DEBUG] [mixin/]: Processing prepare() for PlatformAgent[MixinPlatformAgentDefault:SecureJarResource(decent_biomes)]
[06Mar2025 23:36:00.954] [main/DEBUG] [mixin/]: Adding mixin platform agents for container SecureJarResource(mysticsbiomes)
[06Mar2025 23:36:00.954] [main/DEBUG] [mixin/]: Instancing new MixinPlatformAgentMinecraftForge for SecureJarResource(mysticsbiomes)
[06Mar2025 23:36:00.955] [main/DEBUG] [mixin/]: MixinPlatformAgentMinecraftForge rejected container SecureJarResource(mysticsbiomes)
[06Mar2025 23:36:00.955] [main/DEBUG] [mixin/]: Instancing new MixinPlatformAgentDefault for SecureJarResource(mysticsbiomes)
[06Mar2025 23:36:00.955] [main/DEBUG] [mixin/]: MixinPlatformAgentDefault accepted container SecureJarResource(mysticsbiomes)
[06Mar2025 23:36:00.955] [main/DEBUG] [mixin/]: Processing prepare() for PlatformAgent[MixinPlatformAgentDefault:SecureJarResource(mysticsbiomes)]
[06Mar2025 23:36:00.955] [main/DEBUG] [mixin/]: Adding mixin platform agents for container SecureJarResource(framework)
[06Mar2025 23:36:00.956] [main/DEBUG] [mixin/]: Instancing new MixinPlatformAgentMinecraftForge for SecureJarResource(framework)
[06Mar2025 23:36:00.956] [main/DEBUG] [mixin/]: MixinPlatformAgentMinecraftForge rejected container SecureJarResource(framework)
[06Mar2025 23:36:00.956] [main/DEBUG] [mixin/]: Instancing new MixinPlatformAgentDefault for SecureJarResource(framework)
[06Mar2025 23:36:00.956] [main/DEBUG] [mixin/]: MixinPlatformAgentDefault accepted container SecureJarResource(framework)
[06Mar2025 23:36:00.956] [main/DEBUG] [mixin/]: Processing prepare() for PlatformAgent[MixinPlatformAgentDefault:SecureJarResource(framework)]
[06Mar2025 23:36:00.956] [main/DEBUG] [mixin/]: Adding mixin platform agents for container SecureJarResource(paraglider)
[06Mar2025 23:36:00.957] [main/DEBUG] [mixin/]: Instancing new MixinPlatformAgentMinecraftForge for SecureJarResource(paraglider)
[06Mar2025 23:36:00.957] [main/DEBUG] [mixin/]: MixinPlatformAgentMinecraftForge rejected container SecureJarResource(paraglider)
[06Mar2025 23:36:00.957] [main/DEBUG] [mixin/]: Instancing new MixinPlatformAgentDefault for SecureJarResource(paraglider)
[06Mar2025 23:36:00.957] [main/DEBUG] [mixin/]: MixinPlatformAgentDefault accepted container SecureJarResource(paraglider)
[06Mar2025 23:36:00.957] [main/DEBUG] [mixin/]: Processing prepare() for PlatformAgent[MixinPlatformAgentDefault:SecureJarResource(paraglider)]
[06Mar2025 23:36:00.957] [main/DEBUG] [mixin/]: Registering mixin config: paraglider.mixins.json
[06Mar2025 23:36:00.959] [main/DEBUG] [mixin/]: Adding mixin platform agents for container SecureJarResource(goblins_tyranny)
[06Mar2025 23:36:00.959] [main/DEBUG] [mixin/]: Instancing new MixinPlatformAgentMinecraftForge for SecureJarResource(goblins_tyranny)
[06Mar2025 23:36:00.959] [main/DEBUG] [mixin/]: MixinPlatformAgentMinecraftForge rejected container SecureJarResource(goblins_tyranny)
[06Mar2025 23:36:00.960] [main/DEBUG] [mixin/]: Instancing new MixinPlatformAgentDefault for SecureJarResource(goblins_tyranny)
[06Mar2025 23:36:00.960] [main/DEBUG] [mixin/]: MixinPlatformAgentDefault accepted container SecureJarResource(goblins_tyranny)
[06Mar2025 23:36:00.960] [main/DEBUG] [mixin/]: Processing prepare() for PlatformAgent[MixinPlatformAgentDefault:SecureJarResource(goblins_tyranny)]
[06Mar2025 23:36:00.960] [main/DEBUG] [mixin/]: Adding mixin platform agents for container SecureJarResource(forge)
[06Mar2025 23:36:00.960] [main/DEBUG] [mixin/]: Instancing new MixinPlatformAgentMinecraftForge for SecureJarResource(forge)
[06Mar2025 23:36:00.960] [main/DEBUG] [mixin/]: MixinPlatformAgentMinecraftForge rejected container SecureJarResource(forge)
[06Mar2025 23:36:00.961] [main/DEBUG] [mixin/]: Instancing new MixinPlatformAgentDefault for SecureJarResource(forge)
[06Mar2025 23:36:00.961] [main/DEBUG] [mixin/]: MixinPlatformAgentDefault accepted container SecureJarResource(forge)
[06Mar2025 23:36:00.961] [main/DEBUG] [mixin/]: Processing prepare() for PlatformAgent[MixinPlatformAgentDefault:SecureJarResource(forge)]
[06Mar2025 23:36:00.961] [main/DEBUG] [mixin/]: Adding mixin platform agents for container SecureJarResource(plenty_of_golems)
[06Mar2025 23:36:00.961] [main/DEBUG] [mixin/]: Instancing new MixinPlatformAgentMinecraftForge for SecureJarResource(plenty_of_golems)
[06Mar2025 23:36:00.962] [main/DEBUG] [mixin/]: MixinPlatformAgentMinecraftForge rejected container SecureJarResource(plenty_of_golems)
[06Mar2025 23:36:00.962] [main/DEBUG] [mixin/]: Instancing new MixinPlatformAgentDefault for SecureJarResource(plenty_of_golems)
[06Mar2025 23:36:00.962] [main/DEBUG] [mixin/]: MixinPlatformAgentDefault accepted container SecureJarResource(plenty_of_golems)
[06Mar2025 23:36:00.962] [main/DEBUG] [mixin/]: Processing prepare() for PlatformAgent[MixinPlatformAgentDefault:SecureJarResource(plenty_of_golems)]
[06Mar2025 23:36:00.962] [main/DEBUG] [mixin/]: Adding mixin platform agents for container SecureJarResource(cosmeticarmorreworked)
[06Mar2025 23:36:00.963] [main/DEBUG] [mixin/]: Instancing new MixinPlatformAgentMinecraftForge for SecureJarResource(cosmeticarmorreworked)
[06Mar2025 23:36:00.963] [main/DEBUG] [mixin/]: MixinPlatformAgentMinecraftForge rejected container SecureJarResource(cosmeticarmorreworked)
[06Mar2025 23:36:00.963] [main/DEBUG] [mixin/]: Instancing new MixinPlatformAgentDefault for SecureJarResource(cosmeticarmorreworked)
[06Mar2025 23:36:00.963] [main/DEBUG] [mixin/]: MixinPlatformAgentDefault accepted container SecureJarResource(cosmeticarmorreworked)
[06Mar2025 23:36:00.963] [main/DEBUG] [mixin/]: Processing prepare() for PlatformAgent[MixinPlatformAgentDefault:SecureJarResource(cosmeticarmorreworked)]
[06Mar2025 23:36:00.963] [main/DEBUG] [mixin/]: Adding mixin platform agents for container SecureJarResource(farm_and_charm)
[06Mar2025 23:36:00.964] [main/DEBUG] [mixin/]: Instancing new MixinPlatformAgentMinecraftForge for SecureJarResource(farm_and_charm)
[06Mar2025 23:36:00.964] [main/DEBUG] [mixin/]: MixinPlatformAgentMinecraftForge rejected container SecureJarResource(farm_and_charm)
[06Mar2025 23:36:00.964] [main/DEBUG] [mixin/]: Instancing new MixinPlatformAgentDefault for SecureJarResource(farm_and_charm)
[06Mar2025 23:36:00.964] [main/DEBUG] [mixin/]: MixinPlatformAgentDefault accepted container SecureJarResource(farm_and_charm)
[06Mar2025 23:36:00.964] [main/DEBUG] [mixin/]: Processing prepare() for PlatformAgent[MixinPlatformAgentDefault:SecureJarResource(farm_and_charm)]
[06Mar2025 23:36:00.964] [main/DEBUG] [mixin/]: Registering mixin config: FarmAndCharm-common.mixins.json
[06Mar2025 23:36:00.966] [main/DEBUG] [mixin/]: Adding mixin platform agents for container SecureJarResource(mclib)
[06Mar2025 23:36:00.967] [main/DEBUG] [mixin/]: Instancing new MixinPlatformAgentMinecraftForge for SecureJarResource(mclib)
[06Mar2025 23:36:00.967] [main/DEBUG] [mixin/]: MixinPlatformAgentMinecraftForge rejected container SecureJarResource(mclib)
[06Mar2025 23:36:00.967] [main/DEBUG] [mixin/]: Instancing new MixinPlatformAgentDefault for SecureJarResource(mclib)
[06Mar2025 23:36:00.967] [main/DEBUG] [mixin/]: MixinPlatformAgentDefault accepted container SecureJarResource(mclib)
[06Mar2025 23:36:00.967] [main/DEBUG] [mixin/]: Processing prepare() for PlatformAgent[MixinPlatformAgentDefault:SecureJarResource(mclib)]
[06Mar2025 23:36:00.967] [main/DEBUG] [mixin/]: Adding mixin platform agents for container SecureJarResource(jankson)
[06Mar2025 23:36:00.967] [main/DEBUG] [mixin/]: Instancing new MixinPlatformAgentMinecraftForge for SecureJarResource(jankson)
[06Mar2025 23:36:00.967] [main/DEBUG] [mixin/]: MixinPlatformAgentMinecraftForge rejected container SecureJarResource(jankson)
[06Mar2025 23:36:00.967] [main/DEBUG] [mixin/]: Instancing new MixinPlatformAgentDefault for SecureJarResource(jankson)
[06Mar2025 23:36:00.967] [main/DEBUG] [mixin/]: MixinPlatformAgentDefault accepted container SecureJarResource(jankson)
[06Mar2025 23:36:00.967] [main/DEBUG] [mixin/]: Processing prepare() for PlatformAgent[MixinPlatformAgentDefault:SecureJarResource(jankson)]
[06Mar2025 23:36:00.967] [main/DEBUG] [mixin/]: Adding mixin platform agents for container SecureJarResource(MixinExtras)
[06Mar2025 23:36:00.967] [main/DEBUG] [mixin/]: Instancing new MixinPlatformAgentMinecraftForge for SecureJarResource(MixinExtras)
[06Mar2025 23:36:00.967] [main/DEBUG] [mixin/]: MixinPlatformAgentMinecraftForge rejected container SecureJarResource(MixinExtras)
[06Mar2025 23:36:00.967] [main/DEBUG] [mixin/]: Instancing new MixinPlatformAgentDefault for SecureJarResource(MixinExtras)
[06Mar2025 23:36:00.967] [main/DEBUG] [mixin/]: MixinPlatformAgentDefault accepted container SecureJarResource(MixinExtras)
[06Mar2025 23:36:00.967] [main/DEBUG] [mixin/]: Processing prepare() for PlatformAgent[MixinPlatformAgentDefault:SecureJarResource(MixinExtras)]
[06Mar2025 23:36:00.967] [main/DEBUG] [mixin/]: inject() running with 49 agents
[06Mar2025 23:36:00.967] [main/DEBUG] [mixin/]: Processing inject() for PlatformAgent[MixinPlatformAgentDefault:ModLauncher Root Container(ModLauncher:4f56a0a2)]
[06Mar2025 23:36:00.967] [main/DEBUG] [mixin/]: Processing inject() for PlatformAgent[MixinPlatformAgentDefault:SecureJarResource(minecraft)]
[06Mar2025 23:36:00.968] [main/DEBUG] [mixin/]: Processing inject() for PlatformAgent[MixinPlatformAgentDefault:SecureJarResource(farmersdelight)]
[06Mar2025 23:36:00.968] [main/DEBUG] [mixin/]: Processing inject() for PlatformAgent[MixinPlatformAgentDefault:SecureJarResource(terrablender)]
[06Mar2025 23:36:00.968] [main/DEBUG] [mixin/]: Processing inject() for PlatformAgent[MixinPlatformAgentDefault:SecureJarResource(jade)]
[06Mar2025 23:36:00.968] [main/DEBUG] [mixin/]: Processing inject() for PlatformAgent[MixinPlatformAgentDefault:SecureJarResource(butcher)]
[06Mar2025 23:36:00.968] [main/DEBUG] [mixin/]: Processing inject() for PlatformAgent[MixinPlatformAgentDefault:SecureJarResource(geckolib)]
[06Mar2025 23:36:00.968] [main/DEBUG] [mixin/]: Processing inject() for PlatformAgent[MixinPlatformAgentDefault:SecureJarResource(displaydelight)]
[06Mar2025 23:36:00.968] [main/DEBUG] [mixin/]: Processing inject() for PlatformAgent[MixinPlatformAgentDefault:SecureJarResource(special_drops)]
[06Mar2025 23:36:00.968] [main/DEBUG] [mixin/]: Processing inject() for PlatformAgent[MixinPlatformAgentDefault:SecureJarResource(recrafted_creatures)]
[06Mar2025 23:36:00.968] [main/DEBUG] [mixin/]: Processing inject() for PlatformAgent[MixinPlatformAgentDefault:SecureJarResource(duclib)]
[06Mar2025 23:36:00.968] [main/DEBUG] [mixin/]: Processing inject() for PlatformAgent[MixinPlatformAgentDefault:SecureJarResource(astikorcarts)]
[06Mar2025 23:36:00.971] [main/DEBUG] [mixin/]: Processing inject() for PlatformAgent[MixinPlatformAgentDefault:SecureJarResource(gnumus)]
[06Mar2025 23:36:00.971] [main/DEBUG] [mixin/]: Processing inject() for PlatformAgent[MixinPlatformAgentDefault:SecureJarResource(ribbits)]
[06Mar2025 23:36:00.971] [main/DEBUG] [mixin/]: Processing inject() for PlatformAgent[MixinPlatformAgentDefault:SecureJarResource(curios)]
[06Mar2025 23:36:00.971] [main/DEBUG] [mixin/]: Processing inject() for PlatformAgent[MixinPlatformAgentDefault:SecureJarResource(patchouli)]
[06Mar2025 23:36:00.971] [main/DEBUG] [mixin/]: Processing inject() for PlatformAgent[MixinPlatformAgentDefault:SecureJarResource(xaerominimap)]
[06Mar2025 23:36:00.971] [main/DEBUG] [mixin/]: Processing inject() for PlatformAgent[MixinPlatformAgentDefault:SecureJarResource(gravestone)]
[06Mar2025 23:36:00.971] [main/DEBUG] [mixin/]: Processing inject() for PlatformAgent[MixinPlatformAgentDefault:SecureJarResource(modernfix)]
[06Mar2025 23:36:00.971] [main/DEBUG] [mixin/]: Processing inject() for PlatformAgent[MixinPlatformAgentDefault:SecureJarResource(jei)]
[06Mar2025 23:36:00.971] [main/DEBUG] [mixin/]: Processing inject() for PlatformAgent[MixinPlatformAgentDefault:SecureJarResource(citadel)]
[06Mar2025 23:36:00.971] [main/DEBUG] [mixin/]: Processing inject() for PlatformAgent[MixinPlatformAgentDefault:SecureJarResource(alexsmobs)]
[06Mar2025 23:36:00.971] [main/DEBUG] [mixin/]: Processing inject() for PlatformAgent[MixinPlatformAgentDefault:SecureJarResource(yungsapi)]
[06Mar2025 23:36:00.971] [main/DEBUG] [mixin/]: Processing inject() for PlatformAgent[MixinPlatformAgentDefault:SecureJarResource(backpacked)]
[06Mar2025 23:36:00.971] [main/DEBUG] [mixin/]: Processing inject() for PlatformAgent[MixinPlatformAgentDefault:SecureJarResource(canary)]
[06Mar2025 23:36:00.971] [main/DEBUG] [mixin/]: Processing inject() for PlatformAgent[MixinPlatformAgentDefault:SecureJarResource(mixinextras)]
[06Mar2025 23:36:00.971] [main/DEBUG] [mixin/]: Processing inject() for PlatformAgent[MixinPlatformAgentDefault:SecureJarResource(mr_lukis_grandcapitals)]
[06Mar2025 23:36:00.971] [main/DEBUG] [mixin/]: Processing inject() for PlatformAgent[MixinPlatformAgentDefault:SecureJarResource(mvs)]
[06Mar2025 23:36:00.971] [main/DEBUG] [mixin/]: Processing inject() for PlatformAgent[MixinPlatformAgentDefault:SecureJarResource(architectury)]
[06Mar2025 23:36:00.971] [main/DEBUG] [mixin/]: Processing inject() for PlatformAgent[MixinPlatformAgentDefault:SecureJarResource(doapi)]
[06Mar2025 23:36:00.971] [main/DEBUG] [mixin/]: Processing inject() for PlatformAgent[MixinPlatformAgentDefault:SecureJarResource(vinery)]
[06Mar2025 23:36:00.971] [main/DEBUG] [mixin/]: Processing inject() for PlatformAgent[MixinPlatformAgentDefault:SecureJarResource(alexsdelight)]
[06Mar2025 23:36:00.971] [main/DEBUG] [mixin/]: Processing inject() for PlatformAgent[MixinPlatformAgentDefault:SecureJarResource(moremobvariants)]
[06Mar2025 23:36:00.971] [main/DEBUG] [mixin/]: Processing inject() for PlatformAgent[MixinPlatformAgentDefault:SecureJarResource(lootr)]
[06Mar2025 23:36:00.971] [main/DEBUG] [mixin/]: Processing inject() for PlatformAgent[MixinPlatformAgentDefault:SecureJarResource(ferritecore)]
[06Mar2025 23:36:00.971] [main/DEBUG] [mixin/]: Processing inject() for PlatformAgent[MixinPlatformAgentDefault:SecureJarResource(ancient_golems)]
[06Mar2025 23:36:00.971] [main/DEBUG] [mixin/]: Processing inject() for PlatformAgent[MixinPlatformAgentDefault:SecureJarResource(refurbished_furniture)]
[06Mar2025 23:36:00.971] [main/DEBUG] [mixin/]: Processing inject() for PlatformAgent[MixinPlatformAgentDefault:SecureJarResource(decent_biomes)]
[06Mar2025 23:36:00.971] [main/DEBUG] [mixin/]: Processing inject() for PlatformAgent[MixinPlatformAgentDefault:SecureJarResource(mysticsbiomes)]
[06Mar2025 23:36:00.971] [main/DEBUG] [mixin/]: Processing inject() for PlatformAgent[MixinPlatformAgentDefault:SecureJarResource(framework)]
[06Mar2025 23:36:00.971] [main/DEBUG] [mixin/]: Processing inject() for PlatformAgent[MixinPlatformAgentDefault:SecureJarResource(paraglider)]
[06Mar2025 23:36:00.971] [main/DEBUG] [mixin/]: Processing inject() for PlatformAgent[MixinPlatformAgentDefault:SecureJarResource(goblins_tyranny)]
[06Mar2025 23:36:00.971] [main/DEBUG] [mixin/]: Processing inject() for PlatformAgent[MixinPlatformAgentDefault:SecureJarResource(forge)]
[06Mar2025 23:36:00.971] [main/DEBUG] [mixin/]: Processing inject() for PlatformAgent[MixinPlatformAgentDefault:SecureJarResource(plenty_of_golems)]
[06Mar2025 23:36:00.973] [main/DEBUG] [mixin/]: Processing inject() for PlatformAgent[MixinPlatformAgentDefault:SecureJarResource(cosmeticarmorreworked)]
[06Mar2025 23:36:00.973] [main/DEBUG] [mixin/]: Processing inject() for PlatformAgent[MixinPlatformAgentDefault:SecureJarResource(farm_and_charm)]
[06Mar2025 23:36:00.983] [main/DEBUG] [mixin/]: Processing inject() for PlatformAgent[MixinPlatformAgentDefault:SecureJarResource(mclib)]
[06Mar2025 23:36:00.984] [main/DEBUG] [mixin/]: Processing inject() for PlatformAgent[MixinPlatformAgentDefault:SecureJarResource(jankson)]
[06Mar2025 23:36:00.984] [main/DEBUG] [mixin/]: Processing inject() for PlatformAgent[MixinPlatformAgentDefault:SecureJarResource(MixinExtras)]
[06Mar2025 23:36:00.984] [main/INFO] [cpw.mods.modlauncher.LaunchServiceHandler/MODLAUNCHER]: Launching target 'forgeserver' with arguments [nogui]
[06Mar2025 23:36:01.036] [main/DEBUG] [mixin/]: Preparing mixins for MixinEnvironment[DEFAULT]
[06Mar2025 23:36:01.037] [main/DEBUG] [mixin/]: Selecting config farmersdelight.mixins.json
[06Mar2025 23:36:01.045] [main/DEBUG] [mixin/]: Selecting config terrablender.mixins.json
[06Mar2025 23:36:01.047] [main/DEBUG] [mixin/]: Selecting config terrablender_forge.mixins.json
[06Mar2025 23:36:01.048] [main/DEBUG] [mixin/]: Selecting config jade.mixins.json
[06Mar2025 23:36:01.049] [main/DEBUG] [mixin/]: Selecting config geckolib.mixins.json
[06Mar2025 23:36:01.051] [main/DEBUG] [mixin/]: Selecting config mixins.recrafted_creatures.json
[06Mar2025 23:36:01.068] [main/DEBUG] [mixin/]: Selecting config mixins.duclib.json
[06Mar2025 23:36:01.069] [main/DEBUG] [mixin/]: Selecting config ribbits.mixins.json
[06Mar2025 23:36:01.071] [main/DEBUG] [mixin/]: Selecting config ribbits_forge.mixins.json
[06Mar2025 23:36:01.082] [main/DEBUG] [mixin/]: Selecting config curios.mixins.json
[06Mar2025 23:36:01.084] [main/DEBUG] [mixin/]: Selecting config patchouli_xplat.mixins.json
[06Mar2025 23:36:01.086] [main/DEBUG] [mixin/]: Selecting config modernfix-common.mixins.json
[06Mar2025 23:36:01.336] [main/INFO] [ModernFix/]: Loaded configuration file for ModernFix 5.19.4+mc1.20.1: 84 options available, 0 override(s) found
[06Mar2025 23:36:01.337] [main/INFO] [ModernFix/]: Applying Nashorn fix
[06Mar2025 23:36:01.403] [main/INFO] [ModernFix/]: Applied Forge config corruption patch
[06Mar2025 23:36:01.408] [main/DEBUG] [mixin/]: Selecting config modernfix-forge.mixins.json
[06Mar2025 23:36:01.411] [main/DEBUG] [mixin/]: Selecting config citadel.mixins.json
[06Mar2025 23:36:01.413] [main/DEBUG] [mixin/]: Selecting config yungsapi.mixins.json
[06Mar2025 23:36:01.415] [main/DEBUG] [mixin/]: Selecting config yungsapi_forge.mixins.json
[06Mar2025 23:36:01.416] [main/DEBUG] [mixin/]: Selecting config backpacked.forge.mixins.json
[06Mar2025 23:36:01.418] [main/DEBUG] [mixin/]: Selecting config backpacked.common.mixins.json
[06Mar2025 23:36:01.419] [main/DEBUG] [mixin/]: Selecting config canary.mixins.json
[06Mar2025 23:36:01.434] [main/INFO] [Canary/]: Loaded configuration file for Canary: 116 options available, 0 override(s) found
[06Mar2025 23:36:01.442] [main/DEBUG] [mixin/]: Selecting config mixinextras.init.mixins.json
[06Mar2025 23:36:01.472] [main/DEBUG] [MixinExtras|Service/]: com.llamalad7.mixinextras.service.MixinExtrasServiceImpl(version=0.3.5) is taking over from null
[06Mar2025 23:36:01.564] [main/DEBUG] [mixin/]: Registering new injector for @Inject with org.spongepowered.asm.mixin.injection.struct.CallbackInjectionInfo
[06Mar2025 23:36:01.565] [main/DEBUG] [mixin/]: Registering new injector for @ModifyArg with org.spongepowered.asm.mixin.injection.struct.ModifyArgInjectionInfo
[06Mar2025 23:36:01.566] [main/DEBUG] [mixin/]: Registering new injector for @ModifyArgs with org.spongepowered.asm.mixin.injection.struct.ModifyArgsInjectionInfo
[06Mar2025 23:36:01.567] [main/DEBUG] [mixin/]: Registering new injector for @Redirect with org.spongepowered.asm.mixin.injection.struct.RedirectInjectionInfo
[06Mar2025 23:36:01.569] [main/DEBUG] [mixin/]: Registering new injector for @ModifyVariable with org.spongepowered.asm.mixin.injection.struct.ModifyVariableInjectionInfo
[06Mar2025 23:36:01.570] [main/DEBUG] [mixin/]: Registering new injector for @ModifyConstant with org.spongepowered.asm.mixin.injection.struct.ModifyConstantInjectionInfo
[06Mar2025 23:36:01.583] [main/DEBUG] [mixin/]: Selecting config mvs-common.mixins.json
[06Mar2025 23:36:01.592] [main/DEBUG] [mixin/]: Selecting config mvs-forge.mixins.json
[06Mar2025 23:36:01.594] [main/WARN] [mixin/]: Reference map 'mvs-forge-refmap.json' for mvs-forge.mixins.json could not be read. If this is a development environment you can ignore this message
[06Mar2025 23:36:01.595] [main/DEBUG] [mixin/]: Selecting config architectury.mixins.json
[06Mar2025 23:36:01.597] [main/DEBUG] [mixin/]: Selecting config architectury-common.mixins.json
[06Mar2025 23:36:01.598] [main/DEBUG] [mixin/]: Selecting config doapi-common.mixins.json
[06Mar2025 23:36:01.599] [main/DEBUG] [mixin/]: Selecting config doapi.mixins.json
[06Mar2025 23:36:01.622] [main/DEBUG] [mixin/]: Selecting config vinery-common.mixins.json
[06Mar2025 23:36:01.630] [main/DEBUG] [mixin/]: Selecting config vinery.mixins.json
[06Mar2025 23:36:01.631] [main/DEBUG] [mixin/]: Selecting config moremobvariants.mixins.json
[06Mar2025 23:36:01.633] [main/DEBUG] [mixin/]: Selecting config lootr.mixins.json
[06Mar2025 23:36:01.640] [main/DEBUG] [mixin/]: Selecting config ferritecore.predicates.mixin.json
[06Mar2025 23:36:01.666] [main/DEBUG] [mixin/]: Selecting config ferritecore.fastmap.mixin.json
[06Mar2025 23:36:01.672] [main/DEBUG] [mixin/]: Selecting config ferritecore.mrl.mixin.json
[06Mar2025 23:36:01.678] [main/DEBUG] [mixin/]: Selecting config ferritecore.dedupmultipart.mixin.json
[06Mar2025 23:36:01.680] [main/DEBUG] [mixin/]: Selecting config ferritecore.blockstatecache.mixin.json
[06Mar2025 23:36:01.685] [main/DEBUG] [mixin/]: Selecting config ferritecore.dedupbakedquad.mixin.json
[06Mar2025 23:36:01.687] [main/DEBUG] [mixin/]: Selecting config ferritecore.threaddetec.mixin.json
[06Mar2025 23:36:01.697] [main/DEBUG] [mixin/]: Selecting config ferritecore.modelsides.mixin.json
[06Mar2025 23:36:01.701] [main/DEBUG] [mixin/]: Selecting config refurbished_furniture.common.mixins.json
[06Mar2025 23:36:01.702] [main/DEBUG] [mixin/]: Selecting config paraglider.mixins.json
[06Mar2025 23:36:01.703] [main/DEBUG] [mixin/]: Selecting config FarmAndCharm-common.mixins.json
[06Mar2025 23:36:01.704] [main/DEBUG] [mixin/]: Preparing farmersdelight.mixins.json (9)
[06Mar2025 23:36:01.835] [main/DEBUG] [mixin/]: Preparing terrablender.mixins.json (7)
[06Mar2025 23:36:01.902] [main/DEBUG] [mixin/]: Preparing terrablender_forge.mixins.json (0)
[06Mar2025 23:36:01.903] [main/DEBUG] [mixin/]: Preparing jade.mixins.json (3)
[06Mar2025 23:36:01.903] [main/DEBUG] [mixin/]: Preparing geckolib.mixins.json (1)
[06Mar2025 23:36:01.903] [main/DEBUG] [mixin/]: Preparing mixins.recrafted_creatures.json (3)
[06Mar2025 23:36:01.929] [main/DEBUG] [mixin/]: Preparing mixins.duclib.json (2)
[06Mar2025 23:36:01.931] [main/DEBUG] [mixin/]: Preparing ribbits.mixins.json (12)
[06Mar2025 23:36:01.938] [main/DEBUG] [mixin/]: Preparing ribbits_forge.mixins.json (1)
[06Mar2025 23:36:01.967] [main/DEBUG] [mixin/]: Preparing curios.mixins.json (13)
[06Mar2025 23:36:02.061] [main/DEBUG] [mixin/]: Preparing patchouli_xplat.mixins.json (10)
[06Mar2025 23:36:02.074] [main/DEBUG] [mixin/]: Preparing modernfix-common.mixins.json (95)
[06Mar2025 23:36:02.085] [main/DEBUG] [ModernFix/]: No rules matched mixin 'perf.compact_mojang_registries.MappedRegistryMixin', treating as foreign and disabling!
[06Mar2025 23:36:02.134] [main/DEBUG] [net.minecraftforge.coremod.transformer.CoreModBaseTransformer/COREMOD]: Transforming net/minecraft/server/MinecraftServer
[06Mar2025 23:36:02.518] [main/DEBUG] [net.minecraftforge.coremod.transformer.CoreModBaseTransformer/COREMOD]: Transforming net/minecraft/world/level/biome/Biome
[06Mar2025 23:36:02.638] [main/DEBUG] [mixin/]: Preparing modernfix-forge.mixins.json (46)
[06Mar2025 23:36:02.729] [main/DEBUG] [mixin/]: Preparing citadel.mixins.json (15)
[06Mar2025 23:36:02.761] [main/DEBUG] [mixin/]: Preparing yungsapi.mixins.json (11)
[06Mar2025 23:36:02.776] [main/DEBUG] [yungsapi/]: Loaded com.yungnickyoung.minecraft.yungsapi.services.ForgePlatformHelper@25f0c5e7 for service interface com.yungnickyoung.minecraft.yungsapi.services.IPlatformHelper
[06Mar2025 23:36:02.778] [main/DEBUG] [yungsapi/]: Loaded com.yungnickyoung.minecraft.yungsapi.services.ForgeAutoRegisterHelper@10618775 for service interface com.yungnickyoung.minecraft.yungsapi.services.IAutoRegisterHelper
[06Mar2025 23:36:02.778] [main/DEBUG] [yungsapi/]: Loaded com.yungnickyoung.minecraft.yungsapi.services.ForgeBlockEntityTypeHelper@4d7cac24 for service interface com.yungnickyoung.minecraft.yungsapi.services.IBlockEntityTypeHelper
[06Mar2025 23:36:02.779] [main/DEBUG] [yungsapi/]: Loaded com.yungnickyoung.minecraft.yungsapi.services.ForgeParticleTypeHelper@720f56e2 for service interface com.yungnickyoung.minecraft.yungsapi.services.IParticleTypeHelper
[06Mar2025 23:36:02.795] [main/DEBUG] [net.minecraftforge.coremod.transformer.CoreModBaseTransformer/COREMOD]: Transforming net/minecraft/server/level/ServerPlayer
[06Mar2025 23:36:02.832] [main/DEBUG] [net.minecraftforge.coremod.transformer.CoreModBaseTransformer/COREMOD]: Transforming m_36170_ with desc (Lnet/minecraft/world/entity/player/PlayerModelPart;)Z
[06Mar2025 23:36:02.971] [main/DEBUG] [mixin/]: Preparing yungsapi_forge.mixins.json (1)
[06Mar2025 23:36:02.972] [main/DEBUG] [mixin/]: Preparing backpacked.forge.mixins.json (1)
[06Mar2025 23:36:02.972] [main/DEBUG] [mixin/]: Preparing backpacked.common.mixins.json (11)
[06Mar2025 23:36:02.984] [main/DEBUG] [net.minecraftforge.coremod.transformer.CoreModBaseTransformer/COREMOD]: Transforming m_36170_ with desc (Lnet/minecraft/world/entity/player/PlayerModelPart;)Z
[06Mar2025 23:36:02.997] [main/DEBUG] [mixin/]: Preparing canary.mixins.json (203)
[06Mar2025 23:36:03.197] [main/DEBUG] [net.minecraftforge.coremod.transformer.CoreModBaseTransformer/COREMOD]: Transforming net/minecraft/world/entity/raid/Raid
[06Mar2025 23:36:03.889] [main/DEBUG] [net.minecraftforge.coremod.transformer.CoreModBaseTransformer/COREMOD]: Transforming net/minecraft/world/item/ItemStack
[06Mar2025 23:36:03.969] [main/DEBUG] [net.minecraftforge.coremod.transformer.CoreModBaseTransformer/COREMOD]: Transforming net/minecraft/world/level/chunk/LevelChunk
[06Mar2025 23:36:04.037] [main/DEBUG] [mixin/]: Preparing mixinextras.init.mixins.json (0)
[06Mar2025 23:36:04.037] [main/DEBUG] [mixin/]: Preparing mvs-common.mixins.json (12)
[06Mar2025 23:36:04.073] [main/DEBUG] [net.minecraftforge.coremod.transformer.CoreModBaseTransformer/COREMOD]: Transforming net/minecraft/world/level/levelgen/structure/templatesystem/StructureTemplate
[06Mar2025 23:36:04.572] [main/DEBUG] [mixin/]: Preparing mvs-forge.mixins.json (0)
[06Mar2025 23:36:04.572] [main/DEBUG] [mixin/]: Preparing architectury.mixins.json (9)
[06Mar2025 23:36:04.579] [main/DEBUG] [mixin/]: Preparing architectury-common.mixins.json (10)
[06Mar2025 23:36:04.581] [main/DEBUG] [net.minecraftforge.coremod.transformer.CoreModBaseTransformer/COREMOD]: Transforming net/minecraft/world/item/BucketItem
[06Mar2025 23:36:04.590] [main/DEBUG] [net.minecraftforge.coremod.transformer.CoreModBaseTransformer/COREMOD]: Transforming net/minecraft/world/entity/EntityType
[06Mar2025 23:36:04.804] [main/DEBUG] [net.minecraftforge.coremod.transformer.CoreModBaseTransformer/COREMOD]: Transforming net/minecraft/world/level/block/LiquidBlock
[06Mar2025 23:36:04.811] [main/DEBUG] [mixin/]: Preparing doapi-common.mixins.json (4)
[06Mar2025 23:36:04.814] [main/DEBUG] [mixin/]: Preparing doapi.mixins.json (9)
[06Mar2025 23:36:04.821] [main/DEBUG] [mixin/]: Preparing vinery-common.mixins.json (10)
[06Mar2025 23:36:04.840] [main/DEBUG] [mixin/]: Preparing vinery.mixins.json (4)
[06Mar2025 23:36:04.845] [main/DEBUG] [mixin/]: Preparing moremobvariants.mixins.json (25)
[06Mar2025 23:36:04.863] [main/DEBUG] [net.minecraftforge.coremod.transformer.CoreModBaseTransformer/COREMOD]: Transforming net/minecraft/world/entity/monster/Spider
[06Mar2025 23:36:04.954] [main/DEBUG] [net.minecraftforge.coremod.transformer.CoreModBaseTransformer/COREMOD]: Transforming net/minecraft/world/entity/monster/Zombie
[06Mar2025 23:36:05.159] [main/DEBUG] [mixin/]: Preparing lootr.mixins.json (6)
[06Mar2025 23:36:05.163] [main/DEBUG] [mixin/]: Preparing ferritecore.predicates.mixin.json (3)
[06Mar2025 23:36:05.166] [main/DEBUG] [mixin/]: Preparing ferritecore.fastmap.mixin.json (1)
[06Mar2025 23:36:05.170] [main/DEBUG] [mixin/]: Preparing ferritecore.mrl.mixin.json (2)
[06Mar2025 23:36:05.170] [main/DEBUG] [mixin/]: Preparing ferritecore.dedupmultipart.mixin.json (2)
[06Mar2025 23:36:05.170] [main/DEBUG] [mixin/]: Preparing ferritecore.blockstatecache.mixin.json (8)
[06Mar2025 23:36:05.184] [main/DEBUG] [mixin/]: @Mixin target net/minecraft/world/level/block/state/BlockBehaviour$BlockStateBase$Cache is public in ferritecore.blockstatecache.mixin.json:BlockStateCacheMixin and should be specified in value
[06Mar2025 23:36:05.186] [main/DEBUG] [mixin/]: Preparing ferritecore.dedupbakedquad.mixin.json (2)
[06Mar2025 23:36:05.186] [main/DEBUG] [mixin/]: Preparing ferritecore.threaddetec.mixin.json (1)
[06Mar2025 23:36:05.186] [main/DEBUG] [mixin/]: Preparing ferritecore.modelsides.mixin.json (1)
[06Mar2025 23:36:05.186] [main/DEBUG] [mixin/]: Preparing refurbished_furniture.common.mixins.json (12)
[06Mar2025 23:36:05.194] [main/DEBUG] [mixin/]: Preparing paraglider.mixins.json (4)
[06Mar2025 23:36:05.198] [main/DEBUG] [mixin/]: Preparing FarmAndCharm-common.mixins.json (15)
[06Mar2025 23:36:05.317] [main/DEBUG] [net.minecraftforge.coremod.transformer.CoreModBaseTransformer/COREMOD]: Transforming m_78311_ with desc ()V
[06Mar2025 23:36:05.401] [main/DEBUG] [mixin/]: Inner class com/abdelaziz/canary/mixin/ai/poi/SectionStorageMixin$1 in com/abdelaziz/canary/mixin/ai/poi/SectionStorageMixin on net/minecraft/world/level/chunk/storage/SectionStorage gets unique name net/minecraft/world/level/chunk/storage/SectionStorage$Anonymous$1fda74cdfc4246a39b1c60e9159e24d6
[06Mar2025 23:36:05.412] [main/DEBUG] [mixin/]: Inner class com/abdelaziz/canary/mixin/chunk/palette/PalettedContainerMixin$1 in com/abdelaziz/canary/mixin/chunk/palette/PalettedContainerMixin on net/minecraft/world/level/chunk/PalettedContainer$Strategy gets unique name net/minecraft/world/level/chunk/PalettedContainer$Strategy$Anonymous$21022bf822da400cadd4657b063f7c94
[06Mar2025 23:36:05.412] [main/DEBUG] [mixin/]: Inner class com/abdelaziz/canary/mixin/chunk/palette/PalettedContainerMixin$2 in com/abdelaziz/canary/mixin/chunk/palette/PalettedContainerMixin on net/minecraft/world/level/chunk/PalettedContainer$Strategy gets unique name net/minecraft/world/level/chunk/PalettedContainer$Strategy$Anonymous$e2b82da3fdc04c8988c75ccb5a2f4bd2
[06Mar2025 23:36:05.466] [main/DEBUG] [mixin/]: Inner class net/satisfy/vinery/forge/mixin/BootsItemMixin$1 in net/satisfy/vinery/forge/mixin/BootsItemMixin on net/satisfy/vinery/core/item/WinemakerBootsItem gets unique name net/satisfy/vinery/core/item/WinemakerBootsItem$Anonymous$06de29e38d2e41878528817cdb34535a
[06Mar2025 23:36:05.467] [main/DEBUG] [mixin/]: Inner class net/satisfy/vinery/forge/mixin/ChestplateItemMixin$1 in net/satisfy/vinery/forge/mixin/ChestplateItemMixin on net/satisfy/vinery/core/item/WinemakerChestItem gets unique name net/satisfy/vinery/core/item/WinemakerChestItem$Anonymous$4f422476cc974db08b4a10d7fbbb7124
[06Mar2025 23:36:05.468] [main/DEBUG] [mixin/]: Inner class net/satisfy/vinery/forge/mixin/HelmetItemMixin$1 in net/satisfy/vinery/forge/mixin/HelmetItemMixin on net/satisfy/vinery/core/item/WinemakerHelmetItem gets unique name net/satisfy/vinery/core/item/WinemakerHelmetItem$Anonymous$4973cc77da804450bb8e536911c0b1da
[06Mar2025 23:36:05.470] [main/DEBUG] [mixin/]: Inner class net/satisfy/vinery/forge/mixin/LeggingsItemMixin$1 in net/satisfy/vinery/forge/mixin/LeggingsItemMixin on net/satisfy/vinery/core/item/WinemakerLegsItem gets unique name net/satisfy/vinery/core/item/WinemakerLegsItem$Anonymous$947f692d89b74800b96c2b38a85feb1e
[06Mar2025 23:36:05.497] [main/DEBUG] [mixin/]: Prepared 373 mixins in 4.459 sec (12.0ms avg) (0ms load, 0ms transform, 0ms plugin)
[06Mar2025 23:36:05.517] [main/DEBUG] [net.minecraftforge.coremod.transformer.CoreModBaseTransformer/COREMOD]: Transforming net/minecraft/server/MinecraftServer
[06Mar2025 23:36:05.532] [main/INFO] [MixinExtras|Service/]: Initializing MixinExtras via com.llamalad7.mixinextras.service.MixinExtrasServiceImpl(version=0.3.5).
[06Mar2025 23:36:05.533] [main/DEBUG] [mixin/]: Registering new injector for @SugarWrapper with com.llamalad7.mixinextras.sugar.impl.SugarWrapperInjectionInfo
[06Mar2025 23:36:05.534] [main/DEBUG] [mixin/]: Registering new injector for @FactoryRedirectWrapper with com.llamalad7.mixinextras.wrapper.factory.FactoryRedirectWrapperInjectionInfo
[06Mar2025 23:36:05.543] [main/DEBUG] [mixin/]: Mixing core.MinecraftServerMixin from modernfix-common.mixins.json into net.minecraft.server.MinecraftServer
[06Mar2025 23:36:05.559] [main/DEBUG] [mixin/]: Mixing perf.dedicated_reload_executor.MinecraftServerMixin from modernfix-common.mixins.json into net.minecraft.server.MinecraftServer
[06Mar2025 23:36:05.563] [main/DEBUG] [mixin/]: Mixing MinecraftServerMixin from citadel.mixins.json into net.minecraft.server.MinecraftServer
[06Mar2025 23:36:05.688] [main/DEBUG] [mixin/]: Mixing perf.fix_loop_spin_waiting.BlockableEventLoopMixin from modernfix-common.mixins.json into net.minecraft.util.thread.BlockableEventLoop
[06Mar2025 23:36:05.722] [main/DEBUG] [io.netty.util.internal.logging.InternalLoggerFactory/]: Using SLF4J as the default logging framework
[06Mar2025 23:36:05.724] [main/DEBUG] [io.netty.util.ResourceLeakDetector/]: -Dio.netty.leakDetection.level: simple
[06Mar2025 23:36:05.731] [main/DEBUG] [io.netty.util.ResourceLeakDetector/]: -Dio.netty.leakDetection.targetRecords: 4
[06Mar2025 23:36:05.872] [main/DEBUG] [mixin/]: Mixing perf.tag_id_caching.TagOrElementLocationMixin from modernfix-forge.mixins.json into net.minecraft.util.ExtraCodecs$TagOrElementLocation
[06Mar2025 23:36:05.950] [main/DEBUG] [mixin/]: Mixing DataFixerMixin from doapi-common.mixins.json into net.minecraft.resources.ResourceLocation
[06Mar2025 23:36:06.022] [main/DEBUG] [oshi.util.FileUtil/]: No oshi.properties file found from ClassLoader cpw.mods.modlauncher.TransformingClassLoader@52ea0269
[06Mar2025 23:36:06.023] [main/DEBUG] [oshi.util.FileUtil/]: No oshi.properties file found from ClassLoader jdk.internal.loader.ClassLoaders$AppClassLoader@76ed5528
[06Mar2025 23:36:06.255] [main/DEBUG] [oshi.util.FileUtil/]: Reading file /proc/self/auxv
[06Mar2025 23:36:06.256] [main/DEBUG] [oshi.util.FileUtil/]: Reading file /proc/self/auxv
[06Mar2025 23:36:06.271] [main/DEBUG] [oshi.util.FileUtil/]: Reading file /proc/stat
[06Mar2025 23:36:06.278] [main/DEBUG] [oshi.util.FileUtil/]: Reading file /sys/devices/system/cpu/cpu0/topology/core_id
[06Mar2025 23:36:06.286] [main/DEBUG] [oshi.util.FileUtil/]: Reading file /sys/devices/system/cpu/cpu0/topology/core_id
[06Mar2025 23:36:06.286] [main/DEBUG] [oshi.util.FileUtil/]: Reading file /sys/devices/system/cpu/cpu0/topology/physical_package_id
[06Mar2025 23:36:06.286] [main/DEBUG] [oshi.util.FileUtil/]: Reading file /sys/devices/system/cpu/cpu0/topology/physical_package_id
[06Mar2025 23:36:06.286] [main/DEBUG] [oshi.util.FileUtil/]: Reading file /sys/devices/system/cpu/cpu0/cpu_capacity
[06Mar2025 23:36:06.288] [main/DEBUG] [oshi.util.FileUtil/]: Reading file /sys/devices/system/cpu/cpu1/topology/core_id
[06Mar2025 23:36:06.288] [main/DEBUG] [oshi.util.FileUtil/]: Reading file /sys/devices/system/cpu/cpu1/topology/core_id
[06Mar2025 23:36:06.288] [main/DEBUG] [oshi.util.FileUtil/]: Reading file /sys/devices/system/cpu/cpu1/topology/physical_package_id
[06Mar2025 23:36:06.289] [main/DEBUG] [oshi.util.FileUtil/]: Reading file /sys/devices/system/cpu/cpu1/topology/physical_package_id
[06Mar2025 23:36:06.289] [main/DEBUG] [oshi.util.FileUtil/]: Reading file /sys/devices/system/cpu/cpu1/cpu_capacity
[06Mar2025 23:36:06.291] [main/DEBUG] [oshi.util.FileUtil/]: Reading file /proc/cpuinfo
[06Mar2025 23:36:06.336] [main/DEBUG] [oshi.util.FileUtil/]: Reading file /proc/self/auxv
[06Mar2025 23:36:06.338] [main/DEBUG] [oshi.util.FileUtil/]: No oshi.architecture.properties file found from ClassLoader cpw.mods.modlauncher.TransformingClassLoader@52ea0269
[06Mar2025 23:36:06.338] [main/DEBUG] [oshi.util.FileUtil/]: No oshi.architecture.properties file found from ClassLoader jdk.internal.loader.ClassLoaders$AppClassLoader@76ed5528
[06Mar2025 23:36:06.372] [main/DEBUG] [oshi.util.FileUtil/]: Reading file /proc/meminfo
[06Mar2025 23:36:06.373] [main/DEBUG] [oshi.util.FileUtil/]: Reading file /proc/meminfo
[06Mar2025 23:36:06.377] [main/DEBUG] [mixin/]: Mixing perf.thread_priorities.UtilMixin from modernfix-common.mixins.json into net.minecraft.Util
[06Mar2025 23:36:06.380] [main/DEBUG] [mixin/]: Renaming synthetic method lambda$adjustPriorityOfThreadFactory$0(Ljava/util/concurrent/ForkJoinPool$ForkJoinWorkerThreadFactory;Ljava/util/concurrent/ForkJoinPool;)Ljava/util/concurrent/ForkJoinWorkerThread; to md7fd833$lambda$adjustPriorityOfThreadFactory$0$0 in modernfix-common.mixins.json:perf.thread_priorities.UtilMixin
[06Mar2025 23:36:06.423] [main/DEBUG] [mixin/]: Mixing math.sine_lut.MthMixin from canary.mixins.json into net.minecraft.util.Mth
[06Mar2025 23:36:06.477] [main/DEBUG] [mixin/]: Mixing feature.measure_time.BootstrapMixin from modernfix-common.mixins.json into net.minecraft.server.Bootstrap
[06Mar2025 23:36:06.497] [main/DEBUG] [mixin/]: Mixing core.BootstrapMixin from modernfix-forge.mixins.json into net.minecraft.server.Bootstrap
[06Mar2025 23:36:06.524] [main/INFO] [net.minecraft.server.Bootstrap/]: ModernFix reached bootstrap stage (14.78 s after launch)
[06Mar2025 23:36:06.539] [main/DEBUG] [mixin/]: Mixing MixinBuiltInRegistries from terrablender.mixins.json into net.minecraft.core.registries.BuiltInRegistries
[06Mar2025 23:36:06.540] [main/DEBUG] [mixin/]: Renaming synthetic method lambda$registerSimple$0(Lnet/minecraft/core/registries/BuiltInRegistries$RegistryBootstrap;Lnet/minecraft/core/Registry;)Ljava/lang/Object; to md7fd833$lambda$registerSimple$0$0 in terrablender.mixins.json:MixinBuiltInRegistries
[06Mar2025 23:36:06.571] [main/DEBUG] [mixin/]: Mixing perf.mojang_registry_size.MappedRegistryMixin from modernfix-common.mixins.json into net.minecraft.core.MappedRegistry
[06Mar2025 23:36:06.606] [main/DEBUG] [mixin/]: Mixing perf.mojang_registry_size.ResourceKeyMixin from modernfix-common.mixins.json into net.minecraft.resources.ResourceKey
[06Mar2025 23:36:06.606] [main/DEBUG] [mixin/]: Renaming synthetic method lambda$createEfficient$0(Lnet/minecraft/resources/ResourceLocation;)Ljava/util/Map; to md7fd833$lambda$createEfficient$0$0 in modernfix-common.mixins.json:perf.mojang_registry_size.ResourceKeyMixin
[06Mar2025 23:36:06.649] [main/DEBUG] [mixin/]: Mixing inject.MixinGameEvent from architectury-common.mixins.json into net.minecraft.world.level.gameevent.GameEvent
[06Mar2025 23:36:06.664] [main/DEBUG] [mixin/]: Mixing perf.reduce_blockstate_cache_rebuilds.GameDataMixin from modernfix-forge.mixins.json into net.minecraftforge.registries.GameData
[06Mar2025 23:36:06.702] [main/DEBUG] [mixin/]: Mixing perf.forge_registry_alloc.ForgeRegistryMixin from modernfix-forge.mixins.json into net.minecraftforge.registries.ForgeRegistry
[06Mar2025 23:36:06.727] [main/DEBUG] [mixin/]: Mixing perf.fast_registry_validation.ForgeRegistryMixin from modernfix-forge.mixins.json into net.minecraftforge.registries.ForgeRegistry
[06Mar2025 23:36:06.735] [main/WARN] [mixin/]: @Final field delegatesByName:Ljava/util/Map; in modernfix-forge.mixins.json:perf.forge_registry_alloc.ForgeRegistryMixin should be final
[06Mar2025 23:36:06.737] [main/WARN] [mixin/]: @Final field delegatesByValue:Ljava/util/Map; in modernfix-forge.mixins.json:perf.forge_registry_alloc.ForgeRegistryMixin should be final
[06Mar2025 23:36:06.778] [main/DEBUG] [mixin/]: Mixing perf.reduce_blockstate_cache_rebuilds.BlockCallbacksMixin from modernfix-forge.mixins.json into net.minecraftforge.registries.GameData$BlockCallbacks
[06Mar2025 23:36:06.787] [main/DEBUG] [mixin/]: Mixing perf.forge_registry_alloc.DelegateHolderMixin from modernfix-forge.mixins.json into net.minecraft.world.level.block.Block
[06Mar2025 23:36:06.789] [main/DEBUG] [mixin/]: Mixing common.BlockMixin from backpacked.forge.mixins.json into net.minecraft.world.level.block.Block
[06Mar2025 23:36:06.792] [main/DEBUG] [mixin/]: Mixing shapes.blockstate_cache.BlockMixin from canary.mixins.json into net.minecraft.world.level.block.Block
[06Mar2025 23:36:06.792] [main/DEBUG] [mixin/]: Renaming synthetic method lambda$static$0(Lnet/minecraft/world/phys/shapes/VoxelShape;)Z to md7fd833$lambda$static$0$0 in canary.mixins.json:shapes.blockstate_cache.BlockMixin
[06Mar2025 23:36:06.795] [main/DEBUG] [mixin/]: Mixing inject.MixinBlock from architectury-common.mixins.json into net.minecraft.world.level.block.Block
[06Mar2025 23:36:06.796] [main/DEBUG] [mixin/]: Mixing BlockMixin from vinery-common.mixins.json into net.minecraft.world.level.block.Block
[06Mar2025 23:36:06.845] [main/DEBUG] [mixin/]: Mixing math.fast_blockpos.BlockPosMixin from canary.mixins.json into net.minecraft.core.BlockPos
[06Mar2025 23:36:06.930] [main/DEBUG] [mixin/]: Mixing bugfix.chunk_deadlock.BlockStateBaseMixin from modernfix-common.mixins.json into net.minecraft.world.level.block.state.BlockBehaviour$BlockStateBase
[06Mar2025 23:36:06.938] [main/DEBUG] [mixin/]: Mixing perf.reduce_blockstate_cache_rebuilds.BlockStateBaseMixin from modernfix-common.mixins.json into net.minecraft.world.level.block.state.BlockBehaviour$BlockStateBase
[06Mar2025 23:36:06.958] [main/DEBUG] [mixin/]: Mixing ai.pathing.BlockStateBaseMixin from canary.mixins.json into net.minecraft.world.level.block.state.BlockBehaviour$BlockStateBase
[06Mar2025 23:36:06.986] [main/DEBUG] [mixin/]: Mixing BlockStateBaseMixin from ferritecore.blockstatecache.mixin.json into net.minecraft.world.level.block.state.BlockBehaviour$BlockStateBase
[06Mar2025 23:36:07.066] [main/INFO] [ModernFix/]: Injecting BlockStateBase cache population hook into getNeighborPathNodeType from com.abdelaziz.canary.mixin.ai.pathing.BlockStateBaseMixin
[06Mar2025 23:36:07.072] [main/INFO] [ModernFix/]: Injecting BlockStateBase cache population hook into getPathNodeType from com.abdelaziz.canary.mixin.ai.pathing.BlockStateBaseMixin
[06Mar2025 23:36:07.087] [main/DEBUG] [mixin/]: Mixing FastMapStateHolderMixin from ferritecore.fastmap.mixin.json into net.minecraft.world.level.block.state.StateHolder
[06Mar2025 23:36:07.122] [main/DEBUG] [mixin/]: Mixing perf.model_optimizations.PropertyMixin from modernfix-common.mixins.json into net.minecraft.world.level.block.state.properties.Property
[06Mar2025 23:36:07.165] [main/DEBUG] [mixin/]: Mixing AccessorEntity from curios.mixins.json into net.minecraft.world.entity.Entity
[06Mar2025 23:36:07.169] [main/DEBUG] [mixin/]: Mixing common.EntityMixin from backpacked.common.mixins.json into net.minecraft.world.entity.Entity
[06Mar2025 23:36:07.171] [main/DEBUG] [mixin/]: Mixing alloc.deep_passengers.EntityMixin from canary.mixins.json into net.minecraft.world.entity.Entity
[06Mar2025 23:36:07.192] [main/DEBUG] [mixin/]: Mixing collections.fluid_submersion.EntityMixin from canary.mixins.json into net.minecraft.world.entity.Entity
[06Mar2025 23:36:07.196] [main/DEBUG] [mixin/]: Mixing entity.collisions.movement.EntityMixin from canary.mixins.json into net.minecraft.world.entity.Entity
[06Mar2025 23:36:07.219] [main/DEBUG] [mixin/]: Mixing entity.collisions.suffocation.EntityMixin from canary.mixins.json into net.minecraft.world.entity.Entity
[06Mar2025 23:36:07.229] [main/DEBUG] [mixin/]: Mixing entity.collisions.unpushable_cramming.EntityMixin from canary.mixins.json into net.minecraft.world.entity.Entity
[06Mar2025 23:36:07.231] [main/DEBUG] [mixin/]: Mixing entity.skip_fire_check.EntityMixin from canary.mixins.json into net.minecraft.world.entity.Entity
[06Mar2025 23:36:07.241] [main/DEBUG] [mixin/]: Mixing EntityAccessor from refurbished_furniture.common.mixins.json into net.minecraft.world.entity.Entity
[06Mar2025 23:36:07.241] [main/DEBUG] [mixin/]: Mixing EntityMixin from refurbished_furniture.common.mixins.json into net.minecraft.world.entity.Entity
[06Mar2025 23:36:07.463] [main/DEBUG] [mixin/]: Mixing MixinLivingEntity from curios.mixins.json into net.minecraft.world.entity.LivingEntity
[06Mar2025 23:36:07.465] [main/DEBUG] [mixin/]: Mixing perf.forge_cap_retrieval.LivingEntityMixin from modernfix-forge.mixins.json into net.minecraft.world.entity.LivingEntity
[06Mar2025 23:36:07.466] [main/DEBUG] [mixin/]: Mixing LivingEntityMixin from citadel.mixins.json into net.minecraft.world.entity.LivingEntity
[06Mar2025 23:36:07.484] [main/DEBUG] [mixin/]: Mixing alloc.enum_values.living_entity.LivingEntityMixin from canary.mixins.json into net.minecraft.world.entity.LivingEntity
[06Mar2025 23:36:07.485] [main/DEBUG] [mixin/]: Mixing entity.collisions.unpushable_cramming.LivingEntityMixin from canary.mixins.json into net.minecraft.world.entity.LivingEntity
[06Mar2025 23:36:07.493] [main/DEBUG] [mixin/]: Mixing entity.fast_elytra_check.LivingEntityMixin from canary.mixins.json into net.minecraft.world.entity.LivingEntity
[06Mar2025 23:36:07.494] [main/DEBUG] [mixin/]: Mixing entity.fast_hand_swing.LivingEntityMixin from canary.mixins.json into net.minecraft.world.entity.LivingEntity
[06Mar2025 23:36:07.495] [main/DEBUG] [mixin/]: Mixing entity.fast_powder_snow_check.LivingEntityMixin from canary.mixins.json into net.minecraft.world.entity.LivingEntity
[06Mar2025 23:36:07.496] [main/DEBUG] [mixin/]: Mixing entity.skip_equipment_change_check.LivingEntityMixin from canary.mixins.json into net.minecraft.world.entity.LivingEntity
[06Mar2025 23:36:07.497] [main/DEBUG] [mixin/]: Renaming synthetic method lambda$static$0(Lnet/minecraft/world/item/ItemStack;)Z to md7fd833$lambda$static$0$0 in canary.mixins.json:entity.skip_equipment_change_check.LivingEntityMixin
[06Mar2025 23:36:07.512] [main/DEBUG] [mixin/]: Mixing LivingEntityMixin from vinery-common.mixins.json into net.minecraft.world.entity.LivingEntity
[06Mar2025 23:36:07.518] [main/DEBUG] [net.minecraftforge.coremod.transformer.CoreModBaseTransformer/COREMOD]: Transforming net/minecraft/world/effect/MobEffectInstance
[06Mar2025 23:36:07.542] [main/DEBUG] [mixin/]: Mixing LivingEntityMixin from refurbished_furniture.common.mixins.json into net.minecraft.world.entity.LivingEntity
[06Mar2025 23:36:07.665] [main/DEBUG] [mixin/]: Mixing perf.model_optimizations.BooleanPropertyMixin from modernfix-common.mixins.json into net.minecraft.world.level.block.state.properties.BooleanProperty
[06Mar2025 23:36:07.680] [main/DEBUG] [mixin/]: Mixing LevelMixin from citadel.mixins.json into net.minecraft.world.level.Level
[06Mar2025 23:36:07.690] [main/DEBUG] [mixin/]: Mixing alloc.chunk_random.LevelMixin from canary.mixins.json into net.minecraft.world.level.Level
[06Mar2025 23:36:07.692] [main/DEBUG] [mixin/]: Mixing entity.collisions.intersection.LevelMixin from canary.mixins.json into net.minecraft.world.level.Level
[06Mar2025 23:36:07.696] [main/DEBUG] [mixin/]: Mixing util.block_entity_retrieval.LevelMixin from canary.mixins.json into net.minecraft.world.level.Level
[06Mar2025 23:36:07.707] [main/DEBUG] [mixin/]: Mixing world.block_entity_ticking.sleeping.LevelMixin from canary.mixins.json into net.minecraft.world.level.Level
[06Mar2025 23:36:07.708] [main/DEBUG] [mixin/]: Mixing world.chunk_access.LevelMixin from canary.mixins.json into net.minecraft.world.level.Level
[06Mar2025 23:36:07.719] [main/DEBUG] [mixin/]: Mixing world.inline_block_access.LevelMixin from canary.mixins.json into net.minecraft.world.level.Level
[06Mar2025 23:36:07.733] [main/DEBUG] [mixin/]: Mixing world.inline_height.LevelMixin from canary.mixins.json into net.minecraft.world.level.Level
[06Mar2025 23:36:07.750] [main/DEBUG] [mixin/]: Mixing LevelMixin from refurbished_furniture.common.mixins.json into net.minecraft.world.level.Level
[06Mar2025 23:36:07.826] [main/DEBUG] [mixin/]: Mixing util.chunk_access.LevelReaderMixin from canary.mixins.json into net.minecraft.world.level.LevelReader
[06Mar2025 23:36:07.838] [main/DEBUG] [mixin/]: Mixing bugfix.chunk_deadlock.ServerLevelMixin from modernfix-common.mixins.json into net.minecraft.server.level.ServerLevel
[06Mar2025 23:36:07.839] [main/DEBUG] [mixin/]: Mixing perf.cache_strongholds.ServerLevelMixin from modernfix-common.mixins.json into net.minecraft.server.level.ServerLevel
[06Mar2025 23:36:07.847] [main/DEBUG] [mixin/]: Mixing perf.faster_structure_location.ServerLevelMixin from modernfix-common.mixins.json into net.minecraft.server.level.ServerLevel
[06Mar2025 23:36:07.849] [main/DEBUG] [mixin/]: Mixing ServerLevelMixin from citadel.mixins.json into net.minecraft.server.level.ServerLevel
[06Mar2025 23:36:07.851] [main/DEBUG] [mixin/]: Mixing alloc.chunk_random.ServerLevelMixin from canary.mixins.json into net.minecraft.server.level.ServerLevel
[06Mar2025 23:36:07.854] [main/DEBUG] [mixin/]: Mixing chunk.replace_streams.ServerLevelMixin from canary.mixins.json into net.minecraft.server.level.ServerLevel
[06Mar2025 23:36:07.860] [main/DEBUG] [mixin/]: Mixing entity.inactive_navigations.ServerLevelMixin from canary.mixins.json into net.minecraft.server.level.ServerLevel
[06Mar2025 23:36:07.882] [main/DEBUG] [mixin/]: Mixing profiler.ServerLevelMixin from canary.mixins.json into net.minecraft.server.level.ServerLevel
[06Mar2025 23:36:07.884] [main/DEBUG] [mixin/]: Mixing util.accessors.ServerLevelAccessor from canary.mixins.json into net.minecraft.server.level.ServerLevel
[06Mar2025 23:36:07.884] [main/DEBUG] [mixin/]: Mixing world.block_entity_ticking.sleeping.ServerLevelMixin from canary.mixins.json into net.minecraft.server.level.ServerLevel
[06Mar2025 23:36:07.886] [main/DEBUG] [mixin/]: Mixing ServerLevelMixin from refurbished_furniture.common.mixins.json into net.minecraft.server.level.ServerLevel
[06Mar2025 23:36:08.112] [main/DEBUG] [mixin/]: Mixing common.ItemEntityMixin from backpacked.common.mixins.json into net.minecraft.world.entity.item.ItemEntity
[06Mar2025 23:36:08.146] [main/DEBUG] [net.minecraftforge.coremod.transformer.CoreModBaseTransformer/COREMOD]: Transforming m_36170_ with desc (Lnet/minecraft/world/entity/player/PlayerModelPart;)Z
[06Mar2025 23:36:08.147] [main/DEBUG] [mixin/]: Mixing common.PlayerMixin from backpacked.common.mixins.json into net.minecraft.world.entity.player.Player
[06Mar2025 23:36:08.200] [main/DEBUG] [mixin/]: Mixing MixinPlayer from paraglider.mixins.json into net.minecraft.world.entity.player.Player
[06Mar2025 23:36:08.329] [main/DEBUG] [mixin/]: Mixing perf.fast_forge_dummies.NamespacedHolderHelperMixin from modernfix-forge.mixins.json into net.minecraftforge.registries.NamespacedWrapper
[06Mar2025 23:36:08.355] [main/DEBUG] [mixin/]: Mixing inject.MixinFluid from architectury-common.mixins.json into net.minecraft.world.level.material.Fluid
[06Mar2025 23:36:08.361] [main/DEBUG] [mixin/]: Mixing perf.forge_registry_alloc.DelegateHolderMixin from modernfix-forge.mixins.json into net.minecraft.world.item.Item
[06Mar2025 23:36:08.368] [main/DEBUG] [mixin/]: Mixing inject.MixinItem from architectury-common.mixins.json into net.minecraft.world.item.Item
[06Mar2025 23:36:08.404] [main/DEBUG] [net.minecraftforge.coremod.transformer.CoreModBaseTransformer/COREMOD]: Transforming net/minecraft/world/entity/EntityType
[06Mar2025 23:36:08.551] [main/DEBUG] [mixin/]: Mixing inject.MixinEntityType from architectury-common.mixins.json into net.minecraft.world.entity.EntityType
[06Mar2025 23:36:08.592] [main/DEBUG] [mixin/]: Mixing perf.dynamic_dfu.BlockEntityTypeMixin from modernfix-common.mixins.json into net.minecraft.world.level.block.entity.BlockEntityType
[06Mar2025 23:36:08.594] [main/DEBUG] [mixin/]: Mixing sign.MixinBlockEntityType from doapi.mixins.json into net.minecraft.world.level.block.entity.BlockEntityType
[06Mar2025 23:36:08.649] [main/DEBUG] [mixin/]: Mixing ai.poi.PoiTypesMixin from canary.mixins.json into net.minecraft.world.entity.ai.village.poi.PoiTypes
[06Mar2025 23:36:08.656] [main/DEBUG] [mixin/]: Mixing MixinPoiTypes from lootr.mixins.json into net.minecraft.world.entity.ai.village.poi.PoiTypes
[06Mar2025 23:36:08.679] [main/DEBUG] [mixin/]: Mixing MixinPoiType from lootr.mixins.json into net.minecraft.world.entity.ai.village.poi.PoiType
[06Mar2025 23:36:08.723] [main/DEBUG] [mixin/]: Mixing KeepRichSoilGiantTreeMixin from farmersdelight.mixins.json into net.minecraft.world.level.levelgen.feature.Feature
[06Mar2025 23:36:08.724] [main/DEBUG] [mixin/]: Renaming synthetic method lambda$keepRichSoil$0(Lnet/minecraft/world/level/block/state/BlockState;)Z to md7fd833$lambda$keepRichSoil$0$0 in farmersdelight.mixins.json:KeepRichSoilGiantTreeMixin
[06Mar2025 23:36:08.824] [main/DEBUG] [mixin/]: Mixing FireBlockMixin from doapi.mixins.json into net.minecraft.world.level.block.FireBlock
[06Mar2025 23:36:08.857] [main/DEBUG] [mixin/]: Mixing math.fast_blockpos.DirectionMixin from canary.mixins.json into net.minecraft.core.Direction
[06Mar2025 23:36:08.859] [main/DEBUG] [mixin/]: Mixing math.fast_util.DirectionMixin from canary.mixins.json into net.minecraft.core.Direction
[06Mar2025 23:36:08.934] [main/DEBUG] [mixin/]: Mixing block.moving_block_shapes.VoxelShapeMixin from canary.mixins.json into net.minecraft.world.phys.shapes.VoxelShape
[06Mar2025 23:36:08.949] [main/DEBUG] [mixin/]: Mixing shapes.specialized_shapes.VoxelShapeMixin from canary.mixins.json into net.minecraft.world.phys.shapes.VoxelShape
[06Mar2025 23:36:08.993] [main/DEBUG] [mixin/]: Mixing VoxelShapeAccess from ferritecore.blockstatecache.mixin.json into net.minecraft.world.phys.shapes.VoxelShape
[06Mar2025 23:36:09.050] [main/DEBUG] [mixin/]: Mixing shapes.optimized_matching.ShapesMixin from canary.mixins.json into net.minecraft.world.phys.shapes.Shapes
[06Mar2025 23:36:09.053] [main/DEBUG] [mixin/]: Mixing shapes.shape_merging.ShapesMixin from canary.mixins.json into net.minecraft.world.phys.shapes.Shapes
[06Mar2025 23:36:09.057] [main/DEBUG] [mixin/]: Mixing shapes.specialized_shapes.ShapesMixin from canary.mixins.json into net.minecraft.world.phys.shapes.Shapes
[06Mar2025 23:36:09.111] [main/DEBUG] [mixin/]: Mixing DiscreteVSAccess from ferritecore.blockstatecache.mixin.json into net.minecraft.world.phys.shapes.DiscreteVoxelShape
[06Mar2025 23:36:09.114] [main/DEBUG] [mixin/]: Mixing BitSetDVSAccess from ferritecore.blockstatecache.mixin.json into net.minecraft.world.phys.shapes.BitSetDiscreteVoxelShape
[06Mar2025 23:36:09.122] [main/DEBUG] [mixin/]: Mixing ArrayVSAccess from ferritecore.blockstatecache.mixin.json into net.minecraft.world.phys.shapes.ArrayVoxelShape
[06Mar2025 23:36:09.128] [main/DEBUG] [mixin/]: Mixing shapes.precompute_shape_arrays.CubeVoxelShapeMixin from canary.mixins.json into net.minecraft.world.phys.shapes.CubeVoxelShape
[06Mar2025 23:36:09.151] [main/DEBUG] [mixin/]: Mixing SliceShapeAccess from ferritecore.blockstatecache.mixin.json into net.minecraft.world.phys.shapes.SliceShape
[06Mar2025 23:36:09.171] [main/DEBUG] [mixin/]: Mixing shapes.precompute_shape_arrays.CubePointRangeMixin from canary.mixins.json into net.minecraft.world.phys.shapes.CubePointRange
[06Mar2025 23:36:09.409] [main/DEBUG] [mixin/]: Mixing perf.reduce_blockstate_cache_rebuilds.BlocksMixin from modernfix-common.mixins.json into net.minecraft.world.level.block.Blocks
[06Mar2025 23:36:09.415] [main/DEBUG] [mixin/]: Renaming synthetic method lambda$getEmptyConsumer$0(Ljava/lang/Object;)V to md7fd833$lambda$getEmptyConsumer$0$0 in modernfix-common.mixins.json:perf.reduce_blockstate_cache_rebuilds.BlocksMixin
[06Mar2025 23:36:09.464] [main/DEBUG] [mixin/]: Mixing SpreadingSnowyDirtBlockMixin from vinery-common.mixins.json into net.minecraft.world.level.block.SpreadingSnowyDirtBlock
[06Mar2025 23:36:09.484] [main/DEBUG] [mixin/]: Mixing PlantBlockMixin from vinery-common.mixins.json into net.minecraft.world.level.block.BushBlock
[06Mar2025 23:36:09.523] [main/DEBUG] [net.minecraftforge.coremod.transformer.CoreModBaseTransformer/COREMOD]: Transforming net/minecraft/world/level/block/LiquidBlock
[06Mar2025 23:36:09.524] [main/DEBUG] [mixin/]: Mixing inject.MixinLiquidBlock from architectury-common.mixins.json into net.minecraft.world.level.block.LiquidBlock
[06Mar2025 23:36:09.559] [main/DEBUG] [mixin/]: Mixing CuttingBoardDispenserMixin from farmersdelight.mixins.json into net.minecraft.world.level.block.DispenserBlock
[06Mar2025 23:36:09.587] [main/DEBUG] [mixin/]: Mixing alloc.enum_values.piston_block.PistonBaseBlockMixin from canary.mixins.json into net.minecraft.world.level.block.piston.PistonBaseBlock
[06Mar2025 23:36:09.636] [main/DEBUG] [net.minecraftforge.coremod.transformer.CoreModBaseTransformer/COREMOD]: Transforming net/minecraft/world/level/block/StairBlock
[06Mar2025 23:36:09.653] [main/DEBUG] [mixin/]: Mixing alloc.enum_values.redstone_wire.RedStoneWireBlockMixin from canary.mixins.json into net.minecraft.world.level.block.RedStoneWireBlock
[06Mar2025 23:36:09.654] [main/DEBUG] [mixin/]: Mixing block.redstone_wire.RedStoneWireBlockMixin from canary.mixins.json into net.minecraft.world.level.block.RedStoneWireBlock
[06Mar2025 23:36:09.726] [main/DEBUG] [mixin/]: Mixing CropBlockMixin from FarmAndCharm-common.mixins.json into net.minecraft.world.level.block.CropBlock
[06Mar2025 23:36:09.766] [main/DEBUG] [mixin/]: Mixing FarmlandBlockMixin from FarmAndCharm-common.mixins.json into net.minecraft.world.level.block.FarmBlock
[06Mar2025 23:36:09.781] [main/DEBUG] [mixin/]: Mixing accessor.DoorBlockAccessor from ribbits.mixins.json into net.minecraft.world.level.block.DoorBlock
[06Mar2025 23:36:09.781] [main/DEBUG] [mixin/]: Renaming @Invoker method createDoorBlock(Lnet/minecraft/world/level/block/state/BlockBehaviour$Properties;Lnet/minecraft/world/level/block/state/properties/BlockSetType;)Lnet/minecraft/world/level/block/DoorBlock; to createDoorBlock_$md$7fd833$0 in ribbits.mixins.json:accessor.DoorBlockAccessor
[06Mar2025 23:36:09.848] [main/DEBUG] [mixin/]: Mixing perf.deduplicate_wall_shapes.WallBlockMixin from modernfix-common.mixins.json into net.minecraft.world.level.block.WallBlock
[06Mar2025 23:36:09.879] [main/DEBUG] [net.minecraftforge.coremod.transformer.CoreModBaseTransformer/COREMOD]: Transforming net/minecraft/world/level/block/FlowerPotBlock
[06Mar2025 23:36:09.894] [main/DEBUG] [mixin/]: Mixing util.inventory_comparator_tracking.ComparatorBlockMixin from canary.mixins.json into net.minecraft.world.level.block.ComparatorBlock
[06Mar2025 23:36:09.957] [main/DEBUG] [mixin/]: Mixing CampfireBaleMixin from farmersdelight.mixins.json into net.minecraft.world.level.block.CampfireBlock
[06Mar2025 23:36:09.961] [main/DEBUG] [mixin/]: Mixing CampfireBlockMixin from FarmAndCharm-common.mixins.json into net.minecraft.world.level.block.CampfireBlock
[06Mar2025 23:36:10.004] [main/DEBUG] [mixin/]: Mixing MixinPowderSnowBlock from curios.mixins.json into net.minecraft.world.level.block.PowderSnowBlock
[06Mar2025 23:36:10.037] [main/DEBUG] [mixin/]: Mixing sign.MixinAbstractBlockSettings from doapi.mixins.json into net.minecraft.world.level.block.state.BlockBehaviour$Properties
[06Mar2025 23:36:10.058] [main/DEBUG] [mixin/]: Mixing perf.state_definition_construct.StateDefinitionMixin from modernfix-common.mixins.json into net.minecraft.world.level.block.state.StateDefinition
[06Mar2025 23:36:10.092] [main/DEBUG] [mixin/]: Mixing block.flatten_states.FluidStateMixin from canary.mixins.json into net.minecraft.world.level.material.FluidState
[06Mar2025 23:36:10.196] [main/INFO] [net.minecraft.server.Bootstrap/]: Vanilla bootstrap took 3665 milliseconds
[06Mar2025 23:36:10.241] [main/DEBUG] [io.netty.util.internal.PlatformDependent0/]: -Dio.netty.noUnsafe: false
[06Mar2025 23:36:10.241] [main/DEBUG] [io.netty.util.internal.PlatformDependent0/]: Java version: 17
[06Mar2025 23:36:10.242] [main/DEBUG] [io.netty.util.internal.PlatformDependent0/]: sun.misc.Unsafe.theUnsafe: available
[06Mar2025 23:36:10.242] [main/DEBUG] [io.netty.util.internal.PlatformDependent0/]: sun.misc.Unsafe.copyMemory: available
[06Mar2025 23:36:10.242] [main/DEBUG] [io.netty.util.internal.PlatformDependent0/]: sun.misc.Unsafe.storeFence: available
[06Mar2025 23:36:10.242] [main/DEBUG] [io.netty.util.internal.PlatformDependent0/]: java.nio.Buffer.address: available
[06Mar2025 23:36:10.243] [main/DEBUG] [io.netty.util.internal.PlatformDependent0/]: direct buffer constructor: unavailable
java.lang.UnsupportedOperationException: Reflective setAccessible(true) disabled
	at io.netty.util.internal.ReflectionUtil.trySetAccessible(ReflectionUtil.java:31) ~[netty-common-4.1.82.Final.jar%2382!/:4.1.82.Final]
	at io.netty.util.internal.PlatformDependent0$5.run(PlatformDependent0.java:288) ~[netty-common-4.1.82.Final.jar%2382!/:4.1.82.Final]
	at java.security.AccessController.doPrivileged(AccessController.java:318) ~[?:?]
	at io.netty.util.internal.PlatformDependent0.<clinit>(PlatformDependent0.java:282) ~[netty-common-4.1.82.Final.jar%2382!/:4.1.82.Final]
	at io.netty.util.internal.PlatformDependent.isAndroid(PlatformDependent.java:333) ~[netty-common-4.1.82.Final.jar%2382!/:4.1.82.Final]
	at io.netty.util.internal.PlatformDependent.<clinit>(PlatformDependent.java:88) ~[netty-common-4.1.82.Final.jar%2382!/:4.1.82.Final]
	at io.netty.util.ConstantPool.<init>(ConstantPool.java:34) ~[netty-common-4.1.82.Final.jar%2382!/:4.1.82.Final]
	at io.netty.util.AttributeKey$1.<init>(AttributeKey.java:27) ~[netty-common-4.1.82.Final.jar%2382!/:4.1.82.Final]
	at io.netty.util.AttributeKey.<clinit>(AttributeKey.java:27) ~[netty-common-4.1.82.Final.jar%2382!/:4.1.82.Final]
	at net.minecraftforge.network.NetworkConstants.<clinit>(NetworkConstants.java:34) ~[forge-1.20.1-47.3.7-universal.jar%23190!/:?]
	at net.minecraft.server.Bootstrap.handler$zdg000$doClassloadHack(Bootstrap.java:1034) ~[server-1.20.1-20230612.114412-srg.jar%23185!/:?]
	at net.minecraft.server.Bootstrap.m_135870_(Bootstrap.java:64) ~[server-1.20.1-20230612.114412-srg.jar%23185!/:?]
	at net.minecraftforge.registries.ForgeRegistries.init(ForgeRegistries.java:212) ~[forge-1.20.1-47.3.7-universal.jar%23190!/:?]
	at net.minecraftforge.registries.ForgeRegistries.<clinit>(ForgeRegistries.java:65) ~[forge-1.20.1-47.3.7-universal.jar%23190!/:?]
	at net.minecraft.world.level.block.LiquidBlock.<init>(LiquidBlock.java:53) ~[server-1.20.1-20230612.114412-srg.jar%23185!/:?]
	at net.minecraft.world.level.block.Blocks.<clinit>(Blocks.java:77) ~[server-1.20.1-20230612.114412-srg.jar%23185!/:?]
	at net.minecraft.world.level.block.FireBlock.m_53484_(FireBlock.java:301) ~[server-1.20.1-20230612.114412-srg.jar%23185!/:?]
	at net.minecraft.server.Bootstrap.m_135870_(Bootstrap.java:46) ~[server-1.20.1-20230612.114412-srg.jar%23185!/:?]
	at net.minecraft.server.Main.main(Main.java:121) ~[server-1.20.1-20230612.114412-srg.jar%23185!/:?]
	at jdk.internal.reflect.NativeMethodAccessorImpl.invoke0(Native Method) ~[?:?]
	at jdk.internal.reflect.NativeMethodAccessorImpl.invoke(NativeMethodAccessorImpl.java:77) ~[?:?]
	at jdk.internal.reflect.DelegatingMethodAccessorImpl.invoke(DelegatingMethodAccessorImpl.java:43) ~[?:?]
	at java.lang.reflect.Method.invoke(Method.java:569) ~[?:?]
	at net.minecraftforge.fml.loading.targets.CommonLaunchHandler.runTarget(CommonLaunchHandler.java:111) ~[fmlloader-1.20.1-47.3.7.jar%2369!/:?]
	at net.minecraftforge.fml.loading.targets.CommonLaunchHandler.serverService(CommonLaunchHandler.java:103) ~[fmlloader-1.20.1-47.3.7.jar%2369!/:?]
	at net.minecraftforge.fml.loading.targets.CommonServerLaunchHandler.lambda$makeService$0(CommonServerLaunchHandler.java:27) ~[fmlloader-1.20.1-47.3.7.jar%2369!/:?]
	at cpw.mods.modlauncher.LaunchServiceHandlerDecorator.launch(LaunchServiceHandlerDecorator.java:30) ~[modlauncher-10.0.9.jar%2355!/:?]
	at cpw.mods.modlauncher.LaunchServiceHandler.launch(LaunchServiceHandler.java:53) ~[modlauncher-10.0.9.jar%2355!/:?]
	at cpw.mods.modlauncher.LaunchServiceHandler.launch(LaunchServiceHandler.java:71) ~[modlauncher-10.0.9.jar%2355!/:?]
	at cpw.mods.modlauncher.Launcher.run(Launcher.java:108) ~[modlauncher-10.0.9.jar%2355!/:?]
	at cpw.mods.modlauncher.Launcher.main(Launcher.java:78) ~[modlauncher-10.0.9.jar%2355!/:?]
	at cpw.mods.modlauncher.BootstrapLaunchConsumer.accept(BootstrapLaunchConsumer.java:26) ~[modlauncher-10.0.9.jar%2355!/:?]
	at cpw.mods.modlauncher.BootstrapLaunchConsumer.accept(BootstrapLaunchConsumer.java:23) ~[modlauncher-10.0.9.jar%2355!/:?]
	at cpw.mods.bootstraplauncher.BootstrapLauncher.main(BootstrapLauncher.java:141) ~[bootstraplauncher-1.1.2.jar:?]
[06Mar2025 23:36:10.244] [main/DEBUG] [io.netty.util.internal.PlatformDependent0/]: java.nio.Bits.unaligned: available, true
[06Mar2025 23:36:10.245] [main/DEBUG] [io.netty.util.internal.PlatformDependent0/]: jdk.internal.misc.Unsafe.allocateUninitializedArray(int): unavailable
java.lang.IllegalAccessException: class io.netty.util.internal.PlatformDependent0$7 (in module io.netty.common) cannot access class jdk.internal.misc.Unsafe (in module java.base) because module java.base does not export jdk.internal.misc to module io.netty.common
	at jdk.internal.reflect.Reflection.newIllegalAccessException(Reflection.java:392) ~[?:?]
	at java.lang.reflect.AccessibleObject.checkAccess(AccessibleObject.java:674) ~[?:?]
	at java.lang.reflect.Method.invoke(Method.java:561) ~[?:?]
	at io.netty.util.internal.PlatformDependent0$7.run(PlatformDependent0.java:410) ~[netty-common-4.1.82.Final.jar%2382!/:4.1.82.Final]
	at java.security.AccessController.doPrivileged(AccessController.java:318) ~[?:?]
	at io.netty.util.internal.PlatformDependent0.<clinit>(PlatformDependent0.java:401) ~[netty-common-4.1.82.Final.jar%2382!/:4.1.82.Final]
	at io.netty.util.internal.PlatformDependent.isAndroid(PlatformDependent.java:333) ~[netty-common-4.1.82.Final.jar%2382!/:4.1.82.Final]
	at io.netty.util.internal.PlatformDependent.<clinit>(PlatformDependent.java:88) ~[netty-common-4.1.82.Final.jar%2382!/:4.1.82.Final]
	at io.netty.util.ConstantPool.<init>(ConstantPool.java:34) ~[netty-common-4.1.82.Final.jar%2382!/:4.1.82.Final]
	at io.netty.util.AttributeKey$1.<init>(AttributeKey.java:27) ~[netty-common-4.1.82.Final.jar%2382!/:4.1.82.Final]
	at io.netty.util.AttributeKey.<clinit>(AttributeKey.java:27) ~[netty-common-4.1.82.Final.jar%2382!/:4.1.82.Final]
	at net.minecraftforge.network.NetworkConstants.<clinit>(NetworkConstants.java:34) ~[forge-1.20.1-47.3.7-universal.jar%23190!/:?]
	at net.minecraft.server.Bootstrap.handler$zdg000$doClassloadHack(Bootstrap.java:1034) ~[server-1.20.1-20230612.114412-srg.jar%23185!/:?]
	at net.minecraft.server.Bootstrap.m_135870_(Bootstrap.java:64) ~[server-1.20.1-20230612.114412-srg.jar%23185!/:?]
	at net.minecraftforge.registries.ForgeRegistries.init(ForgeRegistries.java:212) ~[forge-1.20.1-47.3.7-universal.jar%23190!/:?]
	at net.minecraftforge.registries.ForgeRegistries.<clinit>(ForgeRegistries.java:65) ~[forge-1.20.1-47.3.7-universal.jar%23190!/:?]
	at net.minecraft.world.level.block.LiquidBlock.<init>(LiquidBlock.java:53) ~[server-1.20.1-20230612.114412-srg.jar%23185!/:?]
	at net.minecraft.world.level.block.Blocks.<clinit>(Blocks.java:77) ~[server-1.20.1-20230612.114412-srg.jar%23185!/:?]
	at net.minecraft.world.level.block.FireBlock.m_53484_(FireBlock.java:301) ~[server-1.20.1-20230612.114412-srg.jar%23185!/:?]
	at net.minecraft.server.Bootstrap.m_135870_(Bootstrap.java:46) ~[server-1.20.1-20230612.114412-srg.jar%23185!/:?]
	at net.minecraft.server.Main.main(Main.java:121) ~[server-1.20.1-20230612.114412-srg.jar%23185!/:?]
	at jdk.internal.reflect.NativeMethodAccessorImpl.invoke0(Native Method) ~[?:?]
	at jdk.internal.reflect.NativeMethodAccessorImpl.invoke(NativeMethodAccessorImpl.java:77) ~[?:?]
	at jdk.internal.reflect.DelegatingMethodAccessorImpl.invoke(DelegatingMethodAccessorImpl.java:43) ~[?:?]
	at java.lang.reflect.Method.invoke(Method.java:569) ~[?:?]
	at net.minecraftforge.fml.loading.targets.CommonLaunchHandler.runTarget(CommonLaunchHandler.java:111) ~[fmlloader-1.20.1-47.3.7.jar%2369!/:?]
	at net.minecraftforge.fml.loading.targets.CommonLaunchHandler.serverService(CommonLaunchHandler.java:103) ~[fmlloader-1.20.1-47.3.7.jar%2369!/:?]
	at net.minecraftforge.fml.loading.targets.CommonServerLaunchHandler.lambda$makeService$0(CommonServerLaunchHandler.java:27) ~[fmlloader-1.20.1-47.3.7.jar%2369!/:?]
	at cpw.mods.modlauncher.LaunchServiceHandlerDecorator.launch(LaunchServiceHandlerDecorator.java:30) ~[modlauncher-10.0.9.jar%2355!/:?]
	at cpw.mods.modlauncher.LaunchServiceHandler.launch(LaunchServiceHandler.java:53) ~[modlauncher-10.0.9.jar%2355!/:?]
	at cpw.mods.modlauncher.LaunchServiceHandler.launch(LaunchServiceHandler.java:71) ~[modlauncher-10.0.9.jar%2355!/:?]
	at cpw.mods.modlauncher.Launcher.run(Launcher.java:108) ~[modlauncher-10.0.9.jar%2355!/:?]
	at cpw.mods.modlauncher.Launcher.main(Launcher.java:78) ~[modlauncher-10.0.9.jar%2355!/:?]
	at cpw.mods.modlauncher.BootstrapLaunchConsumer.accept(BootstrapLaunchConsumer.java:26) ~[modlauncher-10.0.9.jar%2355!/:?]
	at cpw.mods.modlauncher.BootstrapLaunchConsumer.accept(BootstrapLaunchConsumer.java:23) ~[modlauncher-10.0.9.jar%2355!/:?]
	at cpw.mods.bootstraplauncher.BootstrapLauncher.main(BootstrapLauncher.java:141) ~[bootstraplauncher-1.1.2.jar:?]
[06Mar2025 23:36:10.246] [main/DEBUG] [io.netty.util.internal.PlatformDependent0/]: java.nio.DirectByteBuffer.<init>(long, int): unavailable
[06Mar2025 23:36:10.246] [main/DEBUG] [io.netty.util.internal.PlatformDependent/]: sun.misc.Unsafe: available
[06Mar2025 23:36:10.247] [main/DEBUG] [io.netty.util.internal.PlatformDependent/]: maxDirectMemory: 4294967296 bytes (maybe)
[06Mar2025 23:36:10.247] [main/DEBUG] [io.netty.util.internal.PlatformDependent/]: -Dio.netty.tmpdir: /tmp (java.io.tmpdir)
[06Mar2025 23:36:10.247] [main/DEBUG] [io.netty.util.internal.PlatformDependent/]: -Dio.netty.bitMode: 64 (sun.arch.data.model)
[06Mar2025 23:36:10.247] [main/DEBUG] [io.netty.util.internal.PlatformDependent/]: -Dio.netty.maxDirectMemory: -1 bytes
[06Mar2025 23:36:10.248] [main/DEBUG] [io.netty.util.internal.PlatformDependent/]: -Dio.netty.uninitializedArrayAllocationThreshold: -1
[06Mar2025 23:36:10.248] [main/DEBUG] [io.netty.util.internal.CleanerJava9/]: java.nio.ByteBuffer.cleaner(): available
[06Mar2025 23:36:10.249] [main/DEBUG] [io.netty.util.internal.PlatformDependent/]: -Dio.netty.noPreferDirect: false
[06Mar2025 23:36:10.368] [main/DEBUG] [mixin/]: Mixing util.inventory_change_listening.BlockEntityMixin from canary.mixins.json into net.minecraft.world.level.block.entity.BlockEntity
[06Mar2025 23:36:10.370] [main/DEBUG] [mixin/]: Mixing util.inventory_comparator_tracking.BlockEntityMixin from canary.mixins.json into net.minecraft.world.level.block.entity.BlockEntity
[06Mar2025 23:36:10.374] [main/DEBUG] [mixin/]: Mixing BlockEntityMixin from refurbished_furniture.common.mixins.json into net.minecraft.world.level.block.entity.BlockEntity
[06Mar2025 23:36:10.389] [main/DEBUG] [mixin/]: Mixing MixinFallingBlockEntity from architectury.mixins.json into net.minecraft.world.entity.item.FallingBlockEntity
[06Mar2025 23:36:10.482] [main/DEBUG] [mixin/]: Mixing util.inventory_change_listening.StackListReplacementTracking$InventoryChangeTrackingDispenserBlockEntity from canary.mixins.json into net.minecraft.world.level.block.entity.DispenserBlockEntity
[06Mar2025 23:36:10.487] [main/DEBUG] [mixin/]: Mixing util.inventory_change_listening.RandomizableContainerBlockEntityMixin from canary.mixins.json into net.minecraft.world.level.block.entity.RandomizableContainerBlockEntity
[06Mar2025 23:36:10.518] [main/DEBUG] [mixin/]: Mixing util.inventory_change_listening.StackListReplacementTracking$StackListReplacementTrackingBaseContainerBlockEntity from canary.mixins.json into net.minecraft.world.level.block.entity.BaseContainerBlockEntity
[06Mar2025 23:36:10.593] [main/DEBUG] [mixin/]: Mixing math.fast_util.AxisCycleDirectionMixin$ForwardMixin from canary.mixins.json into net.minecraft.core.AxisCycle$2
[06Mar2025 23:36:10.606] [main/DEBUG] [mixin/]: Mixing math.fast_util.AxisCycleDirectionMixin$BackwardMixin from canary.mixins.json into net.minecraft.core.AxisCycle$3
[06Mar2025 23:36:10.702] [main/DEBUG] [mixin/]: Mixing block.moving_block_shapes.PistonMovingBlockEntityMixin from canary.mixins.json into net.minecraft.world.level.block.piston.PistonMovingBlockEntity
[06Mar2025 23:36:10.788] [main/DEBUG] [mixin/]: Mixing KeepRichSoilTreeMixin from farmersdelight.mixins.json into net.minecraft.world.level.levelgen.feature.trunkplacers.TrunkPlacer
[06Mar2025 23:36:10.789] [main/DEBUG] [mixin/]: Renaming synthetic method lambda$cancelSetDirtIfRichSoil$0(Lnet/minecraft/world/level/block/state/BlockState;)Z to md7fd833$lambda$cancelSetDirtIfRichSoil$0$0 in farmersdelight.mixins.json:KeepRichSoilTreeMixin
[06Mar2025 23:36:10.876] [main/DEBUG] [mixin/]: Mixing util.inventory_change_listening.ChestBlockEntityMixin from canary.mixins.json into net.minecraft.world.level.block.entity.ChestBlockEntity
[06Mar2025 23:36:10.877] [main/DEBUG] [mixin/]: Mixing util.inventory_change_listening.StackListReplacementTracking$InventoryChangeTrackingChestBlockEntity from canary.mixins.json into net.minecraft.world.level.block.entity.ChestBlockEntity
[06Mar2025 23:36:10.922] [main/DEBUG] [mixin/]: Mixing world.block_entity_ticking.sleeping.furnace.AbstractFurnaceBlockEntityMixin from canary.mixins.json into net.minecraft.world.level.block.entity.AbstractFurnaceBlockEntity
[06Mar2025 23:36:10.982] [main/DEBUG] [mixin/]: Mixing math.fast_util.AABBMixin from canary.mixins.json into net.minecraft.world.phys.AABB
[06Mar2025 23:36:11.032] [main/DEBUG] [mixin/]: Mixing MobMixinForge from ribbits_forge.mixins.json into net.minecraft.world.entity.Mob
[06Mar2025 23:36:11.041] [main/DEBUG] [mixin/]: Mixing common.MobMixin from backpacked.common.mixins.json into net.minecraft.world.entity.Mob
[06Mar2025 23:36:11.044] [main/DEBUG] [mixin/]: Mixing entity.inactive_navigations.MobMixin from canary.mixins.json into net.minecraft.world.entity.Mob
[06Mar2025 23:36:11.047] [main/DEBUG] [mixin/]: Mixing entity.skip_equipment_change_check.MobMixin from canary.mixins.json into net.minecraft.world.entity.Mob
[06Mar2025 23:36:11.048] [main/DEBUG] [mixin/]: Mixing MobVariantsMixin from moremobvariants.mixins.json into net.minecraft.world.entity.Mob
[06Mar2025 23:36:11.135] [main/DEBUG] [mixin/]: Mixing world.block_entity_ticking.sleeping.brewing_stand.BrewingStandBlockEntityMixin from canary.mixins.json into net.minecraft.world.level.block.entity.BrewingStandBlockEntity
[06Mar2025 23:36:11.153] [main/DEBUG] [net.minecraftforge.coremod.transformer.CoreModBaseTransformer/COREMOD]: Transforming net/minecraft/world/item/ItemStack
[06Mar2025 23:36:11.154] [main/DEBUG] [mixin/]: Mixing util.item_stack_tracking.ItemStackMixin from canary.mixins.json into net.minecraft.world.item.ItemStack
[06Mar2025 23:36:11.245] [main/DEBUG] [mixin/]: Mixing entity.hopper_minecart.HopperBlockEntityMixin from canary.mixins.json into net.minecraft.world.level.block.entity.HopperBlockEntity
[06Mar2025 23:36:11.250] [main/DEBUG] [mixin/]: Mixing util.inventory_change_listening.StackListReplacementTracking$InventoryChangeTrackingHopperBlockEntity from canary.mixins.json into net.minecraft.world.level.block.entity.HopperBlockEntity
[06Mar2025 23:36:11.250] [main/DEBUG] [mixin/]: Mixing world.block_entity_ticking.sleeping.hopper.HopperBlockEntityMixin from canary.mixins.json into net.minecraft.world.level.block.entity.HopperBlockEntity
[06Mar2025 23:36:11.367] [main/DEBUG] [mixin/]: Mixing util.inventory_change_listening.StackListReplacementTracking$InventoryChangeTrackingShulkerBoxBlockEntity from canary.mixins.json into net.minecraft.world.level.block.entity.ShulkerBoxBlockEntity
[06Mar2025 23:36:11.368] [main/DEBUG] [mixin/]: Mixing world.block_entity_ticking.sleeping.shulker_box.ShulkerBoxBlockEntityMixin from canary.mixins.json into net.minecraft.world.level.block.entity.ShulkerBoxBlockEntity
[06Mar2025 23:36:11.382] [main/DEBUG] [mixin/]: Mixing AnimalEntityMixin from FarmAndCharm-common.mixins.json into net.minecraft.world.entity.animal.Animal
[06Mar2025 23:36:11.476] [main/DEBUG] [mixin/]: Mixing util.inventory_change_listening.StackListReplacementTracking$InventoryChangeTrackingBarrelBlockEntity from canary.mixins.json into net.minecraft.world.level.block.entity.BarrelBlockEntity
[06Mar2025 23:36:11.488] [main/DEBUG] [mixin/]: Mixing SmithingMenuMixin from citadel.mixins.json into net.minecraft.world.inventory.SmithingMenu
[06Mar2025 23:36:11.502] [main/DEBUG] [mixin/]: Mixing world.block_entity_ticking.sleeping.campfire.CampfireBlockEntityMixin from canary.mixins.json into net.minecraft.world.level.block.entity.CampfireBlockEntity
[06Mar2025 23:36:11.593] [main/DEBUG] [mixin/]: Mixing MixinLightningBolt from architectury-common.mixins.json into net.minecraft.world.entity.LightningBolt
[06Mar2025 23:36:11.635] [main/DEBUG] [net.minecraftforge.coremod.transformer.CoreModBaseTransformer/COREMOD]: Transforming net/minecraft/world/entity/animal/frog/Tadpole
[06Mar2025 23:36:11.704] [main/DEBUG] [mixin/]: Mixing ShovelItemMixin from vinery-common.mixins.json into net.minecraft.world.item.ShovelItem
[06Mar2025 23:36:11.713] [main/DEBUG] [mixin/]: Mixing SoupItemMixin from farmersdelight.mixins.json into net.minecraft.world.item.BowlFoodItem
[06Mar2025 23:36:11.722] [main/DEBUG] [net.minecraftforge.coremod.transformer.CoreModBaseTransformer/COREMOD]: Transforming net/minecraft/world/item/BucketItem
[06Mar2025 23:36:11.722] [main/DEBUG] [mixin/]: Mixing inject.MixinBucketItem from architectury-common.mixins.json into net.minecraft.world.item.BucketItem
[06Mar2025 23:36:11.732] [main/DEBUG] [mixin/]: Mixing BoneMealItemMixin from vinery-common.mixins.json into net.minecraft.world.item.BoneMealItem
[06Mar2025 23:36:11.732] [main/DEBUG] [mixin/]: Renaming synthetic method lambda$useOnBlock$0(Lnet/minecraft/world/item/context/UseOnContext;Lnet/minecraft/world/entity/player/Player;)V to md7fd833$lambda$useOnBlock$0$0 in vinery-common.mixins.json:BoneMealItemMixin
[06Mar2025 23:36:11.742] [main/DEBUG] [mixin/]: Mixing MixinShearsItem from curios.mixins.json into net.minecraft.world.item.ShearsItem
[06Mar2025 23:36:11.773] [main/DEBUG] [mixin/]: Mixing inject.MixinItemProperties from architectury-common.mixins.json into net.minecraft.world.item.Item$Properties
[06Mar2025 23:36:11.810] [main/DEBUG] [mixin/]: Mixing entity.collisions.unpushable_cramming.AbstractMinecartMixin from canary.mixins.json into net.minecraft.world.entity.vehicle.AbstractMinecart
[06Mar2025 23:36:11.811] [main/DEBUG] [mixin/]: Mixing entity.replace_entitytype_predicates.AbstractMinecartMixin from canary.mixins.json into net.minecraft.world.entity.vehicle.AbstractMinecart
[06Mar2025 23:36:11.811] [main/DEBUG] [mixin/]: Renaming synthetic method lambda$getOtherAbstractMinecarts$0(Lnet/minecraft/world/entity/Entity;Lnet/minecraft/world/entity/vehicle/AbstractMinecart;)Z to md7fd833$lambda$getOtherAbstractMinecarts$0$0 in canary.mixins.json:entity.replace_entitytype_predicates.AbstractMinecartMixin
[06Mar2025 23:36:11.838] [main/DEBUG] [mixin/]: Mixing entity.inactive_navigations.PathNavigationMixin from canary.mixins.json into net.minecraft.world.entity.ai.navigation.PathNavigation
[06Mar2025 23:36:11.847] [main/DEBUG] [mixin/]: Mixing entity.replace_entitytype_predicates.HangingEntityMixin from canary.mixins.json into net.minecraft.world.entity.decoration.HangingEntity
[06Mar2025 23:36:11.849] [main/DEBUG] [mixin/]: Renaming synthetic method lambda$getAbstractDecorationEntities$0(Lnet/minecraft/world/entity/Entity;Lnet/minecraft/world/entity/decoration/HangingEntity;)Z to md7fd833$lambda$getAbstractDecorationEntities$0$0 in canary.mixins.json:entity.replace_entitytype_predicates.HangingEntityMixin
[06Mar2025 23:36:11.860] [main/DEBUG] [mixin/]: Mixing perf.dynamic_dfu.EntityTypeBuilderMixin from modernfix-common.mixins.json into net.minecraft.world.entity.EntityType$Builder
[06Mar2025 23:36:11.868] [main/DEBUG] [mixin/]: Mixing entity.replace_entitytype_predicates.ArmorStandMixin from canary.mixins.json into net.minecraft.world.entity.decoration.ArmorStand
[06Mar2025 23:36:11.869] [main/DEBUG] [mixin/]: Renaming synthetic method lambda$getMinecartsDirectly$0(Lnet/minecraft/world/entity/Entity;Lnet/minecraft/world/entity/Entity;)Z to md7fd833$lambda$getMinecartsDirectly$0$0 in canary.mixins.json:entity.replace_entitytype_predicates.ArmorStandMixin
[06Mar2025 23:36:11.869] [main/DEBUG] [mixin/]: Mixing entity.skip_equipment_change_check.ArmorStandMixin from canary.mixins.json into net.minecraft.world.entity.decoration.ArmorStand
[06Mar2025 23:36:11.887] [main/DEBUG] [mixin/]: Mixing ExperienceOrbMixin from vinery-common.mixins.json into net.minecraft.world.entity.ExperienceOrb
[06Mar2025 23:36:11.893] [main/DEBUG] [mixin/]: Mixing perf.ticking_chunk_alloc.BatMixin from modernfix-common.mixins.json into net.minecraft.world.entity.ambient.Bat
[06Mar2025 23:36:11.909] [main/DEBUG] [mixin/]: Mixing TemptGoalAccessor from FarmAndCharm-common.mixins.json into net.minecraft.world.entity.ai.goal.TemptGoal
[06Mar2025 23:36:11.929] [main/DEBUG] [mixin/]: Mixing entity.collisions.unpushable_cramming.BoatMixin from canary.mixins.json into net.minecraft.world.entity.vehicle.Boat
[06Mar2025 23:36:11.930] [main/DEBUG] [mixin/]: Mixing boat.MixinBoatEntity from doapi.mixins.json into net.minecraft.world.entity.vehicle.Boat
[06Mar2025 23:36:11.949] [main/DEBUG] [mixin/]: Mixing AbstractHorseMixin from FarmAndCharm-common.mixins.json into net.minecraft.world.entity.animal.horse.AbstractHorse
[06Mar2025 23:36:11.971] [main/DEBUG] [mixin/]: Mixing CatVariantsMixin from moremobvariants.mixins.json into net.minecraft.world.entity.animal.Cat
[06Mar2025 23:36:11.980] [main/DEBUG] [mixin/]: Mixing CatMixin from FarmAndCharm-common.mixins.json into net.minecraft.world.entity.animal.Cat
[06Mar2025 23:36:11.995] [main/DEBUG] [mixin/]: Mixing CatAvoidEntityGoalMixin from FarmAndCharm-common.mixins.json into net.minecraft.world.entity.animal.Cat$CatAvoidEntityGoal
[06Mar2025 23:36:11.999] [main/DEBUG] [mixin/]: Mixing CatTemptGoalMixin from FarmAndCharm-common.mixins.json into net.minecraft.world.entity.animal.Cat$CatTemptGoal
[06Mar2025 23:36:12.002] [main/DEBUG] [mixin/]: Mixing MixinCatSitOnBlockGoal from lootr.mixins.json into net.minecraft.world.entity.ai.goal.CatSitOnBlockGoal
[06Mar2025 23:36:12.011] [main/DEBUG] [net.minecraftforge.coremod.transformer.CoreModBaseTransformer/COREMOD]: Transforming net/minecraft/world/entity/monster/Spider
[06Mar2025 23:36:12.052] [main/DEBUG] [mixin/]: Mixing SpiderVariantsMixin from moremobvariants.mixins.json into net.minecraft.world.entity.monster.Spider
[06Mar2025 23:36:12.061] [main/DEBUG] [mixin/]: Mixing SkeletonVariantsMixin from moremobvariants.mixins.json into net.minecraft.world.entity.monster.Skeleton
[06Mar2025 23:36:12.084] [main/DEBUG] [mixin/]: Mixing ChickenVariantsMixin from moremobvariants.mixins.json into net.minecraft.world.entity.animal.Chicken
[06Mar2025 23:36:12.086] [main/DEBUG] [mixin/]: Mixing ChickenMixin from FarmAndCharm-common.mixins.json into net.minecraft.world.entity.animal.Chicken
[06Mar2025 23:36:12.098] [main/DEBUG] [mixin/]: Mixing CowVariantsMixin from moremobvariants.mixins.json into net.minecraft.world.entity.animal.Cow
[06Mar2025 23:36:12.116] [main/DEBUG] [mixin/]: Mixing entity.inactive_navigations.DrownedMixin from canary.mixins.json into net.minecraft.world.entity.monster.Drowned
[06Mar2025 23:36:12.119] [main/DEBUG] [net.minecraftforge.coremod.transformer.CoreModBaseTransformer/COREMOD]: Transforming net/minecraft/world/entity/monster/Zombie
[06Mar2025 23:36:12.193] [main/DEBUG] [mixin/]: Mixing ZombieVariantsMixin from moremobvariants.mixins.json into net.minecraft.world.entity.monster.Zombie
[06Mar2025 23:36:12.196] [main/DEBUG] [mixin/]: Mixing ZombieMixin from FarmAndCharm-common.mixins.json into net.minecraft.world.entity.monster.Zombie
[06Mar2025 23:36:12.205] [main/DEBUG] [net.minecraftforge.coremod.transformer.CoreModBaseTransformer/COREMOD]: Transforming net/minecraft/world/entity/monster/ZombieVillager
[06Mar2025 23:36:12.262] [main/DEBUG] [mixin/]: Mixing entity.inactive_navigations.DrownedGoToBeachGoalMixin from canary.mixins.json into net.minecraft.world.entity.monster.Drowned$DrownedGoToBeachGoal
[06Mar2025 23:36:12.266] [main/DEBUG] [mixin/]: Mixing ChickenEggMixin from moremobvariants.mixins.json into net.minecraft.world.entity.projectile.ThrownEgg
[06Mar2025 23:36:12.291] [main/DEBUG] [mixin/]: Mixing ai.raid.RaiderMixin from canary.mixins.json into net.minecraft.world.entity.raid.Raider
[06Mar2025 23:36:12.291] [main/DEBUG] [mixin/]: Renaming synthetic method lambda$static$0(Lnet/minecraft/world/entity/item/ItemEntity;)Z to md7fd833$lambda$static$0$0 in canary.mixins.json:ai.raid.RaiderMixin
[06Mar2025 23:36:12.313] [main/DEBUG] [mixin/]: Mixing ai.raid.ObtainRaidLeaderBannerGoalMixin from canary.mixins.json into net.minecraft.world.entity.raid.Raider$ObtainRaidLeaderBannerGoal
[06Mar2025 23:36:12.315] [main/DEBUG] [mixin/]: Mixing ai.poi.tasks.RaiderMoveThroughVillageGoalMixin from canary.mixins.json into net.minecraft.world.entity.raid.Raider$RaiderMoveThroughVillageGoal
[06Mar2025 23:36:12.322] [main/DEBUG] [net.minecraftforge.coremod.transformer.CoreModBaseTransformer/COREMOD]: Transforming net/minecraft/world/entity/monster/Evoker$EvokerSummonSpellGoal
[06Mar2025 23:36:12.355] [main/DEBUG] [mixin/]: Mixing FoxMixin from FarmAndCharm-common.mixins.json into net.minecraft.world.entity.animal.Fox
[06Mar2025 23:36:12.366] [main/DEBUG] [mixin/]: Mixing FoxEntityEatSweetBerriesGoalMixin from vinery-common.mixins.json into net.minecraft.world.entity.animal.Fox$FoxEatBerriesGoal
[06Mar2025 23:36:12.385] [main/DEBUG] [mixin/]: Mixing FrogMixin from mixins.recrafted_creatures.json into net.minecraft.world.entity.animal.frog.Frog
[06Mar2025 23:36:12.400] [main/DEBUG] [mixin/]: Mixing entity.replace_entitytype_predicates.ItemFrameMixin from canary.mixins.json into net.minecraft.world.entity.decoration.ItemFrame
[06Mar2025 23:36:12.400] [main/DEBUG] [mixin/]: Renaming synthetic method lambda$getAbstractDecorationEntities$0(Lnet/minecraft/world/entity/Entity;Lnet/minecraft/world/entity/decoration/HangingEntity;)Z to md7fd833$lambda$getAbstractDecorationEntities$0$0 in canary.mixins.json:entity.replace_entitytype_predicates.ItemFrameMixin
[06Mar2025 23:36:12.424] [main/DEBUG] [mixin/]: Mixing entity.replace_entitytype_predicates.GolemRandomStrollInVillageGoalMixin from canary.mixins.json into net.minecraft.world.entity.ai.goal.GolemRandomStrollInVillageGoal
[06Mar2025 23:36:12.427] [main/DEBUG] [net.minecraftforge.coremod.transformer.CoreModBaseTransformer/COREMOD]: Transforming net/minecraft/world/entity/npc/Villager
[06Mar2025 23:36:12.596] [main/DEBUG] [mixin/]: Mixing entity.replace_entitytype_predicates.LlamaFollowCaravanGoalMixin from canary.mixins.json into net.minecraft.world.entity.ai.goal.LlamaFollowCaravanGoal
[06Mar2025 23:36:12.600] [main/DEBUG] [mixin/]: Renaming synthetic method lambda$getLlamasForCaravan$0(Lnet/minecraft/world/entity/Entity;Lnet/minecraft/world/entity/animal/horse/Llama;)Z to md7fd833$lambda$getLlamasForCaravan$0$0 in canary.mixins.json:entity.replace_entitytype_predicates.LlamaFollowCaravanGoalMixin
[06Mar2025 23:36:12.622] [main/DEBUG] [mixin/]: Mixing ParrotMixin from FarmAndCharm-common.mixins.json into net.minecraft.world.entity.animal.Parrot
[06Mar2025 23:36:12.634] [main/DEBUG] [mixin/]: Mixing PigVariantsMixin from moremobvariants.mixins.json into net.minecraft.world.entity.animal.Pig
[06Mar2025 23:36:12.639] [main/DEBUG] [mixin/]: Mixing PigMixin from FarmAndCharm-common.mixins.json into net.minecraft.world.entity.animal.Pig
[06Mar2025 23:36:12.662] [main/DEBUG] [mixin/]: Mixing RabbitsEatCabbageMixin from farmersdelight.mixins.json into net.minecraft.world.entity.animal.Rabbit
[06Mar2025 23:36:12.663] [main/DEBUG] [mixin/]: Mixing RabbitMixin from FarmAndCharm-common.mixins.json into net.minecraft.world.entity.animal.Rabbit
[06Mar2025 23:36:12.673] [main/DEBUG] [mixin/]: Mixing SheepVariantsMixin from moremobvariants.mixins.json into net.minecraft.world.entity.animal.Sheep
[06Mar2025 23:36:12.690] [main/DEBUG] [net.minecraftforge.coremod.transformer.CoreModBaseTransformer/COREMOD]: Transforming net/minecraft/world/entity/animal/horse/SkeletonTrapGoal
[06Mar2025 23:36:12.729] [main/DEBUG] [net.minecraftforge.coremod.transformer.CoreModBaseTransformer/COREMOD]: Transforming net/minecraft/world/entity/monster/Strider
[06Mar2025 23:36:12.800] [main/DEBUG] [mixin/]: Mixing entity.data_tracker.use_arrays.SynchedEntityDataMixin from canary.mixins.json into net.minecraft.network.syncher.SynchedEntityData
[06Mar2025 23:36:12.809] [main/DEBUG] [mixin/]: Mixing entity.data_tracker.no_locks.SynchedEntityDataMixin from canary.mixins.json into net.minecraft.network.syncher.SynchedEntityData
[06Mar2025 23:36:12.824] [main/DEBUG] [net.minecraftforge.coremod.transformer.CoreModBaseTransformer/COREMOD]: Transforming net/minecraft/server/level/ServerPlayer
[06Mar2025 23:36:12.825] [main/DEBUG] [mixin/]: Mixing ServerPlayerEntityTickMixin from yungsapi.mixins.json into net.minecraft.server.level.ServerPlayer
[06Mar2025 23:36:12.826] [main/DEBUG] [mixin/]: Mixing common.ServerPlayerMixin from backpacked.common.mixins.json into net.minecraft.server.level.ServerPlayer
[06Mar2025 23:36:12.845] [main/DEBUG] [mixin/]: Mixing ai.sensor.secondary_poi.SecondaryPoiSensorMixin from canary.mixins.json into net.minecraft.world.entity.ai.sensing.SecondaryPoiSensor
[06Mar2025 23:36:12.863] [main/DEBUG] [mixin/]: Mixing util.world_border_listener.WorldBorderMixin from canary.mixins.json into net.minecraft.world.level.border.WorldBorder
[06Mar2025 23:36:12.871] [main/DEBUG] [mixin/]: Mixing perf.ticking_chunk_alloc.ChunkAccessMixin from modernfix-common.mixins.json into net.minecraft.world.level.chunk.ChunkAccess
[06Mar2025 23:36:12.875] [main/DEBUG] [net.minecraftforge.coremod.transformer.CoreModBaseTransformer/COREMOD]: Transforming net/minecraft/world/level/chunk/LevelChunk
[06Mar2025 23:36:12.877] [main/DEBUG] [mixin/]: Mixing world.inline_block_access.LevelChunkMixin from canary.mixins.json into net.minecraft.world.level.chunk.LevelChunk
[06Mar2025 23:36:12.878] [main/DEBUG] [mixin/]: Mixing world.block_entity_ticking.sleeping.LevelChunkMixin from canary.mixins.json into net.minecraft.world.level.chunk.LevelChunk
[06Mar2025 23:36:12.879] [main/DEBUG] [mixin/]: Mixing world.combined_heightmap_update.LevelChunkMixin from canary.mixins.json into net.minecraft.world.level.chunk.LevelChunk
[06Mar2025 23:36:12.880] [main/DEBUG] [mixin/]: Mixing world.inline_height.LevelChunkMixin from canary.mixins.json into net.minecraft.world.level.chunk.LevelChunk
[06Mar2025 23:36:12.881] [main/DEBUG] [mixin/]: Mixing MixinLevelChunk from lootr.mixins.json into net.minecraft.world.level.chunk.LevelChunk
[06Mar2025 23:36:12.884] [main/DEBUG] [mixin/]: Mixing LevelChunkMixin from refurbished_furniture.common.mixins.json into net.minecraft.world.level.chunk.LevelChunk
[06Mar2025 23:36:12.894] [main/WARN] [mixin/]: @Inject(@At("INVOKE_ASSIGN")) Shift.BY=2 on refurbished_furniture.common.mixins.json:LevelChunkMixin::handler$zoi000$refurbishedFurniture$AfterRemoveBlockEntity exceeds the maximum allowed value: 0. Increase the value of maxShiftBy to suppress this warning.
[06Mar2025 23:36:12.935] [main/DEBUG] [net.minecraftforge.coremod.transformer.CoreModBaseTransformer/COREMOD]: Transforming net/minecraft/world/entity/npc/Villager
[06Mar2025 23:36:13.199] [main/DEBUG] [mixin/]: Mixing WolfVariantsMixin from moremobvariants.mixins.json into net.minecraft.world.entity.animal.Wolf
[06Mar2025 23:36:13.219] [main/DEBUG] [mixin/]: Mixing entity.collisions.unpushable_cramming.EntitySelectorMixin from canary.mixins.json into net.minecraft.world.entity.EntitySelector
[06Mar2025 23:36:13.229] [main/DEBUG] [mixin/]: Mixing inject.MixinFoodPropertiesBuilder from architectury-common.mixins.json into net.minecraft.world.food.FoodProperties$Builder
[06Mar2025 23:36:13.233] [main/DEBUG] [net.minecraftforge.coremod.transformer.CoreModBaseTransformer/COREMOD]: Transforming net/minecraft/world/effect/MobEffectInstance
[06Mar2025 23:36:13.275] [main/DEBUG] [mixin/]: Mixing bugfix.forge_vehicle_packets.ServerGamePacketListenerImplMixin from modernfix-forge.mixins.json into net.minecraft.server.network.ServerGamePacketListenerImpl
[06Mar2025 23:36:13.300] [main/DEBUG] [mixin/]: Mixing accessor.PotionBrewingAccessor from yungsapi.mixins.json into net.minecraft.world.item.alchemy.PotionBrewing
[06Mar2025 23:36:13.301] [main/DEBUG] [mixin/]: Renaming @Invoker method callAddMix(Lnet/minecraft/world/item/alchemy/Potion;Lnet/minecraft/world/item/Item;Lnet/minecraft/world/item/alchemy/Potion;)V to callAddMix_$md$7fd833$0 in yungsapi.mixins.json:accessor.PotionBrewingAccessor
[06Mar2025 23:36:13.307] [main/DEBUG] [mixin/]: Mixing perf.nbt_memory_usage.CompoundTagMixin from modernfix-common.mixins.json into net.minecraft.nbt.CompoundTag
[06Mar2025 23:36:13.308] [main/DEBUG] [mixin/]: Mixing alloc.nbt.CompoundTagMixin from canary.mixins.json into net.minecraft.nbt.CompoundTag
[06Mar2025 23:36:13.317] [main/DEBUG] [mixin/]: Mixing perf.nbt_memory_usage.CompoundTag1Mixin from modernfix-common.mixins.json into net.minecraft.nbt.CompoundTag$1
[06Mar2025 23:36:13.317] [main/DEBUG] [mixin/]: Mixing alloc.nbt.CompoundTagMixin$Type from canary.mixins.json into net.minecraft.nbt.CompoundTag$1
[06Mar2025 23:36:13.400] [main/DEBUG] [mixin/]: Mixing structures.StructureProcessorAccessor from mvs-common.mixins.json into net.minecraft.world.level.levelgen.structure.templatesystem.StructureProcessor
[06Mar2025 23:36:13.422] [main/DEBUG] [mixin/]: Mixing world.combined_heightmap_update.HeightmapAccessor from canary.mixins.json into net.minecraft.world.level.levelgen.Heightmap
[06Mar2025 23:36:13.431] [main/DEBUG] [mixin/]: Mixing perf.dynamic_structure_manager.StructureManagerMixin from modernfix-common.mixins.json into net.minecraft.world.level.levelgen.structure.templatesystem.StructureTemplateManager
[06Mar2025 23:36:13.433] [main/DEBUG] [mixin/]: Mixing perf.cache_upgraded_structures.StructureManagerMixin from modernfix-common.mixins.json into net.minecraft.world.level.levelgen.structure.templatesystem.StructureTemplateManager
[06Mar2025 23:36:13.435] [main/DEBUG] [mixin/]: Mixing structures.StructureTemplateManagerAccessor from mvs-common.mixins.json into net.minecraft.world.level.levelgen.structure.templatesystem.StructureTemplateManager
[06Mar2025 23:36:13.442] [main/DEBUG] [mixin/]: Mixing ChunkGeneratorMixin from citadel.mixins.json into net.minecraft.world.level.chunk.ChunkGenerator
[06Mar2025 23:36:13.480] [main/DEBUG] [mixin/]: Mixing MixinInventory from curios.mixins.json into net.minecraft.world.entity.player.Inventory
[06Mar2025 23:36:13.482] [main/DEBUG] [mixin/]: Mixing common.PlayerInventoryMixin from backpacked.common.mixins.json into net.minecraft.world.entity.player.Inventory
[06Mar2025 23:36:13.503] [main/DEBUG] [mixin/]: Mixing common.MerchantResultSlotMixin from backpacked.common.mixins.json into net.minecraft.world.inventory.MerchantResultSlot
[06Mar2025 23:36:13.623] [main/DEBUG] [mixin/]: Mixing MixinApplyBonusCount from curios.mixins.json into net.minecraft.world.level.storage.loot.functions.ApplyBonusCount
[06Mar2025 23:36:13.680] [main/DEBUG] [mixin/]: Mixing collections.mob_spawning.WeightedRandomListMixin from canary.mixins.json into net.minecraft.util.random.WeightedRandomList
[06Mar2025 23:36:13.890] [main/DEBUG] [net.minecraftforge.coremod.transformer.CoreModBaseTransformer/COREMOD]: Transforming net/minecraft/world/level/levelgen/structure/Structure
[06Mar2025 23:36:13.904] [main/DEBUG] [mixin/]: Mixing structures.StructurePieceAccessor from mvs-common.mixins.json into net.minecraft.world.level.levelgen.structure.StructurePiece
[06Mar2025 23:36:13.938] [main/DEBUG] [net.minecraftforge.coremod.transformer.CoreModBaseTransformer/COREMOD]: Transforming net/minecraft/world/level/levelgen/structure/structures/OceanRuinPieces$OceanRuinPiece
[06Mar2025 23:36:13.958] [main/DEBUG] [net.minecraftforge.coremod.transformer.CoreModBaseTransformer/COREMOD]: Transforming net/minecraft/world/level/levelgen/structure/structures/SwampHutPiece
[06Mar2025 23:36:13.991] [main/DEBUG] [net.minecraftforge.coremod.transformer.CoreModBaseTransformer/COREMOD]: Transforming net/minecraft/world/level/levelgen/structure/structures/OceanMonumentPieces$OceanMonumentPiece
[06Mar2025 23:36:14.030] [main/DEBUG] [mixin/]: Mixing MixinEndCityPieces$EndCityPiece from lootr.mixins.json into net.minecraft.world.level.levelgen.structure.structures.EndCityPieces$EndCityPiece
[06Mar2025 23:36:14.036] [main/DEBUG] [net.minecraftforge.coremod.transformer.CoreModBaseTransformer/COREMOD]: Transforming net/minecraft/world/level/levelgen/structure/structures/WoodlandMansionPieces$WoodlandMansionPiece
[06Mar2025 23:36:14.055] [main/DEBUG] [mixin/]: Mixing structures.PoolElementStructurePieceAccessor from mvs-common.mixins.json into net.minecraft.world.level.levelgen.structure.PoolElementStructurePiece
[06Mar2025 23:36:14.061] [main/DEBUG] [mixin/]: Mixing collections.mob_spawning.MobSpawnSettingsMixin from canary.mixins.json into net.minecraft.world.level.biome.MobSpawnSettings
[06Mar2025 23:36:14.074] [main/DEBUG] [mixin/]: Mixing accessor.StructureTemplatePoolAccessor from yungsapi.mixins.json into net.minecraft.world.level.levelgen.structure.pools.StructureTemplatePool
[06Mar2025 23:36:14.075] [main/DEBUG] [mixin/]: Mixing IncreaseStructureWeightLimitMixinForge from yungsapi_forge.mixins.json into net.minecraft.world.level.levelgen.structure.pools.StructureTemplatePool
[06Mar2025 23:36:14.075] [main/DEBUG] [mixin/]: Mixing structures.StructurePoolAccessor from mvs-common.mixins.json into net.minecraft.world.level.levelgen.structure.pools.StructureTemplatePool
[06Mar2025 23:36:14.075] [main/DEBUG] [mixin/]: Renaming @Accessor method getCODEC_REFERENCE()Lorg/apache/commons/lang3/mutable/MutableObject; to getCODEC_REFERENCE_$md$7fd833$0 in mvs-common.mixins.json:structures.StructurePoolAccessor
[06Mar2025 23:36:14.158] [main/DEBUG] [mixin/]: Mixing MixinBiomeSource from terrablender.mixins.json into net.minecraft.world.level.biome.BiomeSource
[06Mar2025 23:36:14.159] [main/DEBUG] [mixin/]: Renaming synthetic method lambda$appendDeferredBiomesList$0(Lcom/google/common/collect/ImmutableList;)Ljava/util/Set; to md7fd833$lambda$appendDeferredBiomesList$0$0 in terrablender.mixins.json:MixinBiomeSource
[06Mar2025 23:36:14.175] [main/DEBUG] [net.minecraftforge.coremod.transformer.CoreModBaseTransformer/COREMOD]: Transforming net/minecraft/world/level/biome/Biome
[06Mar2025 23:36:14.176] [main/DEBUG] [mixin/]: Mixing perf.remove_biome_temperature_cache.BiomeMixin from modernfix-common.mixins.json into net.minecraft.world.level.biome.Biome
[06Mar2025 23:36:14.176] [main/DEBUG] [mixin/]: Mixing world.chunk_ticking.spread_ice.BiomeMixin from canary.mixins.json into net.minecraft.world.level.biome.Biome
[06Mar2025 23:36:14.221] [main/DEBUG] [mixin/]: Mixing MixinMultiNoiseBiomeSource from terrablender.mixins.json into net.minecraft.world.level.biome.MultiNoiseBiomeSource
[06Mar2025 23:36:14.224] [main/DEBUG] [mixin/]: Mixing MixinParameterList from terrablender.mixins.json into net.minecraft.world.level.biome.Climate$ParameterList
[06Mar2025 23:36:14.225] [main/DEBUG] [mixin/]: Renaming synthetic method lambda$initializeForTerraBlender$0(Lnet/minecraft/core/Registry;Lcom/google/common/collect/ImmutableList$Builder;Lcom/mojang/datafixers/util/Pair;)V to md7fd833$lambda$initializeForTerraBlender$0$0 in terrablender.mixins.json:MixinParameterList
[06Mar2025 23:36:14.253] [main/DEBUG] [mixin/]: Mixing NoiseGeneratorSettingsMixin from citadel.mixins.json into net.minecraft.world.level.levelgen.NoiseGeneratorSettings
[06Mar2025 23:36:14.254] [main/DEBUG] [mixin/]: Mixing MixinNoiseGeneratorSettings from terrablender.mixins.json into net.minecraft.world.level.levelgen.NoiseGeneratorSettings
[06Mar2025 23:36:14.386] [main/DEBUG] [mixin/]: Mixing accessor.SinglePoolElementAccessor from yungsapi.mixins.json into net.minecraft.world.level.levelgen.structure.pools.SinglePoolElement
[06Mar2025 23:36:14.392] [main/DEBUG] [mixin/]: Mixing structures.SinglePoolElementAccessor from mvs-common.mixins.json into net.minecraft.world.level.levelgen.structure.pools.SinglePoolElement
[06Mar2025 23:36:14.392] [main/DEBUG] [mixin/]: Unexpected: Registered method callGetTemplate(Lnet/minecraft/world/level/levelgen/structure/templatesystem/StructureTemplateManager;)Lnet/minecraft/world/level/levelgen/structure/templatesystem/StructureTemplate; in net.minecraft.world.level.levelgen.structure.pools.SinglePoolElement was not merged
[06Mar2025 23:36:14.401] [main/DEBUG] [mixin/]: Mixing accessor.ListPoolElementAccessor from yungsapi.mixins.json into net.minecraft.world.level.levelgen.structure.pools.ListPoolElement
[06Mar2025 23:36:14.403] [main/DEBUG] [mixin/]: Mixing structures.ListPoolElementAccessor from mvs-common.mixins.json into net.minecraft.world.level.levelgen.structure.pools.ListPoolElement
[06Mar2025 23:36:14.409] [main/DEBUG] [mixin/]: Mixing accessor.FeaturePoolElementAccessor from yungsapi.mixins.json into net.minecraft.world.level.levelgen.structure.pools.FeaturePoolElement
[06Mar2025 23:36:14.580] [main/DEBUG] [net.minecraftforge.common.ForgeI18n/CORE]: Loading I18N data entries: 6430
[06Mar2025 23:36:14.600] [main/DEBUG] [net.minecraftforge.fml.ModWorkManager/LOADING]: Using 2 threads for parallel mod-loading
[06Mar2025 23:36:14.607] [main/DEBUG] [net.minecraftforge.fml.javafmlmod.FMLJavaModLanguageProvider/LOADING]: Loading FMLModContainer from classloader cpw.mods.modlauncher.TransformingClassLoader@52ea0269 - got cpw.mods.cl.ModuleClassLoader@54da32dc
[06Mar2025 23:36:14.607] [main/DEBUG] [net.minecraftforge.fml.javafmlmod.FMLModContainer/LOADING]: Creating FMLModContainer instance for vectorwing.farmersdelight.FarmersDelight
[06Mar2025 23:36:14.609] [main/DEBUG] [net.minecraftforge.fml.javafmlmod.FMLJavaModLanguageProvider/LOADING]: Loading FMLModContainer from classloader cpw.mods.modlauncher.TransformingClassLoader@52ea0269 - got cpw.mods.cl.ModuleClassLoader@54da32dc
[06Mar2025 23:36:14.609] [main/DEBUG] [net.minecraftforge.fml.javafmlmod.FMLModContainer/LOADING]: Creating FMLModContainer instance for terrablender.core.TerraBlenderForge
[06Mar2025 23:36:14.609] [main/DEBUG] [net.minecraftforge.fml.javafmlmod.FMLJavaModLanguageProvider/LOADING]: Loading FMLModContainer from classloader cpw.mods.modlauncher.TransformingClassLoader@52ea0269 - got cpw.mods.cl.ModuleClassLoader@54da32dc
[06Mar2025 23:36:14.609] [main/DEBUG] [net.minecraftforge.fml.javafmlmod.FMLModContainer/LOADING]: Creating FMLModContainer instance for snownee.jade.util.CommonProxy
[06Mar2025 23:36:14.611] [main/DEBUG] [net.minecraftforge.fml.javafmlmod.FMLJavaModLanguageProvider/LOADING]: Loading FMLModContainer from classloader cpw.mods.modlauncher.TransformingClassLoader@52ea0269 - got cpw.mods.cl.ModuleClassLoader@54da32dc
[06Mar2025 23:36:14.611] [main/DEBUG] [net.minecraftforge.fml.javafmlmod.FMLModContainer/LOADING]: Creating FMLModContainer instance for net.mcreator.butcher.ButcherMod
[06Mar2025 23:36:14.612] [main/DEBUG] [net.minecraftforge.fml.javafmlmod.FMLJavaModLanguageProvider/LOADING]: Loading FMLModContainer from classloader cpw.mods.modlauncher.TransformingClassLoader@52ea0269 - got cpw.mods.cl.ModuleClassLoader@54da32dc
[06Mar2025 23:36:14.613] [main/DEBUG] [net.minecraftforge.fml.javafmlmod.FMLModContainer/LOADING]: Creating FMLModContainer instance for software.bernie.example.GeckoLibMod
[06Mar2025 23:36:14.614] [main/DEBUG] [net.minecraftforge.fml.javafmlmod.FMLJavaModLanguageProvider/LOADING]: Loading FMLModContainer from classloader cpw.mods.modlauncher.TransformingClassLoader@52ea0269 - got cpw.mods.cl.ModuleClassLoader@54da32dc
[06Mar2025 23:36:14.614] [main/DEBUG] [net.minecraftforge.fml.javafmlmod.FMLModContainer/LOADING]: Creating FMLModContainer instance for com.jkvin114.displaydelight.DisplayDelight
[06Mar2025 23:36:14.614] [main/DEBUG] [net.minecraftforge.fml.javafmlmod.FMLJavaModLanguageProvider/LOADING]: Loading FMLModContainer from classloader cpw.mods.modlauncher.TransformingClassLoader@52ea0269 - got cpw.mods.cl.ModuleClassLoader@54da32dc
[06Mar2025 23:36:14.615] [main/DEBUG] [net.minecraftforge.fml.javafmlmod.FMLModContainer/LOADING]: Creating FMLModContainer instance for net.cursedwarrior.specialdrops.SpecialDropsMod
[06Mar2025 23:36:14.616] [main/DEBUG] [net.minecraftforge.fml.javafmlmod.FMLJavaModLanguageProvider/LOADING]: Loading FMLModContainer from classloader cpw.mods.modlauncher.TransformingClassLoader@52ea0269 - got cpw.mods.cl.ModuleClassLoader@54da32dc
[06Mar2025 23:36:14.616] [main/DEBUG] [net.minecraftforge.fml.javafmlmod.FMLModContainer/LOADING]: Creating FMLModContainer instance for io.github.itskillerluc.recrafted_creatures.RecraftedCreatures
[06Mar2025 23:36:14.616] [main/DEBUG] [net.minecraftforge.fml.javafmlmod.FMLJavaModLanguageProvider/LOADING]: Loading FMLModContainer from classloader cpw.mods.modlauncher.TransformingClassLoader@52ea0269 - got cpw.mods.cl.ModuleClassLoader@54da32dc
[06Mar2025 23:36:14.617] [main/DEBUG] [net.minecraftforge.fml.javafmlmod.FMLModContainer/LOADING]: Creating FMLModContainer instance for io.github.itskillerluc.duclib.DucLib
[06Mar2025 23:36:14.617] [main/DEBUG] [net.minecraftforge.fml.javafmlmod.FMLJavaModLanguageProvider/LOADING]: Loading FMLModContainer from classloader cpw.mods.modlauncher.TransformingClassLoader@52ea0269 - got cpw.mods.cl.ModuleClassLoader@54da32dc
[06Mar2025 23:36:14.617] [main/DEBUG] [net.minecraftforge.fml.javafmlmod.FMLModContainer/LOADING]: Creating FMLModContainer instance for de.mennomax.astikorcarts.AstikorCarts
[06Mar2025 23:36:14.618] [main/DEBUG] [net.minecraftforge.fml.javafmlmod.FMLJavaModLanguageProvider/LOADING]: Loading FMLModContainer from classloader cpw.mods.modlauncher.TransformingClassLoader@52ea0269 - got cpw.mods.cl.ModuleClassLoader@54da32dc
[06Mar2025 23:36:14.619] [main/DEBUG] [net.minecraftforge.fml.javafmlmod.FMLModContainer/LOADING]: Creating FMLModContainer instance for net.mcreator.gnumus.GnumusMod
[06Mar2025 23:36:14.620] [main/DEBUG] [net.minecraftforge.fml.javafmlmod.FMLJavaModLanguageProvider/LOADING]: Loading FMLModContainer from classloader cpw.mods.modlauncher.TransformingClassLoader@52ea0269 - got cpw.mods.cl.ModuleClassLoader@54da32dc
[06Mar2025 23:36:14.620] [main/DEBUG] [net.minecraftforge.fml.javafmlmod.FMLModContainer/LOADING]: Creating FMLModContainer instance for com.yungnickyoung.minecraft.ribbits.RibbitsForge
[06Mar2025 23:36:14.620] [main/DEBUG] [net.minecraftforge.fml.javafmlmod.FMLJavaModLanguageProvider/LOADING]: Loading FMLModContainer from classloader cpw.mods.modlauncher.TransformingClassLoader@52ea0269 - got cpw.mods.cl.ModuleClassLoader@54da32dc
[06Mar2025 23:36:14.620] [main/DEBUG] [net.minecraftforge.fml.javafmlmod.FMLModContainer/LOADING]: Creating FMLModContainer instance for top.theillusivec4.curios.Curios
[06Mar2025 23:36:14.621] [main/DEBUG] [net.minecraftforge.fml.javafmlmod.FMLJavaModLanguageProvider/LOADING]: Loading FMLModContainer from classloader cpw.mods.modlauncher.TransformingClassLoader@52ea0269 - got cpw.mods.cl.ModuleClassLoader@54da32dc
[06Mar2025 23:36:14.621] [main/DEBUG] [net.minecraftforge.fml.javafmlmod.FMLModContainer/LOADING]: Creating FMLModContainer instance for vazkii.patchouli.forge.common.ForgeModInitializer
[06Mar2025 23:36:14.622] [main/DEBUG] [net.minecraftforge.fml.javafmlmod.FMLJavaModLanguageProvider/LOADING]: Loading FMLModContainer from classloader cpw.mods.modlauncher.TransformingClassLoader@52ea0269 - got cpw.mods.cl.ModuleClassLoader@54da32dc
[06Mar2025 23:36:14.622] [main/DEBUG] [net.minecraftforge.fml.javafmlmod.FMLModContainer/LOADING]: Creating FMLModContainer instance for xaero.minimap.XaeroMinimapForge
[06Mar2025 23:36:14.625] [main/DEBUG] [net.minecraftforge.fml.javafmlmod.FMLJavaModLanguageProvider/LOADING]: Loading FMLModContainer from classloader cpw.mods.modlauncher.TransformingClassLoader@52ea0269 - got cpw.mods.cl.ModuleClassLoader@54da32dc
[06Mar2025 23:36:14.625] [main/DEBUG] [net.minecraftforge.fml.javafmlmod.FMLModContainer/LOADING]: Creating FMLModContainer instance for de.maxhenkel.gravestone.Main
[06Mar2025 23:36:14.628] [main/DEBUG] [net.minecraftforge.fml.javafmlmod.FMLJavaModLanguageProvider/LOADING]: Loading FMLModContainer from classloader cpw.mods.modlauncher.TransformingClassLoader@52ea0269 - got cpw.mods.cl.ModuleClassLoader@54da32dc
[06Mar2025 23:36:14.628] [main/DEBUG] [net.minecraftforge.fml.javafmlmod.FMLModContainer/LOADING]: Creating FMLModContainer instance for org.embeddedt.modernfix.forge.init.ModernFixForge
[06Mar2025 23:36:14.629] [main/DEBUG] [net.minecraftforge.fml.javafmlmod.FMLJavaModLanguageProvider/LOADING]: Loading FMLModContainer from classloader cpw.mods.modlauncher.TransformingClassLoader@52ea0269 - got cpw.mods.cl.ModuleClassLoader@54da32dc
[06Mar2025 23:36:14.629] [main/DEBUG] [net.minecraftforge.fml.javafmlmod.FMLModContainer/LOADING]: Creating FMLModContainer instance for mezz.jei.forge.JustEnoughItems
[06Mar2025 23:36:14.630] [main/DEBUG] [net.minecraftforge.fml.javafmlmod.FMLJavaModLanguageProvider/LOADING]: Loading FMLModContainer from classloader cpw.mods.modlauncher.TransformingClassLoader@52ea0269 - got cpw.mods.cl.ModuleClassLoader@54da32dc
[06Mar2025 23:36:14.630] [main/DEBUG] [net.minecraftforge.fml.javafmlmod.FMLModContainer/LOADING]: Creating FMLModContainer instance for com.github.alexthe666.citadel.Citadel
[06Mar2025 23:36:14.631] [main/DEBUG] [net.minecraftforge.fml.javafmlmod.FMLJavaModLanguageProvider/LOADING]: Loading FMLModContainer from classloader cpw.mods.modlauncher.TransformingClassLoader@52ea0269 - got cpw.mods.cl.ModuleClassLoader@54da32dc
[06Mar2025 23:36:14.631] [main/DEBUG] [net.minecraftforge.fml.javafmlmod.FMLModContainer/LOADING]: Creating FMLModContainer instance for com.github.alexthe666.alexsmobs.AlexsMobs
[06Mar2025 23:36:14.632] [main/DEBUG] [net.minecraftforge.fml.javafmlmod.FMLJavaModLanguageProvider/LOADING]: Loading FMLModContainer from classloader cpw.mods.modlauncher.TransformingClassLoader@52ea0269 - got cpw.mods.cl.ModuleClassLoader@54da32dc
[06Mar2025 23:36:14.632] [main/DEBUG] [net.minecraftforge.fml.javafmlmod.FMLModContainer/LOADING]: Creating FMLModContainer instance for com.yungnickyoung.minecraft.yungsapi.YungsApiForge
[06Mar2025 23:36:14.633] [main/DEBUG] [net.minecraftforge.fml.javafmlmod.FMLJavaModLanguageProvider/LOADING]: Loading FMLModContainer from classloader cpw.mods.modlauncher.TransformingClassLoader@52ea0269 - got cpw.mods.cl.ModuleClassLoader@54da32dc
[06Mar2025 23:36:14.633] [main/DEBUG] [net.minecraftforge.fml.javafmlmod.FMLModContainer/LOADING]: Creating FMLModContainer instance for com.mrcrayfish.backpacked.Backpacked
[06Mar2025 23:36:14.633] [main/DEBUG] [net.minecraftforge.fml.javafmlmod.FMLJavaModLanguageProvider/LOADING]: Loading FMLModContainer from classloader cpw.mods.modlauncher.TransformingClassLoader@52ea0269 - got cpw.mods.cl.ModuleClassLoader@54da32dc
[06Mar2025 23:36:14.634] [main/DEBUG] [net.minecraftforge.fml.javafmlmod.FMLModContainer/LOADING]: Creating FMLModContainer instance for com.abdelaziz.canary.common.Canary
[06Mar2025 23:36:14.634] [main/DEBUG] [net.minecraftforge.fml.javafmlmod.FMLJavaModLanguageProvider/LOADING]: Loading FMLModContainer from classloader cpw.mods.modlauncher.TransformingClassLoader@52ea0269 - got cpw.mods.cl.ModuleClassLoader@54da32dc
[06Mar2025 23:36:14.634] [main/DEBUG] [net.minecraftforge.fml.javafmlmod.FMLModContainer/LOADING]: Creating FMLModContainer instance for com.llamalad7.mixinextras.platform.forge.MixinExtrasMod
[06Mar2025 23:36:14.636] [main/DEBUG] [net.minecraftforge.fml.lowcodemod.LowCodeModLanguageProvider.LowCodeModTarget/LOADING]: Loading LowCodeModContainer from classloader cpw.mods.modlauncher.TransformingClassLoader@52ea0269 - got cpw.mods.cl.ModuleClassLoader@54da32dc
[06Mar2025 23:36:14.636] [main/DEBUG] [net.minecraftforge.fml.lowcodemod.LowCodeModContainer/LOADING]: Creating LowCodeModContainer for mr_lukis_grandcapitals
[06Mar2025 23:36:14.636] [main/DEBUG] [net.minecraftforge.fml.javafmlmod.FMLJavaModLanguageProvider/LOADING]: Loading FMLModContainer from classloader cpw.mods.modlauncher.TransformingClassLoader@52ea0269 - got cpw.mods.cl.ModuleClassLoader@54da32dc
[06Mar2025 23:36:14.636] [main/DEBUG] [net.minecraftforge.fml.javafmlmod.FMLModContainer/LOADING]: Creating FMLModContainer instance for com.finndog.mvs.forge.MVSForge
[06Mar2025 23:36:14.637] [main/DEBUG] [net.minecraftforge.fml.javafmlmod.FMLJavaModLanguageProvider/LOADING]: Loading FMLModContainer from classloader cpw.mods.modlauncher.TransformingClassLoader@52ea0269 - got cpw.mods.cl.ModuleClassLoader@54da32dc
[06Mar2025 23:36:14.637] [main/DEBUG] [net.minecraftforge.fml.javafmlmod.FMLModContainer/LOADING]: Creating FMLModContainer instance for dev.architectury.forge.ArchitecturyForge
[06Mar2025 23:36:14.637] [main/DEBUG] [net.minecraftforge.fml.javafmlmod.FMLJavaModLanguageProvider/LOADING]: Loading FMLModContainer from classloader cpw.mods.modlauncher.TransformingClassLoader@52ea0269 - got cpw.mods.cl.ModuleClassLoader@54da32dc
[06Mar2025 23:36:14.637] [main/DEBUG] [net.minecraftforge.fml.javafmlmod.FMLModContainer/LOADING]: Creating FMLModContainer instance for de.cristelknight.doapi.forge.DoApiForge
[06Mar2025 23:36:14.638] [main/DEBUG] [net.minecraftforge.fml.javafmlmod.FMLJavaModLanguageProvider/LOADING]: Loading FMLModContainer from classloader cpw.mods.modlauncher.TransformingClassLoader@52ea0269 - got cpw.mods.cl.ModuleClassLoader@54da32dc
[06Mar2025 23:36:14.638] [main/DEBUG] [net.minecraftforge.fml.javafmlmod.FMLModContainer/LOADING]: Creating FMLModContainer instance for de.cristelknight.doapi.forge.terraform.TerraformApiForge
[06Mar2025 23:36:14.638] [main/DEBUG] [net.minecraftforge.fml.javafmlmod.FMLJavaModLanguageProvider/LOADING]: Loading FMLModContainer from classloader cpw.mods.modlauncher.TransformingClassLoader@52ea0269 - got cpw.mods.cl.ModuleClassLoader@54da32dc
[06Mar2025 23:36:14.639] [main/DEBUG] [net.minecraftforge.fml.javafmlmod.FMLModContainer/LOADING]: Creating FMLModContainer instance for net.satisfy.vinery.forge.VineryForge
[06Mar2025 23:36:14.639] [main/DEBUG] [net.minecraftforge.fml.javafmlmod.FMLJavaModLanguageProvider/LOADING]: Loading FMLModContainer from classloader cpw.mods.modlauncher.TransformingClassLoader@52ea0269 - got cpw.mods.cl.ModuleClassLoader@54da32dc
[06Mar2025 23:36:14.639] [main/DEBUG] [net.minecraftforge.fml.javafmlmod.FMLModContainer/LOADING]: Creating FMLModContainer instance for com.ncpbails.alexsdelight.AlexsDelight
[06Mar2025 23:36:14.640] [main/DEBUG] [net.minecraftforge.fml.javafmlmod.FMLJavaModLanguageProvider/LOADING]: Loading FMLModContainer from classloader cpw.mods.modlauncher.TransformingClassLoader@52ea0269 - got cpw.mods.cl.ModuleClassLoader@54da32dc
[06Mar2025 23:36:14.640] [main/DEBUG] [net.minecraftforge.fml.javafmlmod.FMLModContainer/LOADING]: Creating FMLModContainer instance for com.github.nyuppo.MoreMobVariants
[06Mar2025 23:36:14.641] [main/DEBUG] [net.minecraftforge.fml.javafmlmod.FMLJavaModLanguageProvider/LOADING]: Loading FMLModContainer from classloader cpw.mods.modlauncher.TransformingClassLoader@52ea0269 - got cpw.mods.cl.ModuleClassLoader@54da32dc
[06Mar2025 23:36:14.641] [main/DEBUG] [net.minecraftforge.fml.javafmlmod.FMLModContainer/LOADING]: Creating FMLModContainer instance for noobanidus.mods.lootr.Lootr
[06Mar2025 23:36:14.642] [main/DEBUG] [net.minecraftforge.fml.javafmlmod.FMLJavaModLanguageProvider/LOADING]: Loading FMLModContainer from classloader cpw.mods.modlauncher.TransformingClassLoader@52ea0269 - got cpw.mods.cl.ModuleClassLoader@54da32dc
[06Mar2025 23:36:14.642] [main/DEBUG] [net.minecraftforge.fml.javafmlmod.FMLModContainer/LOADING]: Creating FMLModContainer instance for malte0811.ferritecore.ModMainForge
[06Mar2025 23:36:14.643] [main/DEBUG] [net.minecraftforge.fml.javafmlmod.FMLJavaModLanguageProvider/LOADING]: Loading FMLModContainer from classloader cpw.mods.modlauncher.TransformingClassLoader@52ea0269 - got cpw.mods.cl.ModuleClassLoader@54da32dc
[06Mar2025 23:36:14.643] [main/DEBUG] [net.minecraftforge.fml.javafmlmod.FMLModContainer/LOADING]: Creating FMLModContainer instance for net.mcreator.ancientgolems.AncientGolemsMod
[06Mar2025 23:36:14.643] [main/DEBUG] [net.minecraftforge.fml.javafmlmod.FMLJavaModLanguageProvider/LOADING]: Loading FMLModContainer from classloader cpw.mods.modlauncher.TransformingClassLoader@52ea0269 - got cpw.mods.cl.ModuleClassLoader@54da32dc
[06Mar2025 23:36:14.644] [main/DEBUG] [net.minecraftforge.fml.javafmlmod.FMLModContainer/LOADING]: Creating FMLModContainer instance for com.mrcrayfish.furniture.refurbished.FurnitureMod
[06Mar2025 23:36:14.644] [main/DEBUG] [net.minecraftforge.fml.javafmlmod.FMLJavaModLanguageProvider/LOADING]: Loading FMLModContainer from classloader cpw.mods.modlauncher.TransformingClassLoader@52ea0269 - got cpw.mods.cl.ModuleClassLoader@54da32dc
[06Mar2025 23:36:14.644] [main/DEBUG] [net.minecraftforge.fml.javafmlmod.FMLModContainer/LOADING]: Creating FMLModContainer instance for net.mcreator.decentbiomes.DecentBiomesMod
[06Mar2025 23:36:14.645] [main/DEBUG] [net.minecraftforge.fml.javafmlmod.FMLJavaModLanguageProvider/LOADING]: Loading FMLModContainer from classloader cpw.mods.modlauncher.TransformingClassLoader@52ea0269 - got cpw.mods.cl.ModuleClassLoader@54da32dc
[06Mar2025 23:36:14.645] [main/DEBUG] [net.minecraftforge.fml.javafmlmod.FMLModContainer/LOADING]: Creating FMLModContainer instance for com.mysticsbiomes.MysticsBiomes
[06Mar2025 23:36:14.646] [main/DEBUG] [net.minecraftforge.fml.javafmlmod.FMLJavaModLanguageProvider/LOADING]: Loading FMLModContainer from classloader cpw.mods.modlauncher.TransformingClassLoader@52ea0269 - got cpw.mods.cl.ModuleClassLoader@54da32dc
[06Mar2025 23:36:14.646] [main/DEBUG] [net.minecraftforge.fml.javafmlmod.FMLModContainer/LOADING]: Creating FMLModContainer instance for com.mrcrayfish.framework.FrameworkForge
[06Mar2025 23:36:14.647] [main/DEBUG] [net.minecraftforge.fml.javafmlmod.FMLJavaModLanguageProvider/LOADING]: Loading FMLModContainer from classloader cpw.mods.modlauncher.TransformingClassLoader@52ea0269 - got cpw.mods.cl.ModuleClassLoader@54da32dc
[06Mar2025 23:36:14.647] [main/DEBUG] [net.minecraftforge.fml.javafmlmod.FMLModContainer/LOADING]: Creating FMLModContainer instance for tictim.paraglider.forge.ForgeParagliderMod
[06Mar2025 23:36:14.648] [main/DEBUG] [net.minecraftforge.fml.javafmlmod.FMLJavaModLanguageProvider/LOADING]: Loading FMLModContainer from classloader cpw.mods.modlauncher.TransformingClassLoader@52ea0269 - got cpw.mods.cl.ModuleClassLoader@54da32dc
[06Mar2025 23:36:14.649] [main/DEBUG] [net.minecraftforge.fml.javafmlmod.FMLModContainer/LOADING]: Creating FMLModContainer instance for goblinstyranny.GoblinsTyrannyMod
[06Mar2025 23:36:14.649] [main/DEBUG] [net.minecraftforge.fml.javafmlmod.FMLJavaModLanguageProvider/LOADING]: Loading FMLModContainer from classloader cpw.mods.modlauncher.TransformingClassLoader@52ea0269 - got cpw.mods.cl.ModuleClassLoader@54da32dc
[06Mar2025 23:36:14.649] [main/DEBUG] [net.minecraftforge.fml.javafmlmod.FMLModContainer/LOADING]: Creating FMLModContainer instance for net.minecraftforge.common.ForgeMod
[06Mar2025 23:36:14.653] [main/DEBUG] [net.minecraftforge.fml.javafmlmod.FMLJavaModLanguageProvider/LOADING]: Loading FMLModContainer from classloader cpw.mods.modlauncher.TransformingClassLoader@52ea0269 - got cpw.mods.cl.ModuleClassLoader@54da32dc
[06Mar2025 23:36:14.653] [main/DEBUG] [net.minecraftforge.fml.javafmlmod.FMLModContainer/LOADING]: Creating FMLModContainer instance for net.mcreator.notenoughgolems.PlentyOfGolemsMod
[06Mar2025 23:36:14.654] [main/DEBUG] [net.minecraftforge.fml.javafmlmod.FMLJavaModLanguageProvider/LOADING]: Loading FMLModContainer from classloader cpw.mods.modlauncher.TransformingClassLoader@52ea0269 - got cpw.mods.cl.ModuleClassLoader@54da32dc
[06Mar2025 23:36:14.654] [main/DEBUG] [net.minecraftforge.fml.javafmlmod.FMLModContainer/LOADING]: Creating FMLModContainer instance for lain.mods.cos.init.forge.ForgeCosmeticArmorReworked
[06Mar2025 23:36:14.655] [main/DEBUG] [net.minecraftforge.fml.javafmlmod.FMLJavaModLanguageProvider/LOADING]: Loading FMLModContainer from classloader cpw.mods.modlauncher.TransformingClassLoader@52ea0269 - got cpw.mods.cl.ModuleClassLoader@54da32dc
[06Mar2025 23:36:14.655] [main/DEBUG] [net.minecraftforge.fml.javafmlmod.FMLModContainer/LOADING]: Creating FMLModContainer instance for net.satisfy.farm_and_charm.forge.FarmAndCharmForge
[06Mar2025 23:36:14.768] [modloading-worker-0/DEBUG] [net.minecraftforge.fml.javafmlmod.AutomaticEventSubscriber/LOADING]: Attempting to inject @EventBusSubscriber classes into the eventbus for terrablender
[06Mar2025 23:36:14.782] [modloading-worker-0/DEBUG] [net.minecraftforge.fml.javafmlmod.AutomaticEventSubscriber/LOADING]: Auto-subscribing terrablender.handler.InitializationHandler to FORGE
[06Mar2025 23:36:14.797] [modloading-worker-0/DEBUG] [net.minecraftforge.fml.config.ConfigTracker/CONFIG]: Config file farmersdelight-common.toml for farmersdelight tracking
[06Mar2025 23:36:14.798] [modloading-worker-0/DEBUG] [net.minecraftforge.fml.config.ConfigTracker/CONFIG]: Config file farmersdelight-client.toml for farmersdelight tracking
[06Mar2025 23:36:14.799] [modloading-worker-0/DEBUG] [mixin/]: Mixing perf.forge_registry_lambda.RegistryObjectMixin from modernfix-forge.mixins.json into net.minecraftforge.registries.RegistryObject
[06Mar2025 23:36:14.809] [modloading-worker-0/DEBUG] [net.minecraftforge.fml.javafmlmod.AutomaticEventSubscriber/LOADING]: Attempting to inject @EventBusSubscriber classes into the eventbus for jade
[06Mar2025 23:36:14.998] [modloading-worker-0/DEBUG] [net.minecraftforge.fml.javafmlmod.AutomaticEventSubscriber/LOADING]: Attempting to inject @EventBusSubscriber classes into the eventbus for farmersdelight
[06Mar2025 23:36:15.007] [modloading-worker-0/DEBUG] [net.minecraftforge.fml.javafmlmod.AutomaticEventSubscriber/LOADING]: Auto-subscribing vectorwing.farmersdelight.data.DataGenerators to MOD
[06Mar2025 23:36:15.011] [modloading-worker-0/DEBUG] [net.minecraftforge.fml.javafmlmod.AutomaticEventSubscriber/LOADING]: Auto-subscribing vectorwing.farmersdelight.common.item.SkilletItem$SkilletEvents to FORGE
[06Mar2025 23:36:15.013] [modloading-worker-0/DEBUG] [net.minecraftforge.fml.javafmlmod.AutomaticEventSubscriber/LOADING]: Auto-subscribing vectorwing.farmersdelight.common.item.KnifeItem$KnifeEvents to FORGE
[06Mar2025 23:36:15.016] [modloading-worker-0/DEBUG] [net.minecraftforge.fml.javafmlmod.AutomaticEventSubscriber/LOADING]: Auto-subscribing vectorwing.farmersdelight.common.item.HorseFeedItem$HorseFeedEvent to FORGE
[06Mar2025 23:36:15.024] [modloading-worker-0/DEBUG] [net.minecraftforge.fml.javafmlmod.AutomaticEventSubscriber/LOADING]: Auto-subscribing vectorwing.farmersdelight.common.item.enchantment.BackstabbingEnchantment$BackstabbingEvent to FORGE
[06Mar2025 23:36:15.025] [modloading-worker-0/DEBUG] [net.minecraftforge.fml.javafmlmod.AutomaticEventSubscriber/LOADING]: Auto-subscribing vectorwing.farmersdelight.common.item.DogFoodItem$DogFoodEvent to FORGE
[06Mar2025 23:36:15.026] [modloading-worker-0/DEBUG] [net.minecraftforge.fml.javafmlmod.AutomaticEventSubscriber/LOADING]: Auto-subscribing vectorwing.farmersdelight.common.event.VillagerEvents to FORGE
[06Mar2025 23:36:15.028] [modloading-worker-0/DEBUG] [net.minecraftforge.fml.javafmlmod.AutomaticEventSubscriber/LOADING]: Auto-subscribing vectorwing.farmersdelight.common.event.SetupEvents to MOD
[06Mar2025 23:36:15.032] [modloading-worker-0/DEBUG] [net.minecraftforge.fml.javafmlmod.AutomaticEventSubscriber/LOADING]: Auto-subscribing vectorwing.farmersdelight.common.event.MappingEvents to FORGE
[06Mar2025 23:36:15.034] [modloading-worker-0/DEBUG] [net.minecraftforge.fml.javafmlmod.AutomaticEventSubscriber/LOADING]: Auto-subscribing vectorwing.farmersdelight.common.event.CommonEvents to FORGE
[06Mar2025 23:36:15.044] [modloading-worker-0/DEBUG] [net.minecraftforge.fml.javafmlmod.AutomaticEventSubscriber/LOADING]: Auto-subscribing vectorwing.farmersdelight.common.Configuration to FORGE
[06Mar2025 23:36:15.044] [modloading-worker-0/DEBUG] [net.minecraftforge.fml.javafmlmod.AutomaticEventSubscriber/LOADING]: Auto-subscribing vectorwing.farmersdelight.common.block.CuttingBoardBlock$ToolCarvingEvent to FORGE
[06Mar2025 23:36:15.059] [modloading-worker-0/DEBUG] [net.minecraftforge.fml.javafmlmod.AutomaticEventSubscriber/LOADING]: Attempting to inject @EventBusSubscriber classes into the eventbus for geckolib
[06Mar2025 23:36:15.061] [modloading-worker-0/DEBUG] [net.minecraftforge.fml.javafmlmod.AutomaticEventSubscriber/LOADING]: Auto-subscribing software.bernie.example.GeckoLibMod to FORGE
[06Mar2025 23:36:15.061] [modloading-worker-0/DEBUG] [net.minecraftforge.fml.javafmlmod.AutomaticEventSubscriber/LOADING]: Auto-subscribing software.bernie.example.CommonListener to MOD
[06Mar2025 23:36:15.091] [modloading-worker-0/DEBUG] [net.minecraftforge.fml.config.ConfigTracker/CONFIG]: Config file displaydelight-common.toml for displaydelight tracking
[06Mar2025 23:36:15.091] [modloading-worker-0/DEBUG] [net.minecraftforge.fml.javafmlmod.AutomaticEventSubscriber/LOADING]: Attempting to inject @EventBusSubscriber classes into the eventbus for displaydelight
[06Mar2025 23:36:15.091] [modloading-worker-0/DEBUG] [net.minecraftforge.fml.javafmlmod.AutomaticEventSubscriber/LOADING]: Auto-subscribing com.jkvin114.displaydelight.events.DisplayEvents to FORGE
[06Mar2025 23:36:15.094] [modloading-worker-0/DEBUG] [mixin/]: Mixing MixinLevelEvent from architectury.mixins.json into net.minecraftforge.event.level.LevelEvent
[06Mar2025 23:36:15.197] [modloading-worker-0/DEBUG] [net.minecraftforge.fml.javafmlmod.AutomaticEventSubscriber/LOADING]: Attempting to inject @EventBusSubscriber classes into the eventbus for special_drops
[06Mar2025 23:36:15.197] [modloading-worker-0/DEBUG] [net.minecraftforge.fml.javafmlmod.AutomaticEventSubscriber/LOADING]: Auto-subscribing net.cursedwarrior.specialdrops.procedures.SpecialDropsProcedureProcedure to FORGE
[06Mar2025 23:36:15.200] [modloading-worker-0/DEBUG] [net.minecraftforge.fml.javafmlmod.AutomaticEventSubscriber/LOADING]: Auto-subscribing net.cursedwarrior.specialdrops.procedures.SlimeBootsProcedureProcedure to FORGE
[06Mar2025 23:36:15.208] [modloading-worker-0/DEBUG] [net.minecraftforge.fml.javafmlmod.AutomaticEventSubscriber/LOADING]: Auto-subscribing net.cursedwarrior.specialdrops.procedures.SkeletonChestplateProcedureProcedure to FORGE
[06Mar2025 23:36:15.209] [modloading-worker-0/DEBUG] [net.minecraftforge.fml.javafmlmod.AutomaticEventSubscriber/LOADING]: Auto-subscribing net.cursedwarrior.specialdrops.procedures.MagmaBootsProcedureProcedure to FORGE
[06Mar2025 23:36:15.210] [modloading-worker-0/DEBUG] [net.minecraftforge.fml.javafmlmod.AutomaticEventSubscriber/LOADING]: Auto-subscribing net.cursedwarrior.specialdrops.procedures.GhastHurtProcedureProcedure to FORGE
[06Mar2025 23:36:15.210] [modloading-worker-0/DEBUG] [net.minecraftforge.fml.javafmlmod.AutomaticEventSubscriber/LOADING]: Auto-subscribing net.cursedwarrior.specialdrops.procedures.EmeraldBladeProcedureProcedure to FORGE
[06Mar2025 23:36:15.211] [modloading-worker-0/DEBUG] [net.minecraftforge.fml.javafmlmod.AutomaticEventSubscriber/LOADING]: Auto-subscribing net.cursedwarrior.specialdrops.procedures.CowBodyTickEventProcedure to FORGE
[06Mar2025 23:36:15.212] [modloading-worker-0/DEBUG] [net.minecraftforge.fml.javafmlmod.AutomaticEventSubscriber/LOADING]: Auto-subscribing net.cursedwarrior.specialdrops.procedures.BeeProcedureProcedure to FORGE
[06Mar2025 23:36:15.213] [modloading-worker-0/DEBUG] [net.minecraftforge.fml.javafmlmod.AutomaticEventSubscriber/LOADING]: Auto-subscribing net.cursedwarrior.specialdrops.init.SpecialDropsModEntities to MOD
[06Mar2025 23:36:15.286] [modloading-worker-0/DEBUG] [net.minecraftforge.fml.config.ConfigTracker/CONFIG]: Config file recrafted_creatures-client.toml for recrafted_creatures tracking
[06Mar2025 23:36:15.295] [modloading-worker-0/DEBUG] [net.minecraftforge.fml.config.ConfigTracker/CONFIG]: Config file recrafted_creatures-server.toml for recrafted_creatures tracking
[06Mar2025 23:36:15.295] [modloading-worker-0/DEBUG] [net.minecraftforge.fml.ModLoadingContext/]: Attempted to register an empty config for type COMMON on mod recrafted_creatures
[06Mar2025 23:36:15.295] [modloading-worker-0/DEBUG] [net.minecraftforge.fml.javafmlmod.AutomaticEventSubscriber/LOADING]: Attempting to inject @EventBusSubscriber classes into the eventbus for recrafted_creatures
[06Mar2025 23:36:15.295] [modloading-worker-0/DEBUG] [net.minecraftforge.fml.javafmlmod.AutomaticEventSubscriber/LOADING]: Auto-subscribing io.github.itskillerluc.recrafted_creatures.event.ForgeEvents to FORGE
[06Mar2025 23:36:15.301] [modloading-worker-0/DEBUG] [mixin/]: Mixing perf.resourcepacks.ReloadableResourceManagerMixin from modernfix-common.mixins.json into net.minecraft.server.packs.resources.ReloadableResourceManager
[06Mar2025 23:36:15.307] [modloading-worker-0/DEBUG] [net.minecraftforge.fml.javafmlmod.AutomaticEventSubscriber/LOADING]: Attempting to inject @EventBusSubscriber classes into the eventbus for duclib
[06Mar2025 23:36:15.329] [modloading-worker-0/DEBUG] [net.minecraftforge.fml.config.ConfigTracker/CONFIG]: Config file astikorcarts-common.toml for astikorcarts tracking
[06Mar2025 23:36:15.332] [modloading-worker-0/DEBUG] [mixin/]: Mixing collections.goals.GoalSelectorMixin from canary.mixins.json into net.minecraft.world.entity.ai.goal.GoalSelector
[06Mar2025 23:36:15.343] [modloading-worker-0/DEBUG] [net.minecraftforge.fml.javafmlmod.AutomaticEventSubscriber/LOADING]: Attempting to inject @EventBusSubscriber classes into the eventbus for astikorcarts
[06Mar2025 23:36:15.344] [modloading-worker-0/DEBUG] [net.minecraftforge.fml.javafmlmod.AutomaticEventSubscriber/LOADING]: Auto-subscribing de.mennomax.astikorcarts.server.event.ForgeServerEvents to FORGE
[06Mar2025 23:36:15.534] [modloading-worker-0/DEBUG] [net.minecraftforge.fml.javafmlmod.AutomaticEventSubscriber/LOADING]: Attempting to inject @EventBusSubscriber classes into the eventbus for gnumus
[06Mar2025 23:36:15.543] [modloading-worker-0/DEBUG] [net.minecraftforge.fml.javafmlmod.AutomaticEventSubscriber/LOADING]: Auto-subscribing net.mcreator.gnumus.world.features.StructureFeature to FORGE
[06Mar2025 23:36:15.544] [modloading-worker-0/DEBUG] [net.minecraftforge.fml.javafmlmod.AutomaticEventSubscriber/LOADING]: Auto-subscribing net.mcreator.gnumus.procedures.OverripeCarrotDropProcedure to FORGE
[06Mar2025 23:36:15.546] [modloading-worker-0/DEBUG] [net.minecraftforge.fml.javafmlmod.AutomaticEventSubscriber/LOADING]: Auto-subscribing net.mcreator.gnumus.procedures.KillGnumusProcedure to FORGE
[06Mar2025 23:36:15.547] [modloading-worker-0/DEBUG] [net.minecraftforge.fml.javafmlmod.AutomaticEventSubscriber/LOADING]: Auto-subscribing net.mcreator.gnumus.procedures.KillBigSnoutProcedure to FORGE
[06Mar2025 23:36:15.547] [modloading-worker-0/DEBUG] [net.minecraftforge.fml.javafmlmod.AutomaticEventSubscriber/LOADING]: Auto-subscribing net.mcreator.gnumus.procedures.BitternessProProcedure to FORGE
[06Mar2025 23:36:15.548] [modloading-worker-0/DEBUG] [net.minecraftforge.fml.javafmlmod.AutomaticEventSubscriber/LOADING]: Auto-subscribing net.mcreator.gnumus.init.GnumusModGameRules to MOD
[06Mar2025 23:36:15.554] [modloading-worker-0/DEBUG] [mixin/]: Mixing collections.gamerules.GameRulesMixin from canary.mixins.json into net.minecraft.world.level.GameRules
[06Mar2025 23:36:15.637] [modloading-worker-0/DEBUG] [net.minecraftforge.fml.javafmlmod.AutomaticEventSubscriber/LOADING]: Auto-subscribing net.mcreator.gnumus.init.GnumusModFeatures to FORGE
[06Mar2025 23:36:15.637] [modloading-worker-0/DEBUG] [net.minecraftforge.fml.javafmlmod.AutomaticEventSubscriber/LOADING]: Auto-subscribing net.mcreator.gnumus.init.GnumusModEntities to MOD
[06Mar2025 23:36:15.638] [modloading-worker-0/DEBUG] [net.minecraftforge.fml.javafmlmod.AutomaticEventSubscriber/LOADING]: Auto-subscribing net.mcreator.gnumus.init.EntityAnimationFactory to FORGE
[06Mar2025 23:36:15.652] [modloading-worker-0/DEBUG] [ribbits/]: Loaded com.yungnickyoung.minecraft.ribbits.services.ForgePlatformHelper@7dee175d for service interface com.yungnickyoung.minecraft.ribbits.services.IPlatformHelper
[06Mar2025 23:36:15.653] [modloading-worker-0/DEBUG] [ribbits/]: Loaded com.yungnickyoung.minecraft.ribbits.services.ForgeModulesLoader@3b198d6e for service interface com.yungnickyoung.minecraft.ribbits.services.IModulesLoader
[06Mar2025 23:36:15.653] [modloading-worker-0/DEBUG] [ribbits/]: Loaded com.yungnickyoung.minecraft.ribbits.services.ForgeSupporterHelper@73e8e07 for service interface com.yungnickyoung.minecraft.ribbits.services.ISupporterHelper
[06Mar2025 23:36:15.747] [modloading-worker-0/DEBUG] [net.minecraftforge.fml.config.ConfigTracker/CONFIG]: Config file ribbits-forge-1_20_1.toml for ribbits tracking
[06Mar2025 23:36:15.758] [modloading-worker-0/DEBUG] [net.minecraftforge.fml.javafmlmod.AutomaticEventSubscriber/LOADING]: Attempting to inject @EventBusSubscriber classes into the eventbus for ribbits
[06Mar2025 23:36:15.775] [modloading-worker-0/DEBUG] [net.minecraftforge.fml.config.ConfigTracker/CONFIG]: Config file curios-client.toml for curios tracking
[06Mar2025 23:36:15.786] [modloading-worker-0/DEBUG] [net.minecraftforge.fml.config.ConfigTracker/CONFIG]: Config file curios-common.toml for curios tracking
[06Mar2025 23:36:15.786] [modloading-worker-0/DEBUG] [net.minecraftforge.fml.config.ConfigTracker/CONFIG]: Config file curios-server.toml for curios tracking
[06Mar2025 23:36:15.786] [modloading-worker-0/DEBUG] [net.minecraftforge.fml.javafmlmod.AutomaticEventSubscriber/LOADING]: Attempting to inject @EventBusSubscriber classes into the eventbus for curios
[06Mar2025 23:36:15.804] [modloading-worker-0/DEBUG] [net.minecraftforge.fml.config.ConfigTracker/CONFIG]: Config file patchouli-client.toml for patchouli tracking
[06Mar2025 23:36:15.806] [modloading-worker-0/DEBUG] [net.minecraftforge.fml.javafmlmod.AutomaticEventSubscriber/LOADING]: Attempting to inject @EventBusSubscriber classes into the eventbus for patchouli
[06Mar2025 23:36:15.806] [modloading-worker-0/DEBUG] [net.minecraftforge.fml.javafmlmod.AutomaticEventSubscriber/LOADING]: Auto-subscribing vazkii.patchouli.forge.common.ForgeModInitializer to MOD
[06Mar2025 23:36:15.862] [modloading-worker-0/DEBUG] [xaero.hud.minimap.MinimapLogs/]: Loaded xaero.common.platform.services.ForgePlatformHelper@78f39b79 for service interface xaero.common.platform.services.IPlatformHelper
[06Mar2025 23:36:15.884] [modloading-worker-0/DEBUG] [net.minecraftforge.fml.javafmlmod.AutomaticEventSubscriber/LOADING]: Attempting to inject @EventBusSubscriber classes into the eventbus for xaerominimap
[06Mar2025 23:36:15.903] [modloading-worker-0/DEBUG] [net.minecraftforge.fml.config.ConfigTracker/CONFIG]: Config file gravestone-server.toml for gravestone tracking
[06Mar2025 23:36:15.912] [modloading-worker-0/DEBUG] [net.minecraftforge.fml.config.ConfigTracker/CONFIG]: Config file gravestone-client.toml for gravestone tracking
[06Mar2025 23:36:15.915] [modloading-worker-0/DEBUG] [net.minecraftforge.fml.javafmlmod.AutomaticEventSubscriber/LOADING]: Attempting to inject @EventBusSubscriber classes into the eventbus for gravestone
[06Mar2025 23:36:15.915] [modloading-worker-0/DEBUG] [net.minecraftforge.fml.javafmlmod.AutomaticEventSubscriber/LOADING]: Auto-subscribing de.maxhenkel.gravestone.Main to FORGE
[06Mar2025 23:36:15.936] [modloading-worker-0/DEBUG] [net.minecraftforge.coremod.transformer.CoreModBaseTransformer/COREMOD]: Transforming m_11229_ with desc (Lnet/minecraft/server/level/ServerPlayer;Lnet/minecraft/server/level/ServerLevel;)V
[06Mar2025 23:36:15.970] [modloading-worker-0/DEBUG] [net.minecraftforge.fml.config.ConfigTracker/CONFIG]: Config file modernfix-common.toml for modernfix tracking
[06Mar2025 23:36:15.977] [modloading-worker-0/DEBUG] [net.minecraftforge.fml.javafmlmod.AutomaticEventSubscriber/LOADING]: Attempting to inject @EventBusSubscriber classes into the eventbus for modernfix
[06Mar2025 23:36:15.988] [modloading-worker-0/DEBUG] [net.minecraftforge.fml.config.ConfigTracker/CONFIG]: Config file jei-server.toml for jei tracking
[06Mar2025 23:36:15.992] [modloading-worker-0/DEBUG] [net.minecraftforge.fml.javafmlmod.AutomaticEventSubscriber/LOADING]: Attempting to inject @EventBusSubscriber classes into the eventbus for jei
[06Mar2025 23:36:16.017] [modloading-worker-0/DEBUG] [net.minecraftforge.fml.config.ConfigTracker/CONFIG]: Config file citadel-common.toml for citadel tracking
[06Mar2025 23:36:16.020] [modloading-worker-0/DEBUG] [net.minecraftforge.fml.javafmlmod.AutomaticEventSubscriber/LOADING]: Attempting to inject @EventBusSubscriber classes into the eventbus for citadel
[06Mar2025 23:36:16.020] [modloading-worker-0/DEBUG] [net.minecraftforge.fml.javafmlmod.AutomaticEventSubscriber/LOADING]: Auto-subscribing com.github.alexthe666.citadel.ServerProxy to MOD
[06Mar2025 23:36:16.330] [modloading-worker-0/DEBUG] [net.minecraftforge.fml.config.ConfigTracker/CONFIG]: Config file alexsmobs.toml for alexsmobs tracking
[06Mar2025 23:36:16.391] [modloading-worker-0/DEBUG] [net.minecraftforge.fml.javafmlmod.AutomaticEventSubscriber/LOADING]: Attempting to inject @EventBusSubscriber classes into the eventbus for alexsmobs
[06Mar2025 23:36:16.391] [modloading-worker-0/DEBUG] [net.minecraftforge.fml.javafmlmod.AutomaticEventSubscriber/LOADING]: Auto-subscribing com.github.alexthe666.alexsmobs.world.AMWorldRegistry to MOD
[06Mar2025 23:36:16.393] [modloading-worker-0/DEBUG] [net.minecraftforge.fml.javafmlmod.AutomaticEventSubscriber/LOADING]: Auto-subscribing com.github.alexthe666.alexsmobs.tileentity.AMTileEntityRegistry to MOD
[06Mar2025 23:36:16.393] [modloading-worker-0/DEBUG] [net.minecraftforge.fml.javafmlmod.AutomaticEventSubscriber/LOADING]: Auto-subscribing com.github.alexthe666.alexsmobs.event.ServerEvents to FORGE
[06Mar2025 23:36:16.396] [modloading-worker-0/DEBUG] [net.minecraftforge.fml.javafmlmod.AutomaticEventSubscriber/LOADING]: Auto-subscribing com.github.alexthe666.alexsmobs.entity.AMEntityRegistry to MOD
[06Mar2025 23:36:16.396] [modloading-worker-0/DEBUG] [net.minecraftforge.fml.javafmlmod.AutomaticEventSubscriber/LOADING]: Auto-subscribing com.github.alexthe666.alexsmobs.CommonProxy to MOD
[06Mar2025 23:36:16.398] [modloading-worker-0/DEBUG] [net.minecraftforge.fml.javafmlmod.AutomaticEventSubscriber/LOADING]: Auto-subscribing com.github.alexthe666.alexsmobs.AlexsMobs to FORGE
[06Mar2025 23:36:16.459] [modloading-worker-0/DEBUG] [net.minecraftforge.fml.javafmlmod.AutomaticEventSubscriber/LOADING]: Attempting to inject @EventBusSubscriber classes into the eventbus for yungsapi
[06Mar2025 23:36:16.464] [modloading-worker-0/DEBUG] [net.minecraftforge.fml.javafmlmod.AutomaticEventSubscriber/LOADING]: Attempting to inject @EventBusSubscriber classes into the eventbus for backpacked
[06Mar2025 23:36:16.465] [modloading-worker-0/DEBUG] [net.minecraftforge.fml.javafmlmod.AutomaticEventSubscriber/LOADING]: Attempting to inject @EventBusSubscriber classes into the eventbus for canary
[06Mar2025 23:36:16.466] [modloading-worker-0/DEBUG] [net.minecraftforge.fml.javafmlmod.AutomaticEventSubscriber/LOADING]: Attempting to inject @EventBusSubscriber classes into the eventbus for mixinextras
[06Mar2025 23:36:16.477] [modloading-worker-0/DEBUG] [net.minecraftforge.fml.javafmlmod.AutomaticEventSubscriber/LOADING]: Attempting to inject @EventBusSubscriber classes into the eventbus for mvs
[06Mar2025 23:36:16.568] [modloading-worker-0/DEBUG] [mixin/]: Mixing world.explosions.ExplosionMixin from canary.mixins.json into net.minecraft.world.level.Explosion
[06Mar2025 23:36:16.634] [modloading-worker-0/DEBUG] [net.minecraftforge.fml.javafmlmod.AutomaticEventSubscriber/LOADING]: Attempting to inject @EventBusSubscriber classes into the eventbus for architectury
[06Mar2025 23:36:16.635] [modloading-worker-0/DEBUG] [net.minecraftforge.fml.javafmlmod.AutomaticEventSubscriber/LOADING]: Auto-subscribing dev.architectury.registry.level.entity.trade.forge.TradeRegistryImpl to FORGE
[06Mar2025 23:36:16.636] [modloading-worker-0/DEBUG] [net.minecraftforge.fml.javafmlmod.AutomaticEventSubscriber/LOADING]: Auto-subscribing dev.architectury.registry.forge.ReloadListenerRegistryImpl to FORGE
[06Mar2025 23:36:16.644] [modloading-worker-0/DEBUG] [net.minecraftforge.fml.javafmlmod.AutomaticEventSubscriber/LOADING]: Auto-subscribing dev.architectury.networking.forge.NetworkManagerImpl to FORGE
[06Mar2025 23:36:16.648] [modloading-worker-0/INFO] [dev.architectury.networking.forge.NetworkManagerImpl/]: Registering C2S receiver with id architectury:sync_ids
[06Mar2025 23:36:16.684] [modloading-worker-0/DEBUG] [doapi/]: Registering Sounds for doapi
[06Mar2025 23:36:16.685] [modloading-worker-0/DEBUG] [net.minecraftforge.fml.javafmlmod.AutomaticEventSubscriber/LOADING]: Attempting to inject @EventBusSubscriber classes into the eventbus for doapi
[06Mar2025 23:36:16.687] [modloading-worker-0/DEBUG] [net.minecraftforge.fml.javafmlmod.AutomaticEventSubscriber/LOADING]: Attempting to inject @EventBusSubscriber classes into the eventbus for terraform
[06Mar2025 23:36:16.713] [modloading-worker-0/DEBUG] [mixin/]: Mixing BootsItemMixin from vinery.mixins.json into net.satisfy.vinery.core.item.WinemakerBootsItem
[06Mar2025 23:36:16.723] [modloading-worker-0/DEBUG] [mixin/]: Mixing LeggingsItemMixin from vinery.mixins.json into net.satisfy.vinery.core.item.WinemakerLegsItem
[06Mar2025 23:36:16.725] [modloading-worker-0/DEBUG] [mixin/]: Mixing ChestplateItemMixin from vinery.mixins.json into net.satisfy.vinery.core.item.WinemakerChestItem
[06Mar2025 23:36:16.727] [modloading-worker-0/DEBUG] [mixin/]: Mixing HelmetItemMixin from vinery.mixins.json into net.satisfy.vinery.core.item.WinemakerHelmetItem
[06Mar2025 23:36:16.772] [modloading-worker-0/DEBUG] [net.minecraftforge.fml.javafmlmod.AutomaticEventSubscriber/LOADING]: Attempting to inject @EventBusSubscriber classes into the eventbus for butcher
[06Mar2025 23:36:16.777] [modloading-worker-0/DEBUG] [net.minecraftforge.fml.javafmlmod.AutomaticEventSubscriber/LOADING]: Auto-subscribing net.mcreator.butcher.world.features.StructureFeature to FORGE
[06Mar2025 23:36:16.778] [modloading-worker-0/DEBUG] [net.minecraftforge.fml.javafmlmod.AutomaticEventSubscriber/LOADING]: Auto-subscribing net.mcreator.butcher.recipes.brewing.SulfarcraftingBrewingRecipe to MOD
[06Mar2025 23:36:16.779] [modloading-worker-0/DEBUG] [net.minecraftforge.fml.javafmlmod.AutomaticEventSubscriber/LOADING]: Auto-subscribing net.mcreator.butcher.recipes.brewing.MagicWishboneRecipeBrewingRecipe to MOD
[06Mar2025 23:36:16.779] [modloading-worker-0/DEBUG] [net.minecraftforge.fml.javafmlmod.AutomaticEventSubscriber/LOADING]: Auto-subscribing net.mcreator.butcher.recipes.brewing.LuckpotionBrewingRecipe to MOD
[06Mar2025 23:36:16.780] [modloading-worker-0/DEBUG] [net.minecraftforge.fml.javafmlmod.AutomaticEventSubscriber/LOADING]: Auto-subscribing net.mcreator.butcher.recipes.brewing.InfectedbloodrecipeBrewingRecipe to MOD
[06Mar2025 23:36:16.788] [modloading-worker-0/DEBUG] [net.minecraftforge.fml.javafmlmod.AutomaticEventSubscriber/LOADING]: Auto-subscribing net.mcreator.butcher.procedures.ZombifiedpiglindropProcedure to FORGE
[06Mar2025 23:36:16.789] [modloading-worker-0/DEBUG] [net.minecraftforge.fml.javafmlmod.AutomaticEventSubscriber/LOADING]: Auto-subscribing net.mcreator.butcher.procedures.ZombietableacidProcedure to FORGE
[06Mar2025 23:36:16.790] [modloading-worker-0/DEBUG] [net.minecraftforge.fml.javafmlmod.AutomaticEventSubscriber/LOADING]: Auto-subscribing net.mcreator.butcher.procedures.ZombiepiglinpickupProcedure to FORGE
[06Mar2025 23:36:16.791] [modloading-worker-0/DEBUG] [net.minecraftforge.fml.javafmlmod.AutomaticEventSubscriber/LOADING]: Auto-subscribing net.mcreator.butcher.procedures.ZombiepiglincutupProcedure to FORGE
[06Mar2025 23:36:16.793] [modloading-worker-0/DEBUG] [net.minecraftforge.fml.javafmlmod.AutomaticEventSubscriber/LOADING]: Auto-subscribing net.mcreator.butcher.procedures.ZombiepickupcorpseProcedure to FORGE
[06Mar2025 23:36:16.794] [modloading-worker-0/DEBUG] [net.minecraftforge.fml.javafmlmod.AutomaticEventSubscriber/LOADING]: Auto-subscribing net.mcreator.butcher.procedures.ZombiehangingcutupProcedure to FORGE
[06Mar2025 23:36:16.798] [modloading-worker-0/DEBUG] [net.minecraftforge.fml.javafmlmod.AutomaticEventSubscriber/LOADING]: Auto-subscribing net.mcreator.butcher.procedures.ZombiedropProcedure to FORGE
[06Mar2025 23:36:16.799] [modloading-worker-0/DEBUG] [net.minecraftforge.fml.javafmlmod.AutomaticEventSubscriber/LOADING]: Auto-subscribing net.mcreator.butcher.procedures.ZombiecutupProcedure to FORGE
[06Mar2025 23:36:16.807] [modloading-worker-0/DEBUG] [net.minecraftforge.fml.javafmlmod.AutomaticEventSubscriber/LOADING]: Auto-subscribing net.mcreator.butcher.procedures.ZombieacidProcedure to FORGE
[06Mar2025 23:36:16.808] [modloading-worker-0/DEBUG] [net.minecraftforge.fml.javafmlmod.AutomaticEventSubscriber/LOADING]: Auto-subscribing net.mcreator.butcher.procedures.WroughtchainhookplacementProcedure to FORGE
[06Mar2025 23:36:16.809] [modloading-worker-0/DEBUG] [net.minecraftforge.fml.javafmlmod.AutomaticEventSubscriber/LOADING]: Auto-subscribing net.mcreator.butcher.procedures.WithpickupcorpseProcedure to FORGE
[06Mar2025 23:36:16.810] [modloading-worker-0/DEBUG] [net.minecraftforge.fml.javafmlmod.AutomaticEventSubscriber/LOADING]: Auto-subscribing net.mcreator.butcher.procedures.WitherskeletonpickupcorpseProcedure to FORGE
[06Mar2025 23:36:16.811] [modloading-worker-0/DEBUG] [net.minecraftforge.fml.javafmlmod.AutomaticEventSubscriber/LOADING]: Auto-subscribing net.mcreator.butcher.procedures.WitherskeletonhangingcutupProcedure to FORGE
[06Mar2025 23:36:16.813] [modloading-worker-0/DEBUG] [net.minecraftforge.fml.javafmlmod.AutomaticEventSubscriber/LOADING]: Auto-subscribing net.mcreator.butcher.procedures.WitherskeletondropProcedure to FORGE
[06Mar2025 23:36:16.814] [modloading-worker-0/DEBUG] [net.minecraftforge.fml.javafmlmod.AutomaticEventSubscriber/LOADING]: Auto-subscribing net.mcreator.butcher.procedures.WitherskeletoncutupProcedure to FORGE
[06Mar2025 23:36:16.815] [modloading-worker-0/DEBUG] [net.minecraftforge.fml.javafmlmod.AutomaticEventSubscriber/LOADING]: Auto-subscribing net.mcreator.butcher.procedures.WitherrightclickProcedure to FORGE
[06Mar2025 23:36:16.816] [modloading-worker-0/DEBUG] [net.minecraftforge.fml.javafmlmod.AutomaticEventSubscriber/LOADING]: Auto-subscribing net.mcreator.butcher.procedures.WitheredhearttooltipProcedure to FORGE
[06Mar2025 23:36:16.817] [modloading-worker-0/DEBUG] [net.minecraftforge.fml.javafmlmod.AutomaticEventSubscriber/LOADING]: Auto-subscribing net.mcreator.butcher.procedures.WitherDropProcedure to FORGE
[06Mar2025 23:36:16.818] [modloading-worker-0/DEBUG] [net.minecraftforge.fml.javafmlmod.AutomaticEventSubscriber/LOADING]: Auto-subscribing net.mcreator.butcher.procedures.WitchtableacidProcedure to FORGE
[06Mar2025 23:36:16.819] [modloading-worker-0/DEBUG] [net.minecraftforge.fml.javafmlmod.AutomaticEventSubscriber/LOADING]: Auto-subscribing net.mcreator.butcher.procedures.WitchhangcutupProcedure to FORGE
[06Mar2025 23:36:16.822] [modloading-worker-0/DEBUG] [net.minecraftforge.fml.javafmlmod.AutomaticEventSubscriber/LOADING]: Auto-subscribing net.mcreator.butcher.procedures.WitchdropProcedure to FORGE
[06Mar2025 23:36:16.823] [modloading-worker-0/DEBUG] [net.minecraftforge.fml.javafmlmod.AutomaticEventSubscriber/LOADING]: Auto-subscribing net.mcreator.butcher.procedures.WitchcutupProcedure to FORGE
[06Mar2025 23:36:16.824] [modloading-worker-0/DEBUG] [net.minecraftforge.fml.javafmlmod.AutomaticEventSubscriber/LOADING]: Auto-subscribing net.mcreator.butcher.procedures.WitchacidProcedure to FORGE
[06Mar2025 23:36:16.826] [modloading-worker-0/DEBUG] [net.minecraftforge.fml.javafmlmod.AutomaticEventSubscriber/LOADING]: Auto-subscribing net.mcreator.butcher.procedures.WishbonebreakProcedure to FORGE
[06Mar2025 23:36:16.827] [modloading-worker-0/DEBUG] [net.minecraftforge.fml.javafmlmod.AutomaticEventSubscriber/LOADING]: Auto-subscribing net.mcreator.butcher.procedures.WettingSkinRagProcedure to FORGE
[06Mar2025 23:36:16.828] [modloading-worker-0/DEBUG] [net.minecraftforge.fml.javafmlmod.AutomaticEventSubscriber/LOADING]: Auto-subscribing net.mcreator.butcher.procedures.WettingSkinProcedure to FORGE
[06Mar2025 23:36:16.829] [modloading-worker-0/DEBUG] [net.minecraftforge.fml.javafmlmod.AutomaticEventSubscriber/LOADING]: Auto-subscribing net.mcreator.butcher.procedures.WetragfromcauldronProcedure to FORGE
[06Mar2025 23:36:16.833] [modloading-worker-0/DEBUG] [net.minecraftforge.fml.javafmlmod.AutomaticEventSubscriber/LOADING]: Auto-subscribing net.mcreator.butcher.procedures.WetSpongeFromBlockProcedure to FORGE
[06Mar2025 23:36:16.834] [modloading-worker-0/DEBUG] [net.minecraftforge.fml.javafmlmod.AutomaticEventSubscriber/LOADING]: Auto-subscribing net.mcreator.butcher.procedures.WetSkinFirstProcedure to FORGE
[06Mar2025 23:36:16.835] [modloading-worker-0/DEBUG] [net.minecraftforge.fml.javafmlmod.AutomaticEventSubscriber/LOADING]: Auto-subscribing net.mcreator.butcher.procedures.WetRagFromBlockProcedure to FORGE
[06Mar2025 23:36:16.837] [modloading-worker-0/DEBUG] [net.minecraftforge.fml.javafmlmod.AutomaticEventSubscriber/LOADING]: Auto-subscribing net.mcreator.butcher.procedures.VillagerTableAcidProcedure to FORGE
[06Mar2025 23:36:16.838] [modloading-worker-0/DEBUG] [net.minecraftforge.fml.javafmlmod.AutomaticEventSubscriber/LOADING]: Auto-subscribing net.mcreator.butcher.procedures.VillagerProcedure to FORGE
[06Mar2025 23:36:16.839] [modloading-worker-0/DEBUG] [net.minecraftforge.fml.javafmlmod.AutomaticEventSubscriber/LOADING]: Auto-subscribing net.mcreator.butcher.procedures.VillagerPickupCorpseProcedure to FORGE
[06Mar2025 23:36:16.840] [modloading-worker-0/DEBUG] [net.minecraftforge.fml.javafmlmod.AutomaticEventSubscriber/LOADING]: Auto-subscribing net.mcreator.butcher.procedures.VillagerHeadCutUpProcedure to FORGE
[06Mar2025 23:36:16.848] [modloading-worker-0/DEBUG] [net.minecraftforge.fml.javafmlmod.AutomaticEventSubscriber/LOADING]: Auto-subscribing net.mcreator.butcher.procedures.VillagerHangingCutUpProcedure to FORGE
[06Mar2025 23:36:16.850] [modloading-worker-0/DEBUG] [net.minecraftforge.fml.javafmlmod.AutomaticEventSubscriber/LOADING]: Auto-subscribing net.mcreator.butcher.procedures.VillagerCutUpProcedure to FORGE
[06Mar2025 23:36:16.851] [modloading-worker-0/DEBUG] [net.minecraftforge.fml.javafmlmod.AutomaticEventSubscriber/LOADING]: Auto-subscribing net.mcreator.butcher.procedures.VillagerAcidProcedure to FORGE
[06Mar2025 23:36:16.852] [modloading-worker-0/DEBUG] [net.minecraftforge.fml.javafmlmod.AutomaticEventSubscriber/LOADING]: Auto-subscribing net.mcreator.butcher.procedures.TurtlehintProcedure to FORGE
[06Mar2025 23:36:16.853] [modloading-worker-0/DEBUG] [net.minecraftforge.fml.javafmlmod.AutomaticEventSubscriber/LOADING]: Auto-subscribing net.mcreator.butcher.procedures.TurtleProcedure to FORGE
[06Mar2025 23:36:16.859] [modloading-worker-0/DEBUG] [net.minecraftforge.fml.javafmlmod.AutomaticEventSubscriber/LOADING]: Auto-subscribing net.mcreator.butcher.procedures.TurtlePickupProcedure to FORGE
[06Mar2025 23:36:16.860] [modloading-worker-0/DEBUG] [net.minecraftforge.fml.javafmlmod.AutomaticEventSubscriber/LOADING]: Auto-subscribing net.mcreator.butcher.procedures.TurtleCutUpProcedure to FORGE
[06Mar2025 23:36:16.861] [modloading-worker-0/DEBUG] [net.minecraftforge.fml.javafmlmod.AutomaticEventSubscriber/LOADING]: Auto-subscribing net.mcreator.butcher.procedures.TbonepickupProcedure to FORGE
[06Mar2025 23:36:16.862] [modloading-worker-0/DEBUG] [net.minecraftforge.fml.javafmlmod.AutomaticEventSubscriber/LOADING]: Auto-subscribing net.mcreator.butcher.procedures.TFCtooltipsProcedure to FORGE
[06Mar2025 23:36:16.863] [modloading-worker-0/DEBUG] [net.minecraftforge.fml.javafmlmod.AutomaticEventSubscriber/LOADING]: Auto-subscribing net.mcreator.butcher.procedures.SteelchainhookplacementProcedure to FORGE
[06Mar2025 23:36:16.864] [modloading-worker-0/DEBUG] [net.minecraftforge.fml.javafmlmod.AutomaticEventSubscriber/LOADING]: Auto-subscribing net.mcreator.butcher.procedures.SquidTableCutUpProcedure to FORGE
[06Mar2025 23:36:16.865] [modloading-worker-0/DEBUG] [net.minecraftforge.fml.javafmlmod.AutomaticEventSubscriber/LOADING]: Auto-subscribing net.mcreator.butcher.procedures.SquidProcedure to FORGE
[06Mar2025 23:36:16.866] [modloading-worker-0/DEBUG] [net.minecraftforge.fml.javafmlmod.AutomaticEventSubscriber/LOADING]: Auto-subscribing net.mcreator.butcher.procedures.SquidPlaceOnTableProcedure to FORGE
[06Mar2025 23:36:16.870] [modloading-worker-0/DEBUG] [net.minecraftforge.fml.javafmlmod.AutomaticEventSubscriber/LOADING]: Attempting to inject @EventBusSubscriber classes into the eventbus for vinery
[06Mar2025 23:36:16.870] [modloading-worker-0/DEBUG] [net.minecraftforge.fml.javafmlmod.AutomaticEventSubscriber/LOADING]: Auto-subscribing net.satisfy.vinery.forge.core.event.VineryForgeEventhandler to FORGE
[06Mar2025 23:36:16.875] [modloading-worker-0/DEBUG] [net.minecraftforge.fml.javafmlmod.AutomaticEventSubscriber/LOADING]: Auto-subscribing net.mcreator.butcher.procedures.SquidPickupCorpseProcedure to FORGE
[06Mar2025 23:36:16.878] [modloading-worker-0/DEBUG] [net.minecraftforge.fml.javafmlmod.AutomaticEventSubscriber/LOADING]: Attempting to inject @EventBusSubscriber classes into the eventbus for alexsdelight
[06Mar2025 23:36:16.879] [modloading-worker-0/DEBUG] [net.minecraftforge.fml.javafmlmod.AutomaticEventSubscriber/LOADING]: Attempting to inject @EventBusSubscriber classes into the eventbus for moremobvariants
[06Mar2025 23:36:16.883] [modloading-worker-0/DEBUG] [net.minecraftforge.fml.config.ConfigTracker/CONFIG]: Config file lootr-common.toml for lootr tracking
[06Mar2025 23:36:16.883] [modloading-worker-0/DEBUG] [net.minecraftforge.fml.javafmlmod.AutomaticEventSubscriber/LOADING]: Auto-subscribing net.mcreator.butcher.procedures.SquidCutUpProcedure to FORGE
[06Mar2025 23:36:16.884] [modloading-worker-0/DEBUG] [net.minecraftforge.fml.config.ConfigTracker/CONFIG]: Config file lootr-client.toml for lootr tracking
[06Mar2025 23:36:16.885] [modloading-worker-0/DEBUG] [net.minecraftforge.fml.javafmlmod.AutomaticEventSubscriber/LOADING]: Auto-subscribing net.mcreator.butcher.procedures.SquidAcidProcedure to FORGE
[06Mar2025 23:36:16.885] [modloading-worker-0/DEBUG] [net.minecraftforge.fml.javafmlmod.AutomaticEventSubscriber/LOADING]: Auto-subscribing net.mcreator.butcher.procedures.SpongeRightClickProcedure to FORGE
[06Mar2025 23:36:16.886] [modloading-worker-0/DEBUG] [net.minecraftforge.fml.javafmlmod.AutomaticEventSubscriber/LOADING]: Auto-subscribing net.mcreator.butcher.procedures.SplittingpigProcedure to FORGE
[06Mar2025 23:36:16.887] [modloading-worker-0/DEBUG] [net.minecraftforge.fml.javafmlmod.AutomaticEventSubscriber/LOADING]: Auto-subscribing net.mcreator.butcher.procedures.SpitroastspinProcedure to FORGE
[06Mar2025 23:36:16.888] [modloading-worker-0/DEBUG] [net.minecraftforge.fml.javafmlmod.AutomaticEventSubscriber/LOADING]: Auto-subscribing net.mcreator.butcher.procedures.SpiderdropProcedure to FORGE
[06Mar2025 23:36:16.889] [modloading-worker-0/DEBUG] [net.minecraftforge.fml.javafmlmod.AutomaticEventSubscriber/LOADING]: Auto-subscribing net.mcreator.butcher.procedures.SpidercutupProcedure to FORGE
[06Mar2025 23:36:16.891] [modloading-worker-0/DEBUG] [net.minecraftforge.fml.javafmlmod.AutomaticEventSubscriber/LOADING]: Auto-subscribing net.mcreator.butcher.procedures.SortinghatcreationProcedure to FORGE
[06Mar2025 23:36:16.891] [modloading-worker-0/DEBUG] [net.minecraftforge.fml.javafmlmod.AutomaticEventSubscriber/LOADING]: Auto-subscribing net.mcreator.butcher.procedures.SortinghadrecipeProcedure to FORGE
[06Mar2025 23:36:16.892] [modloading-worker-0/DEBUG] [net.minecraftforge.fml.javafmlmod.AutomaticEventSubscriber/LOADING]: Auto-subscribing net.mcreator.butcher.procedures.SlimecutupProcedure to FORGE
[06Mar2025 23:36:16.902] [modloading-worker-0/DEBUG] [net.minecraftforge.fml.javafmlmod.AutomaticEventSubscriber/LOADING]: Attempting to inject @EventBusSubscriber classes into the eventbus for lootr
[06Mar2025 23:36:16.902] [modloading-worker-0/DEBUG] [net.minecraftforge.fml.javafmlmod.AutomaticEventSubscriber/LOADING]: Auto-subscribing noobanidus.mods.lootr.setup.CommonSetup to MOD
[06Mar2025 23:36:16.902] [modloading-worker-0/DEBUG] [net.minecraftforge.fml.javafmlmod.AutomaticEventSubscriber/LOADING]: Auto-subscribing net.mcreator.butcher.procedures.SkinpandaProcedure to FORGE
[06Mar2025 23:36:16.906] [modloading-worker-0/DEBUG] [net.minecraftforge.fml.javafmlmod.AutomaticEventSubscriber/LOADING]: Auto-subscribing net.mcreator.butcher.procedures.SkinnedpigcutupProcedure to FORGE
[06Mar2025 23:36:16.909] [modloading-worker-0/DEBUG] [net.minecraftforge.fml.javafmlmod.AutomaticEventSubscriber/LOADING]: Auto-subscribing noobanidus.mods.lootr.init.ModTabs to MOD
[06Mar2025 23:36:16.909] [modloading-worker-0/DEBUG] [net.minecraftforge.fml.javafmlmod.AutomaticEventSubscriber/LOADING]: Auto-subscribing noobanidus.mods.lootr.init.ModItems to MOD
[06Mar2025 23:36:16.910] [modloading-worker-0/DEBUG] [net.minecraftforge.fml.javafmlmod.AutomaticEventSubscriber/LOADING]: Auto-subscribing noobanidus.mods.lootr.gen.LootrDataGenerators to MOD
[06Mar2025 23:36:16.911] [modloading-worker-0/DEBUG] [net.minecraftforge.fml.javafmlmod.AutomaticEventSubscriber/LOADING]: Auto-subscribing noobanidus.mods.lootr.event.HandleChunk to FORGE
[06Mar2025 23:36:16.912] [modloading-worker-0/DEBUG] [net.minecraftforge.fml.javafmlmod.AutomaticEventSubscriber/LOADING]: Auto-subscribing net.mcreator.butcher.procedures.SkinTableFoxProcedure to FORGE
[06Mar2025 23:36:16.917] [modloading-worker-0/DEBUG] [net.minecraftforge.fml.javafmlmod.AutomaticEventSubscriber/LOADING]: Auto-subscribing net.mcreator.butcher.procedures.SkinRackProcedure to FORGE
[06Mar2025 23:36:16.918] [modloading-worker-0/DEBUG] [net.minecraftforge.fml.javafmlmod.AutomaticEventSubscriber/LOADING]: Auto-subscribing net.mcreator.butcher.procedures.SkinRabbitProcedure to FORGE
[06Mar2025 23:36:16.919] [modloading-worker-0/DEBUG] [net.minecraftforge.fml.javafmlmod.AutomaticEventSubscriber/LOADING]: Auto-subscribing net.mcreator.butcher.procedures.SkinPolarbearProcedure to FORGE
[06Mar2025 23:36:16.920] [modloading-worker-0/DEBUG] [net.minecraftforge.fml.javafmlmod.AutomaticEventSubscriber/LOADING]: Auto-subscribing net.mcreator.butcher.procedures.SkinFoxProcedure to FORGE
[06Mar2025 23:36:16.921] [modloading-worker-0/DEBUG] [net.minecraftforge.fml.javafmlmod.AutomaticEventSubscriber/LOADING]: Auto-subscribing noobanidus.mods.lootr.event.HandleCart to FORGE
[06Mar2025 23:36:16.922] [modloading-worker-0/DEBUG] [net.minecraftforge.fml.javafmlmod.AutomaticEventSubscriber/LOADING]: Auto-subscribing net.mcreator.butcher.procedures.SkinCowProcedure to FORGE
[06Mar2025 23:36:16.925] [modloading-worker-0/DEBUG] [net.minecraftforge.fml.javafmlmod.AutomaticEventSubscriber/LOADING]: Auto-subscribing net.mcreator.butcher.procedures.SkeletonpickupcorpseProcedure to FORGE
[06Mar2025 23:36:16.926] [modloading-worker-0/DEBUG] [net.minecraftforge.fml.javafmlmod.AutomaticEventSubscriber/LOADING]: Auto-subscribing net.mcreator.butcher.procedures.SkeletonhangingcutupProcedure to FORGE
[06Mar2025 23:36:16.928] [modloading-worker-0/DEBUG] [net.minecraftforge.fml.javafmlmod.AutomaticEventSubscriber/LOADING]: Auto-subscribing net.mcreator.butcher.procedures.SkeletondropProcedure to FORGE
[06Mar2025 23:36:16.930] [modloading-worker-0/DEBUG] [net.minecraftforge.fml.javafmlmod.AutomaticEventSubscriber/LOADING]: Auto-subscribing net.mcreator.butcher.procedures.SkeletoncutupProcedure to FORGE
[06Mar2025 23:36:16.931] [modloading-worker-0/DEBUG] [net.minecraftforge.fml.javafmlmod.AutomaticEventSubscriber/LOADING]: Auto-subscribing net.mcreator.butcher.procedures.SignplaceProcedure to FORGE
[06Mar2025 23:36:16.929] [modloading-worker-0/DEBUG] [net.minecraftforge.fml.javafmlmod.AutomaticEventSubscriber/LOADING]: Auto-subscribing noobanidus.mods.lootr.event.HandleBreak to FORGE
[06Mar2025 23:36:16.932] [modloading-worker-0/DEBUG] [net.minecraftforge.fml.javafmlmod.AutomaticEventSubscriber/LOADING]: Auto-subscribing noobanidus.mods.lootr.event.HandleAdvancement to FORGE
[06Mar2025 23:36:16.933] [modloading-worker-0/DEBUG] [net.minecraftforge.fml.javafmlmod.AutomaticEventSubscriber/LOADING]: Auto-subscribing noobanidus.mods.lootr.entity.EntityTicker to FORGE
[06Mar2025 23:36:16.934] [modloading-worker-0/DEBUG] [net.minecraftforge.fml.javafmlmod.AutomaticEventSubscriber/LOADING]: Auto-subscribing noobanidus.mods.lootr.config.ConfigManager to MOD
[06Mar2025 23:36:16.935] [modloading-worker-0/DEBUG] [net.minecraftforge.fml.javafmlmod.AutomaticEventSubscriber/LOADING]: Auto-subscribing noobanidus.mods.lootr.block.entities.TileTicker to FORGE
[06Mar2025 23:36:16.936] [modloading-worker-0/DEBUG] [net.minecraftforge.fml.javafmlmod.AutomaticEventSubscriber/LOADING]: Auto-subscribing net.mcreator.butcher.procedures.ShellBoatEntityIsHurtProcedure to FORGE
[06Mar2025 23:36:16.938] [modloading-worker-0/DEBUG] [net.minecraftforge.fml.javafmlmod.AutomaticEventSubscriber/LOADING]: Auto-subscribing net.mcreator.butcher.procedures.SheepTableAcidProcedure to FORGE
[06Mar2025 23:36:16.940] [modloading-worker-0/DEBUG] [net.minecraftforge.fml.javafmlmod.AutomaticEventSubscriber/LOADING]: Auto-subscribing net.mcreator.butcher.procedures.SheepProcedure to FORGE
[06Mar2025 23:36:16.941] [modloading-worker-0/DEBUG] [net.minecraftforge.fml.javafmlmod.AutomaticEventSubscriber/LOADING]: Auto-subscribing net.mcreator.butcher.procedures.SheepPickupCorpseProcedure to FORGE
[06Mar2025 23:36:16.942] [modloading-worker-0/DEBUG] [net.minecraftforge.fml.javafmlmod.AutomaticEventSubscriber/LOADING]: Auto-subscribing net.mcreator.butcher.procedures.SheepCutUpProcedure to FORGE
[06Mar2025 23:36:16.939] [modloading-worker-0/DEBUG] [net.minecraftforge.fml.javafmlmod.AutomaticEventSubscriber/LOADING]: Attempting to inject @EventBusSubscriber classes into the eventbus for ferritecore
[06Mar2025 23:36:16.948] [modloading-worker-0/DEBUG] [net.minecraftforge.fml.javafmlmod.AutomaticEventSubscriber/LOADING]: Auto-subscribing net.mcreator.butcher.procedures.SheepAcidProcedure to FORGE
[06Mar2025 23:36:16.955] [modloading-worker-0/DEBUG] [net.minecraftforge.fml.javafmlmod.AutomaticEventSubscriber/LOADING]: Auto-subscribing net.mcreator.butcher.procedures.ShearllamaProcedure to FORGE
[06Mar2025 23:36:16.956] [modloading-worker-0/DEBUG] [net.minecraftforge.fml.javafmlmod.AutomaticEventSubscriber/LOADING]: Auto-subscribing net.mcreator.butcher.procedures.ShearbearhintProcedure to FORGE
[06Mar2025 23:36:16.957] [modloading-worker-0/DEBUG] [net.minecraftforge.fml.javafmlmod.AutomaticEventSubscriber/LOADING]: Auto-subscribing net.mcreator.butcher.procedures.SalttooltipProcedure to FORGE
[06Mar2025 23:36:16.957] [modloading-worker-0/DEBUG] [net.minecraftforge.fml.javafmlmod.AutomaticEventSubscriber/LOADING]: Auto-subscribing net.mcreator.butcher.procedures.SaltingSkinProcedure to FORGE
[06Mar2025 23:36:16.965] [modloading-worker-0/DEBUG] [net.minecraftforge.fml.javafmlmod.AutomaticEventSubscriber/LOADING]: Auto-subscribing net.mcreator.butcher.procedures.SaltingLlamaSkinProcedure to FORGE
[06Mar2025 23:36:16.967] [modloading-worker-0/DEBUG] [net.minecraftforge.fml.javafmlmod.AutomaticEventSubscriber/LOADING]: Auto-subscribing net.mcreator.butcher.procedures.SalmontagProcedure to FORGE
[06Mar2025 23:36:16.967] [modloading-worker-0/DEBUG] [net.minecraftforge.fml.javafmlmod.AutomaticEventSubscriber/LOADING]: Auto-subscribing net.mcreator.butcher.procedures.SalmonplaceProcedure to FORGE
[06Mar2025 23:36:16.969] [modloading-worker-0/DEBUG] [net.minecraftforge.fml.javafmlmod.AutomaticEventSubscriber/LOADING]: Auto-subscribing net.mcreator.butcher.procedures.SalmonpickupProcedure to FORGE
[06Mar2025 23:36:16.970] [modloading-worker-0/DEBUG] [net.minecraftforge.fml.javafmlmod.AutomaticEventSubscriber/LOADING]: Auto-subscribing net.mcreator.butcher.procedures.SalmondropProcedure to FORGE
[06Mar2025 23:36:16.971] [modloading-worker-0/DEBUG] [net.minecraftforge.fml.javafmlmod.AutomaticEventSubscriber/LOADING]: Auto-subscribing net.mcreator.butcher.procedures.SalmoncutupProcedure to FORGE
[06Mar2025 23:36:16.972] [modloading-worker-0/DEBUG] [net.minecraftforge.fml.javafmlmod.AutomaticEventSubscriber/LOADING]: Auto-subscribing net.mcreator.butcher.procedures.RotpigcutupProcedure to FORGE
[06Mar2025 23:36:16.977] [modloading-worker-0/DEBUG] [net.minecraftforge.fml.javafmlmod.AutomaticEventSubscriber/LOADING]: Auto-subscribing net.mcreator.butcher.procedures.RotatecorpseProcedure to FORGE
[06Mar2025 23:36:16.978] [modloading-worker-0/DEBUG] [net.minecraftforge.fml.javafmlmod.AutomaticEventSubscriber/LOADING]: Auto-subscribing net.mcreator.butcher.procedures.RemoveBloodPuddleProcedure to FORGE
[06Mar2025 23:36:16.980] [modloading-worker-0/DEBUG] [net.minecraftforge.fml.javafmlmod.AutomaticEventSubscriber/LOADING]: Auto-subscribing net.mcreator.butcher.procedures.RedsteelchainhookplacementProcedure to FORGE
[06Mar2025 23:36:16.981] [modloading-worker-0/DEBUG] [net.minecraftforge.fml.javafmlmod.AutomaticEventSubscriber/LOADING]: Auto-subscribing net.mcreator.butcher.procedures.RabbitProcedure to FORGE
[06Mar2025 23:36:16.988] [modloading-worker-0/DEBUG] [net.minecraftforge.fml.javafmlmod.AutomaticEventSubscriber/LOADING]: Auto-subscribing net.mcreator.butcher.procedures.RabbitPickupCorpseProcedure to FORGE
[06Mar2025 23:36:16.989] [modloading-worker-0/DEBUG] [net.minecraftforge.fml.javafmlmod.AutomaticEventSubscriber/LOADING]: Auto-subscribing net.mcreator.butcher.procedures.RabbitCutUpProcedure to FORGE
[06Mar2025 23:36:16.991] [modloading-worker-0/DEBUG] [net.minecraftforge.fml.javafmlmod.AutomaticEventSubscriber/LOADING]: Auto-subscribing net.mcreator.butcher.procedures.RabbitAcidTableProcedure to FORGE
[06Mar2025 23:36:16.998] [modloading-worker-0/DEBUG] [net.minecraftforge.fml.javafmlmod.AutomaticEventSubscriber/LOADING]: Auto-subscribing net.mcreator.butcher.procedures.RabbitAcidProcedure to FORGE
[06Mar2025 23:36:16.999] [modloading-worker-0/DEBUG] [net.minecraftforge.fml.javafmlmod.AutomaticEventSubscriber/LOADING]: Auto-subscribing net.mcreator.butcher.procedures.PufferpickupProcedure to FORGE
[06Mar2025 23:36:17.000] [modloading-worker-0/DEBUG] [net.minecraftforge.fml.javafmlmod.AutomaticEventSubscriber/LOADING]: Auto-subscribing net.mcreator.butcher.procedures.PufferfishcarrotProcedure to FORGE
[06Mar2025 23:36:17.007] [modloading-worker-0/DEBUG] [net.minecraftforge.fml.javafmlmod.AutomaticEventSubscriber/LOADING]: Auto-subscribing net.mcreator.butcher.procedures.PufferProcedure to FORGE
[06Mar2025 23:36:17.009] [modloading-worker-0/DEBUG] [net.minecraftforge.fml.javafmlmod.AutomaticEventSubscriber/LOADING]: Auto-subscribing net.mcreator.butcher.procedures.PufferHintProcedure to FORGE
[06Mar2025 23:36:17.010] [modloading-worker-0/DEBUG] [net.minecraftforge.fml.javafmlmod.AutomaticEventSubscriber/LOADING]: Auto-subscribing net.mcreator.butcher.procedures.PorkfillmeatgrinderProcedure to FORGE
[06Mar2025 23:36:17.012] [modloading-worker-0/DEBUG] [net.minecraftforge.fml.javafmlmod.AutomaticEventSubscriber/LOADING]: Auto-subscribing net.mcreator.butcher.procedures.PolarbearProcedure to FORGE
[06Mar2025 23:36:17.013] [modloading-worker-0/DEBUG] [net.minecraftforge.fml.javafmlmod.AutomaticEventSubscriber/LOADING]: Auto-subscribing net.mcreator.butcher.procedures.PolarbearPickupCorpseProcedure to FORGE
[06Mar2025 23:36:17.014] [modloading-worker-0/DEBUG] [net.minecraftforge.fml.javafmlmod.AutomaticEventSubscriber/LOADING]: Auto-subscribing net.mcreator.butcher.procedures.PolarbearCutUpProcedure to FORGE
[06Mar2025 23:36:17.016] [modloading-worker-0/DEBUG] [net.minecraftforge.fml.javafmlmod.AutomaticEventSubscriber/LOADING]: Auto-subscribing net.mcreator.butcher.procedures.PolarbearAcidProcedure to FORGE
[06Mar2025 23:36:17.019] [modloading-worker-0/DEBUG] [net.minecraftforge.fml.javafmlmod.AutomaticEventSubscriber/LOADING]: Auto-subscribing net.mcreator.butcher.procedures.PlayerpickupProcedure to FORGE
[06Mar2025 23:36:17.020] [modloading-worker-0/DEBUG] [net.minecraftforge.fml.javafmlmod.AutomaticEventSubscriber/LOADING]: Auto-subscribing net.mcreator.butcher.procedures.PlayerdropProcedure to FORGE
[06Mar2025 23:36:17.021] [modloading-worker-0/DEBUG] [net.minecraftforge.fml.javafmlmod.AutomaticEventSubscriber/LOADING]: Auto-subscribing net.mcreator.butcher.procedures.PlayercutupProcedure to FORGE
[06Mar2025 23:36:17.023] [modloading-worker-0/DEBUG] [net.minecraftforge.fml.javafmlmod.AutomaticEventSubscriber/LOADING]: Auto-subscribing net.mcreator.butcher.procedures.PlayerRightClicksOnDisplayBlockProcedure to FORGE
[06Mar2025 23:36:17.026] [modloading-worker-0/DEBUG] [net.minecraftforge.fml.javafmlmod.AutomaticEventSubscriber/LOADING]: Auto-subscribing net.mcreator.butcher.procedures.PlacespitroastProcedure to FORGE
[06Mar2025 23:36:17.027] [modloading-worker-0/DEBUG] [net.minecraftforge.fml.javafmlmod.AutomaticEventSubscriber/LOADING]: Auto-subscribing net.mcreator.butcher.procedures.PlacesausagesonsausagesProcedure to FORGE
[06Mar2025 23:36:17.029] [modloading-worker-0/DEBUG] [net.minecraftforge.fml.javafmlmod.AutomaticEventSubscriber/LOADING]: Auto-subscribing net.mcreator.butcher.procedures.PlacesausagesonsausagepileProcedure to FORGE
[06Mar2025 23:36:17.030] [modloading-worker-0/DEBUG] [net.minecraftforge.fml.javafmlmod.AutomaticEventSubscriber/LOADING]: Auto-subscribing net.mcreator.butcher.procedures.PlacepigspitroastProcedure to FORGE
[06Mar2025 23:36:17.031] [modloading-worker-0/DEBUG] [net.minecraftforge.fml.javafmlmod.AutomaticEventSubscriber/LOADING]: Auto-subscribing net.mcreator.butcher.procedures.PlaceonmountProcedure to FORGE
[06Mar2025 23:36:17.033] [modloading-worker-0/DEBUG] [net.minecraftforge.fml.javafmlmod.AutomaticEventSubscriber/LOADING]: Auto-subscribing net.mcreator.butcher.procedures.PlacedskinnedpigcutupProcedure to FORGE
[06Mar2025 23:36:17.037] [modloading-worker-0/DEBUG] [net.minecraftforge.fml.javafmlmod.AutomaticEventSubscriber/LOADING]: Auto-subscribing net.mcreator.butcher.procedures.PlacecookedsausagesonsausagesProcedure to FORGE
[06Mar2025 23:36:17.038] [modloading-worker-0/DEBUG] [net.minecraftforge.fml.javafmlmod.AutomaticEventSubscriber/LOADING]: Auto-subscribing net.mcreator.butcher.procedures.PlacecookedsausageonpileProcedure to FORGE
[06Mar2025 23:36:17.040] [modloading-worker-0/DEBUG] [net.minecraftforge.fml.javafmlmod.AutomaticEventSubscriber/LOADING]: Auto-subscribing net.mcreator.butcher.procedures.PlaceOnTrayProcedure to FORGE
[06Mar2025 23:36:17.041] [modloading-worker-0/DEBUG] [net.minecraftforge.fml.javafmlmod.AutomaticEventSubscriber/LOADING]: Auto-subscribing net.mcreator.butcher.procedures.PlaceBoatProcedure to FORGE
[06Mar2025 23:36:17.042] [modloading-worker-0/DEBUG] [net.minecraftforge.fml.javafmlmod.AutomaticEventSubscriber/LOADING]: Auto-subscribing net.mcreator.butcher.procedures.PillagertableacidProcedure to FORGE
[06Mar2025 23:36:17.043] [modloading-worker-0/DEBUG] [net.minecraftforge.fml.javafmlmod.AutomaticEventSubscriber/LOADING]: Auto-subscribing net.mcreator.butcher.procedures.PillagerremovearmorProcedure to FORGE
[06Mar2025 23:36:17.045] [modloading-worker-0/DEBUG] [net.minecraftforge.fml.javafmlmod.AutomaticEventSubscriber/LOADING]: Auto-subscribing net.mcreator.butcher.procedures.PillagerpickupcorpseProcedure to FORGE
[06Mar2025 23:36:17.046] [modloading-worker-0/DEBUG] [net.minecraftforge.fml.javafmlmod.AutomaticEventSubscriber/LOADING]: Auto-subscribing net.mcreator.butcher.procedures.PillagerheadcutupProcedure to FORGE
[06Mar2025 23:36:17.047] [modloading-worker-0/DEBUG] [net.minecraftforge.fml.javafmlmod.AutomaticEventSubscriber/LOADING]: Auto-subscribing net.mcreator.butcher.procedures.PillagerhangingcutupProcedure to FORGE
[06Mar2025 23:36:17.049] [modloading-worker-0/DEBUG] [net.minecraftforge.fml.javafmlmod.AutomaticEventSubscriber/LOADING]: Auto-subscribing net.mcreator.butcher.procedures.PillagerdropProcedure to FORGE
[06Mar2025 23:36:17.050] [modloading-worker-0/DEBUG] [net.minecraftforge.fml.javafmlmod.AutomaticEventSubscriber/LOADING]: Auto-subscribing net.mcreator.butcher.procedures.PillagerdisguisedProcedure to FORGE
[06Mar2025 23:36:17.056] [modloading-worker-0/DEBUG] [net.minecraftforge.fml.javafmlmod.AutomaticEventSubscriber/LOADING]: Auto-subscribing net.mcreator.butcher.procedures.PillagercutupProcedure to FORGE
[06Mar2025 23:36:17.057] [modloading-worker-0/DEBUG] [net.minecraftforge.fml.javafmlmod.AutomaticEventSubscriber/LOADING]: Auto-subscribing net.mcreator.butcher.procedures.PillageracidProcedure to FORGE
[06Mar2025 23:36:17.058] [modloading-worker-0/DEBUG] [net.minecraftforge.fml.javafmlmod.AutomaticEventSubscriber/LOADING]: Auto-subscribing net.mcreator.butcher.procedures.PiglinpickupcorpseProcedure to FORGE
[06Mar2025 23:36:17.059] [modloading-worker-0/DEBUG] [net.minecraftforge.fml.javafmlmod.AutomaticEventSubscriber/LOADING]: Auto-subscribing net.mcreator.butcher.procedures.PiglindropProcedure to FORGE
[06Mar2025 23:36:17.060] [modloading-worker-0/DEBUG] [net.minecraftforge.fml.javafmlmod.AutomaticEventSubscriber/LOADING]: Attempting to inject @EventBusSubscriber classes into the eventbus for ancient_golems
[06Mar2025 23:36:17.060] [modloading-worker-0/DEBUG] [net.minecraftforge.fml.javafmlmod.AutomaticEventSubscriber/LOADING]: Auto-subscribing net.mcreator.ancientgolems.recipes.brewing.PrimordialicerechargeBrewingRecipe to MOD
[06Mar2025 23:36:17.061] [modloading-worker-0/DEBUG] [net.minecraftforge.fml.javafmlmod.AutomaticEventSubscriber/LOADING]: Auto-subscribing net.mcreator.butcher.procedures.PiglincutupProcedure to FORGE
[06Mar2025 23:36:17.062] [modloading-worker-0/DEBUG] [net.minecraftforge.fml.javafmlmod.AutomaticEventSubscriber/LOADING]: Auto-subscribing net.mcreator.butcher.procedures.PigTableAcidProcedure to FORGE
[06Mar2025 23:36:17.063] [modloading-worker-0/DEBUG] [net.minecraftforge.fml.javafmlmod.AutomaticEventSubscriber/LOADING]: Auto-subscribing net.mcreator.butcher.procedures.PigProcedure to FORGE
[06Mar2025 23:36:17.064] [modloading-worker-0/DEBUG] [net.minecraftforge.fml.javafmlmod.AutomaticEventSubscriber/LOADING]: Auto-subscribing net.mcreator.ancientgolems.procedures.TheprimalicePathProcedure to FORGE
[06Mar2025 23:36:17.064] [modloading-worker-0/DEBUG] [net.minecraftforge.fml.javafmlmod.AutomaticEventSubscriber/LOADING]: Auto-subscribing net.mcreator.butcher.procedures.PigCutUpProcedure to FORGE
[06Mar2025 23:36:17.065] [modloading-worker-0/DEBUG] [net.minecraftforge.fml.javafmlmod.AutomaticEventSubscriber/LOADING]: Auto-subscribing net.mcreator.ancientgolems.procedures.PrimordialiceItemInHandTickProcedure to FORGE
[06Mar2025 23:36:17.065] [modloading-worker-0/DEBUG] [net.minecraftforge.fml.javafmlmod.AutomaticEventSubscriber/LOADING]: Auto-subscribing net.mcreator.ancientgolems.procedures.ObeliskhurtsProcedure to FORGE
[06Mar2025 23:36:17.066] [modloading-worker-0/DEBUG] [net.minecraftforge.fml.javafmlmod.AutomaticEventSubscriber/LOADING]: Auto-subscribing net.mcreator.ancientgolems.procedures.ObeliskdiedProcedure to FORGE
[06Mar2025 23:36:17.067] [modloading-worker-0/DEBUG] [net.minecraftforge.fml.javafmlmod.AutomaticEventSubscriber/LOADING]: Auto-subscribing net.mcreator.ancientgolems.procedures.LavapiglinattackProcedure to FORGE
[06Mar2025 23:36:17.067] [modloading-worker-0/DEBUG] [net.minecraftforge.fml.javafmlmod.AutomaticEventSubscriber/LOADING]: Auto-subscribing net.mcreator.ancientgolems.procedures.LavapiglinOnEntityTickUpdateProcedure to FORGE
[06Mar2025 23:36:17.068] [modloading-worker-0/DEBUG] [net.minecraftforge.fml.javafmlmod.AutomaticEventSubscriber/LOADING]: Auto-subscribing net.mcreator.butcher.procedures.PigAcidProcedure to FORGE
[06Mar2025 23:36:17.069] [modloading-worker-0/DEBUG] [net.minecraftforge.fml.javafmlmod.AutomaticEventSubscriber/LOADING]: Auto-subscribing net.mcreator.butcher.procedures.PickupheadProcedure to FORGE
[06Mar2025 23:36:17.070] [modloading-worker-0/DEBUG] [net.minecraftforge.fml.javafmlmod.AutomaticEventSubscriber/LOADING]: Auto-subscribing net.mcreator.ancientgolems.procedures.IrongolemslowrideProcedure to FORGE
[06Mar2025 23:36:17.071] [modloading-worker-0/DEBUG] [net.minecraftforge.fml.javafmlmod.AutomaticEventSubscriber/LOADING]: Auto-subscribing net.mcreator.ancientgolems.procedures.IrongolemoriginhurtProcedure to FORGE
[06Mar2025 23:36:17.071] [modloading-worker-0/DEBUG] [net.minecraftforge.fml.javafmlmod.AutomaticEventSubscriber/LOADING]: Auto-subscribing net.mcreator.ancientgolems.procedures.HostileTargetProcedure to FORGE
[06Mar2025 23:36:17.072] [modloading-worker-0/DEBUG] [net.minecraftforge.fml.javafmlmod.AutomaticEventSubscriber/LOADING]: Auto-subscribing net.mcreator.ancientgolems.procedures.GolemofthemoltenforgeOnEntityTickUpdateProcedure to FORGE
[06Mar2025 23:36:17.073] [modloading-worker-0/DEBUG] [net.minecraftforge.fml.javafmlmod.AutomaticEventSubscriber/LOADING]: Auto-subscribing net.mcreator.ancientgolems.procedures.GolemRepairProcedure to FORGE
[06Mar2025 23:36:17.074] [modloading-worker-0/DEBUG] [net.minecraftforge.fml.javafmlmod.AutomaticEventSubscriber/LOADING]: Auto-subscribing net.mcreator.ancientgolems.procedures.EnderguardianpathProcedure to FORGE
[06Mar2025 23:36:17.074] [modloading-worker-0/DEBUG] [net.minecraftforge.fml.javafmlmod.AutomaticEventSubscriber/LOADING]: Auto-subscribing net.mcreator.ancientgolems.procedures.EnderguardianEntityIsHurtProcedure to FORGE
[06Mar2025 23:36:17.075] [modloading-worker-0/DEBUG] [net.minecraftforge.fml.javafmlmod.AutomaticEventSubscriber/LOADING]: Auto-subscribing net.mcreator.ancientgolems.procedures.CofSEffectProcedure to FORGE
[06Mar2025 23:36:17.076] [modloading-worker-0/DEBUG] [net.minecraftforge.fml.javafmlmod.AutomaticEventSubscriber/LOADING]: Auto-subscribing net.mcreator.ancientgolems.procedures.CancelattackProcedure to FORGE
[06Mar2025 23:36:17.076] [modloading-worker-0/DEBUG] [net.minecraftforge.fml.javafmlmod.AutomaticEventSubscriber/LOADING]: Auto-subscribing net.mcreator.ancientgolems.init.ItemAnimationFactory to FORGE
[06Mar2025 23:36:17.077] [modloading-worker-0/DEBUG] [net.minecraftforge.fml.javafmlmod.AutomaticEventSubscriber/LOADING]: Auto-subscribing net.mcreator.ancientgolems.init.EntityAnimationFactory to FORGE
[06Mar2025 23:36:17.078] [modloading-worker-0/DEBUG] [net.minecraftforge.fml.javafmlmod.AutomaticEventSubscriber/LOADING]: Auto-subscribing net.mcreator.ancientgolems.init.ArmorAnimationFactory to FORGE
[06Mar2025 23:36:17.078] [modloading-worker-0/DEBUG] [net.minecraftforge.fml.javafmlmod.AutomaticEventSubscriber/LOADING]: Auto-subscribing net.mcreator.ancientgolems.init.AncientGolemsModTrades to FORGE
[06Mar2025 23:36:17.079] [modloading-worker-0/DEBUG] [net.minecraftforge.fml.javafmlmod.AutomaticEventSubscriber/LOADING]: Auto-subscribing net.mcreator.butcher.procedures.PickupPigCorpseProcedure to FORGE
[06Mar2025 23:36:17.080] [modloading-worker-0/DEBUG] [net.minecraftforge.fml.javafmlmod.AutomaticEventSubscriber/LOADING]: Auto-subscribing net.mcreator.butcher.procedures.PickupJarProcedure to FORGE
[06Mar2025 23:36:17.081] [modloading-worker-0/DEBUG] [net.minecraftforge.fml.javafmlmod.AutomaticEventSubscriber/LOADING]: Auto-subscribing net.mcreator.butcher.procedures.PandaPickupCorpseProcedure to FORGE
[06Mar2025 23:36:17.081] [modloading-worker-0/DEBUG] [net.minecraftforge.fml.javafmlmod.AutomaticEventSubscriber/LOADING]: Auto-subscribing net.mcreator.butcher.procedures.PandaDropProcedure to FORGE
[06Mar2025 23:36:17.082] [modloading-worker-0/DEBUG] [net.minecraftforge.fml.javafmlmod.AutomaticEventSubscriber/LOADING]: Auto-subscribing net.mcreator.butcher.procedures.PandaCutUpProcedure to FORGE
[06Mar2025 23:36:17.084] [modloading-worker-0/DEBUG] [net.minecraftforge.fml.javafmlmod.AutomaticEventSubscriber/LOADING]: Auto-subscribing net.mcreator.butcher.procedures.PandaAcidProcedure to FORGE
[06Mar2025 23:36:17.085] [modloading-worker-0/DEBUG] [net.minecraftforge.fml.javafmlmod.AutomaticEventSubscriber/LOADING]: Auto-subscribing net.mcreator.butcher.procedures.OrangePlaceOnTrayProcedure to FORGE
[06Mar2025 23:36:17.086] [modloading-worker-0/DEBUG] [net.minecraftforge.fml.javafmlmod.AutomaticEventSubscriber/LOADING]: Auto-subscribing net.mcreator.butcher.procedures.OrangeFrogCutUpProcedure to FORGE
[06Mar2025 23:36:17.087] [modloading-worker-0/DEBUG] [net.minecraftforge.fml.javafmlmod.AutomaticEventSubscriber/LOADING]: Auto-subscribing net.mcreator.ancientgolems.init.AncientGolemsModEntities to MOD
[06Mar2025 23:36:17.087] [modloading-worker-0/DEBUG] [net.minecraftforge.fml.javafmlmod.AutomaticEventSubscriber/LOADING]: Auto-subscribing net.mcreator.butcher.procedures.OpenregisterProcedure to FORGE
[06Mar2025 23:36:17.089] [modloading-worker-0/DEBUG] [net.minecraftforge.fml.javafmlmod.AutomaticEventSubscriber/LOADING]: Auto-subscribing net.mcreator.butcher.procedures.OpengiftProcedure to FORGE
[06Mar2025 23:36:17.090] [modloading-worker-0/DEBUG] [net.minecraftforge.fml.javafmlmod.AutomaticEventSubscriber/LOADING]: Auto-subscribing net.mcreator.butcher.procedures.OpenfreezerProcedure to FORGE
[06Mar2025 23:36:17.091] [modloading-worker-0/DEBUG] [net.minecraftforge.fml.javafmlmod.AutomaticEventSubscriber/LOADING]: Auto-subscribing net.mcreator.butcher.procedures.NosetooltipProcedure to FORGE
[06Mar2025 23:36:17.093] [modloading-worker-0/DEBUG] [net.minecraftforge.fml.javafmlmod.AutomaticEventSubscriber/LOADING]: Auto-subscribing net.mcreator.butcher.procedures.MeatgrinderspinProcedure to FORGE
[06Mar2025 23:36:17.096] [modloading-worker-0/DEBUG] [net.minecraftforge.fml.javafmlmod.AutomaticEventSubscriber/LOADING]: Attempting to inject @EventBusSubscriber classes into the eventbus for refurbished_furniture
[06Mar2025 23:36:17.096] [modloading-worker-0/DEBUG] [net.minecraftforge.fml.javafmlmod.AutomaticEventSubscriber/LOADING]: Auto-subscribing com.mrcrayfish.furniture.refurbished.ForgeEvents to FORGE
[06Mar2025 23:36:17.102] [modloading-worker-0/DEBUG] [net.minecraftforge.fml.javafmlmod.AutomaticEventSubscriber/LOADING]: Auto-subscribing net.mcreator.butcher.procedures.MeatgrindercollectProcedure to FORGE
[06Mar2025 23:36:17.103] [modloading-worker-0/DEBUG] [net.minecraftforge.fml.javafmlmod.AutomaticEventSubscriber/LOADING]: Auto-subscribing net.mcreator.butcher.procedures.MagicWishboneTagProcedure to FORGE
[06Mar2025 23:36:17.104] [modloading-worker-0/DEBUG] [net.minecraftforge.fml.javafmlmod.AutomaticEventSubscriber/LOADING]: Auto-subscribing net.mcreator.butcher.procedures.MagicWishboneBreakProcedure to FORGE
[06Mar2025 23:36:17.105] [modloading-worker-0/DEBUG] [net.minecraftforge.fml.javafmlmod.AutomaticEventSubscriber/LOADING]: Auto-subscribing net.mcreator.butcher.procedures.LlamacutupProcedure to FORGE
[06Mar2025 23:36:17.106] [modloading-worker-0/DEBUG] [net.minecraftforge.fml.javafmlmod.AutomaticEventSubscriber/LOADING]: Auto-subscribing net.mcreator.butcher.procedures.LlamaWettingSkinProcedure to FORGE
[06Mar2025 23:36:17.113] [modloading-worker-0/DEBUG] [net.minecraftforge.fml.javafmlmod.AutomaticEventSubscriber/LOADING]: Auto-subscribing net.mcreator.butcher.procedures.LlamaWetSkinFirstProcedure to FORGE
[06Mar2025 23:36:17.114] [modloading-worker-0/DEBUG] [net.minecraftforge.fml.javafmlmod.AutomaticEventSubscriber/LOADING]: Auto-subscribing net.mcreator.butcher.procedures.LlamaTableAcidProcedure to FORGE
[06Mar2025 23:36:17.115] [modloading-worker-0/DEBUG] [net.minecraftforge.fml.javafmlmod.AutomaticEventSubscriber/LOADING]: Auto-subscribing net.mcreator.butcher.procedures.LlamaSkinRackProcedure to FORGE
[06Mar2025 23:36:17.116] [modloading-worker-0/DEBUG] [net.minecraftforge.fml.javafmlmod.AutomaticEventSubscriber/LOADING]: Auto-subscribing net.mcreator.butcher.procedures.LlamaProcedure to FORGE
[06Mar2025 23:36:17.118] [modloading-worker-0/DEBUG] [net.minecraftforge.fml.javafmlmod.AutomaticEventSubscriber/LOADING]: Auto-subscribing net.mcreator.butcher.procedures.LlamaPickupcorpseProcedure to FORGE
[06Mar2025 23:36:17.119] [modloading-worker-0/DEBUG] [net.minecraftforge.fml.javafmlmod.AutomaticEventSubscriber/LOADING]: Auto-subscribing net.mcreator.butcher.procedures.LlamaHangingCutUpProcedure to FORGE
[06Mar2025 23:36:17.120] [modloading-worker-0/DEBUG] [net.minecraftforge.fml.javafmlmod.AutomaticEventSubscriber/LOADING]: Auto-subscribing net.mcreator.butcher.procedures.LlamaAcidProcedure to FORGE
[06Mar2025 23:36:17.128] [modloading-worker-0/DEBUG] [net.minecraftforge.fml.javafmlmod.AutomaticEventSubscriber/LOADING]: Auto-subscribing net.mcreator.butcher.procedures.LegoflambpickupProcedure to FORGE
[06Mar2025 23:36:17.128] [modloading-worker-0/DEBUG] [net.minecraftforge.fml.javafmlmod.AutomaticEventSubscriber/LOADING]: Auto-subscribing net.mcreator.butcher.procedures.LambribpickupProcedure to FORGE
[06Mar2025 23:36:17.129] [modloading-worker-0/DEBUG] [net.minecraftforge.fml.javafmlmod.AutomaticEventSubscriber/LOADING]: Auto-subscribing net.mcreator.butcher.procedures.ItemcarryweightProcedure to FORGE
[06Mar2025 23:36:17.130] [modloading-worker-0/DEBUG] [net.minecraftforge.fml.javafmlmod.AutomaticEventSubscriber/LOADING]: Auto-subscribing net.mcreator.butcher.procedures.HusktableacidProcedure to FORGE
[06Mar2025 23:36:17.131] [modloading-worker-0/DEBUG] [net.minecraftforge.fml.javafmlmod.AutomaticEventSubscriber/LOADING]: Auto-subscribing net.mcreator.butcher.procedures.HuskpickupcorpseProcedure to FORGE
[06Mar2025 23:36:17.131] [modloading-worker-0/DEBUG] [net.minecraftforge.fml.javafmlmod.AutomaticEventSubscriber/LOADING]: Auto-subscribing net.mcreator.butcher.procedures.HuskhangingcutupProcedure to FORGE
[06Mar2025 23:36:17.132] [modloading-worker-0/DEBUG] [net.minecraftforge.fml.javafmlmod.AutomaticEventSubscriber/LOADING]: Auto-subscribing net.mcreator.butcher.procedures.HuskdropProcedure to FORGE
[06Mar2025 23:36:17.133] [modloading-worker-0/DEBUG] [net.minecraftforge.fml.javafmlmod.AutomaticEventSubscriber/LOADING]: Auto-subscribing net.mcreator.butcher.procedures.HuskcutupProcedure to FORGE
[06Mar2025 23:36:17.134] [modloading-worker-0/DEBUG] [net.minecraftforge.fml.javafmlmod.AutomaticEventSubscriber/LOADING]: Auto-subscribing net.mcreator.butcher.procedures.HuskacidProcedure to FORGE
[06Mar2025 23:36:17.146] [modloading-worker-0/DEBUG] [net.minecraftforge.fml.javafmlmod.AutomaticEventSubscriber/LOADING]: Auto-subscribing net.mcreator.butcher.procedures.HookPlacementProcedure to FORGE
[06Mar2025 23:36:17.147] [modloading-worker-0/DEBUG] [net.minecraftforge.fml.javafmlmod.AutomaticEventSubscriber/LOADING]: Auto-subscribing net.mcreator.butcher.procedures.HookPickupProcedure to FORGE
[06Mar2025 23:36:17.148] [modloading-worker-0/DEBUG] [net.minecraftforge.fml.javafmlmod.AutomaticEventSubscriber/LOADING]: Auto-subscribing net.mcreator.butcher.procedures.HoglinlootProcedure to FORGE
[06Mar2025 23:36:17.149] [modloading-worker-0/DEBUG] [net.minecraftforge.fml.javafmlmod.AutomaticEventSubscriber/LOADING]: Auto-subscribing net.mcreator.butcher.procedures.HoglinPickupCorseProcedure to FORGE
[06Mar2025 23:36:17.149] [modloading-worker-0/DEBUG] [net.minecraftforge.fml.javafmlmod.AutomaticEventSubscriber/LOADING]: Auto-subscribing net.mcreator.butcher.procedures.HoglinCutUpProcedure to FORGE
[06Mar2025 23:36:17.151] [modloading-worker-0/DEBUG] [net.minecraftforge.fml.javafmlmod.AutomaticEventSubscriber/LOADING]: Auto-subscribing net.mcreator.butcher.procedures.HoglinAcidProcedure to FORGE
[06Mar2025 23:36:17.154] [modloading-worker-0/DEBUG] [net.minecraftforge.fml.javafmlmod.AutomaticEventSubscriber/LOADING]: Auto-subscribing net.mcreator.butcher.procedures.HangingspidercutupProcedure to FORGE
[06Mar2025 23:36:17.159] [modloading-worker-0/DEBUG] [net.minecraftforge.fml.javafmlmod.AutomaticEventSubscriber/LOADING]: Auto-subscribing net.mcreator.butcher.procedures.HangingskinnedsheepcutupProcedure to FORGE
[06Mar2025 23:36:17.161] [modloading-worker-0/DEBUG] [net.minecraftforge.fml.javafmlmod.AutomaticEventSubscriber/LOADING]: Auto-subscribing net.mcreator.butcher.procedures.HangingplayercutupProcedure to FORGE
[06Mar2025 23:36:17.165] [modloading-worker-0/DEBUG] [net.minecraftforge.fml.javafmlmod.AutomaticEventSubscriber/LOADING]: Attempting to inject @EventBusSubscriber classes into the eventbus for decent_biomes
[06Mar2025 23:36:17.165] [modloading-worker-0/DEBUG] [net.minecraftforge.fml.javafmlmod.AutomaticEventSubscriber/LOADING]: Auto-subscribing net.mcreator.decentbiomes.world.features.treedecorators.MoonValleyTrunkDecorator to MOD
[06Mar2025 23:36:17.165] [modloading-worker-0/DEBUG] [net.minecraftforge.fml.javafmlmod.AutomaticEventSubscriber/LOADING]: Auto-subscribing net.mcreator.butcher.procedures.HangingpiglincutupProcedure to FORGE
[06Mar2025 23:36:17.168] [modloading-worker-0/DEBUG] [net.minecraftforge.fml.javafmlmod.AutomaticEventSubscriber/LOADING]: Auto-subscribing net.mcreator.decentbiomes.world.features.treedecorators.MoonValleyLeaveDecorator to MOD
[06Mar2025 23:36:17.168] [modloading-worker-0/DEBUG] [net.minecraftforge.fml.javafmlmod.AutomaticEventSubscriber/LOADING]: Auto-subscribing net.mcreator.butcher.procedures.HangingcavespidercutupProcedure to FORGE
[06Mar2025 23:36:17.171] [modloading-worker-0/DEBUG] [net.minecraftforge.fml.javafmlmod.AutomaticEventSubscriber/LOADING]: Auto-subscribing net.mcreator.butcher.procedures.HangingcamelcutupProcedure to FORGE
[06Mar2025 23:36:17.172] [modloading-worker-0/DEBUG] [net.minecraftforge.fml.javafmlmod.AutomaticEventSubscriber/LOADING]: Auto-subscribing net.mcreator.decentbiomes.world.features.treedecorators.EnhancedCherryGroveTrunkDecorator to MOD
[06Mar2025 23:36:17.173] [modloading-worker-0/DEBUG] [net.minecraftforge.fml.javafmlmod.AutomaticEventSubscriber/LOADING]: Auto-subscribing net.mcreator.decentbiomes.world.features.treedecorators.EnhancedCherryGroveLeaveDecorator to MOD
[06Mar2025 23:36:17.173] [modloading-worker-0/DEBUG] [net.minecraftforge.fml.javafmlmod.AutomaticEventSubscriber/LOADING]: Auto-subscribing net.mcreator.decentbiomes.world.features.StructureFeature to FORGE
[06Mar2025 23:36:17.174] [modloading-worker-0/DEBUG] [net.minecraftforge.fml.javafmlmod.AutomaticEventSubscriber/LOADING]: Auto-subscribing net.mcreator.decentbiomes.procedures.EnhancedCherryLogOnBlockRightClickedProcedure to FORGE
[06Mar2025 23:36:17.174] [modloading-worker-0/DEBUG] [net.minecraftforge.fml.javafmlmod.AutomaticEventSubscriber/LOADING]: Auto-subscribing net.mcreator.decentbiomes.init.DecentBiomesModBiomes to FORGE
[06Mar2025 23:36:17.175] [modloading-worker-0/DEBUG] [net.minecraftforge.fml.javafmlmod.AutomaticEventSubscriber/LOADING]: Auto-subscribing net.mcreator.butcher.procedures.HangingZombiepiglincutupProcedure to FORGE
[06Mar2025 23:36:17.177] [modloading-worker-0/DEBUG] [net.minecraftforge.fml.javafmlmod.AutomaticEventSubscriber/LOADING]: Auto-subscribing net.mcreator.butcher.procedures.HangingSkinpandaProcedure to FORGE
[06Mar2025 23:36:17.178] [modloading-worker-0/DEBUG] [net.minecraftforge.fml.javafmlmod.AutomaticEventSubscriber/LOADING]: Auto-subscribing net.mcreator.butcher.procedures.HangingSkinPolarbearProcedure to FORGE
[06Mar2025 23:36:17.178] [modloading-worker-0/DEBUG] [net.minecraftforge.fml.javafmlmod.AutomaticEventSubscriber/LOADING]: Auto-subscribing net.mcreator.butcher.procedures.HangingSheepCutUpProcedure to FORGE
[06Mar2025 23:36:17.180] [modloading-worker-0/DEBUG] [net.minecraftforge.fml.javafmlmod.AutomaticEventSubscriber/LOADING]: Auto-subscribing net.mcreator.butcher.procedures.HangingPolarbearCutUpProcedure to FORGE
[06Mar2025 23:36:17.182] [modloading-worker-0/DEBUG] [net.minecraftforge.fml.javafmlmod.AutomaticEventSubscriber/LOADING]: Auto-subscribing net.mcreator.butcher.procedures.HangingPolarbearAcidProcedure to FORGE
[06Mar2025 23:36:17.183] [modloading-worker-0/DEBUG] [net.minecraftforge.fml.javafmlmod.AutomaticEventSubscriber/LOADING]: Auto-subscribing net.mcreator.butcher.procedures.HangingPigCutUpProcedure to FORGE
[06Mar2025 23:36:17.190] [modloading-worker-0/DEBUG] [net.minecraftforge.fml.javafmlmod.AutomaticEventSubscriber/LOADING]: Auto-subscribing net.mcreator.butcher.procedures.HangingPandaCutUpProcedure to FORGE
[06Mar2025 23:36:17.195] [modloading-worker-0/DEBUG] [net.minecraftforge.fml.javafmlmod.AutomaticEventSubscriber/LOADING]: Auto-subscribing net.mcreator.butcher.procedures.HangingPandaAcidProcedure to FORGE
[06Mar2025 23:36:17.196] [modloading-worker-0/DEBUG] [net.minecraftforge.fml.javafmlmod.AutomaticEventSubscriber/LOADING]: Auto-subscribing net.mcreator.butcher.procedures.HangingHoglinCutUpProcedure to FORGE
[06Mar2025 23:36:17.197] [modloading-worker-0/DEBUG] [net.minecraftforge.fml.javafmlmod.AutomaticEventSubscriber/LOADING]: Auto-subscribing net.mcreator.butcher.procedures.HangingHoglinAcidProcedure to FORGE
[06Mar2025 23:36:17.198] [modloading-worker-0/DEBUG] [net.minecraftforge.fml.javafmlmod.AutomaticEventSubscriber/LOADING]: Auto-subscribing net.mcreator.butcher.procedures.HangingCowCutUpProcedure to FORGE
[06Mar2025 23:36:17.208] [modloading-worker-0/DEBUG] [net.minecraftforge.fml.javafmlmod.AutomaticEventSubscriber/LOADING]: Auto-subscribing net.mcreator.butcher.procedures.GrayPlaceOnTrayProcedure to FORGE
[06Mar2025 23:36:17.209] [modloading-worker-0/DEBUG] [net.minecraftforge.fml.javafmlmod.AutomaticEventSubscriber/LOADING]: Auto-subscribing net.mcreator.butcher.procedures.GrayFrogCutUpProcedure to FORGE
[06Mar2025 23:36:17.210] [modloading-worker-0/DEBUG] [net.minecraftforge.fml.javafmlmod.AutomaticEventSubscriber/LOADING]: Auto-subscribing net.mcreator.butcher.procedures.GoatTableAcidProcedure to FORGE
[06Mar2025 23:36:17.211] [modloading-worker-0/DEBUG] [net.minecraftforge.fml.javafmlmod.AutomaticEventSubscriber/LOADING]: Auto-subscribing net.mcreator.butcher.procedures.GoatProcedure to FORGE
[06Mar2025 23:36:17.212] [modloading-worker-0/DEBUG] [net.minecraftforge.fml.javafmlmod.AutomaticEventSubscriber/LOADING]: Auto-subscribing net.mcreator.butcher.procedures.GoatPickupCorpseProcedure to FORGE
[06Mar2025 23:36:17.212] [modloading-worker-0/DEBUG] [net.minecraftforge.fml.javafmlmod.AutomaticEventSubscriber/LOADING]: Auto-subscribing net.mcreator.butcher.procedures.GoatHangCutUpProcedure to FORGE
[06Mar2025 23:36:17.214] [modloading-worker-0/DEBUG] [net.minecraftforge.fml.javafmlmod.AutomaticEventSubscriber/LOADING]: Auto-subscribing net.mcreator.butcher.procedures.GoatCutUpProcedure to FORGE
[06Mar2025 23:36:17.222] [modloading-worker-0/DEBUG] [net.minecraftforge.fml.javafmlmod.AutomaticEventSubscriber/LOADING]: Auto-subscribing net.mcreator.butcher.procedures.GoatAcidProcedure to FORGE
[06Mar2025 23:36:17.223] [modloading-worker-0/DEBUG] [net.minecraftforge.fml.javafmlmod.AutomaticEventSubscriber/LOADING]: Auto-subscribing net.mcreator.butcher.procedures.GlowsquidtablecutupProcedure to FORGE
[06Mar2025 23:36:17.224] [modloading-worker-0/DEBUG] [net.minecraftforge.fml.javafmlmod.AutomaticEventSubscriber/LOADING]: Auto-subscribing net.mcreator.butcher.procedures.GlowsquidplaceontableProcedure to FORGE
[06Mar2025 23:36:17.225] [modloading-worker-0/DEBUG] [net.minecraftforge.fml.javafmlmod.AutomaticEventSubscriber/LOADING]: Auto-subscribing net.mcreator.butcher.procedures.GlowsquidpickupcorpseProcedure to FORGE
[06Mar2025 23:36:17.226] [modloading-worker-0/DEBUG] [net.minecraftforge.fml.javafmlmod.AutomaticEventSubscriber/LOADING]: Auto-subscribing net.mcreator.butcher.procedures.GlowsquidcutupProcedure to FORGE
[06Mar2025 23:36:17.236] [modloading-worker-0/DEBUG] [net.minecraftforge.fml.javafmlmod.AutomaticEventSubscriber/LOADING]: Auto-subscribing net.mcreator.butcher.procedures.GlowsquidacidProcedure to FORGE
[06Mar2025 23:36:17.236] [modloading-worker-0/DEBUG] [net.minecraftforge.fml.javafmlmod.AutomaticEventSubscriber/LOADING]: Auto-subscribing net.mcreator.butcher.procedures.GlowSquidProcedure to FORGE
[06Mar2025 23:36:17.238] [modloading-worker-0/DEBUG] [net.minecraftforge.fml.javafmlmod.AutomaticEventSubscriber/LOADING]: Auto-subscribing net.mcreator.butcher.procedures.FroghintProcedure to FORGE
[06Mar2025 23:36:17.238] [modloading-worker-0/DEBUG] [net.minecraftforge.fml.javafmlmod.AutomaticEventSubscriber/LOADING]: Auto-subscribing net.mcreator.butcher.procedures.FrogPickupCorpseProcedure to FORGE
[06Mar2025 23:36:17.239] [modloading-worker-0/DEBUG] [net.minecraftforge.fml.javafmlmod.AutomaticEventSubscriber/LOADING]: Auto-subscribing net.mcreator.butcher.procedures.FrogDropProcedure to FORGE
[06Mar2025 23:36:17.240] [modloading-worker-0/DEBUG] [net.minecraftforge.fml.javafmlmod.AutomaticEventSubscriber/LOADING]: Auto-subscribing net.mcreator.butcher.procedures.FrogCutUpProcedure to FORGE
[06Mar2025 23:36:17.247] [modloading-worker-0/DEBUG] [net.minecraftforge.fml.javafmlmod.AutomaticEventSubscriber/LOADING]: Auto-subscribing net.mcreator.butcher.procedures.FoxTableAcidProcedure to FORGE
[06Mar2025 23:36:17.248] [modloading-worker-0/DEBUG] [net.minecraftforge.fml.javafmlmod.AutomaticEventSubscriber/LOADING]: Auto-subscribing net.mcreator.butcher.procedures.FoxProcedure to FORGE
[06Mar2025 23:36:17.249] [modloading-worker-0/DEBUG] [net.minecraftforge.fml.javafmlmod.AutomaticEventSubscriber/LOADING]: Auto-subscribing net.mcreator.butcher.procedures.FoxPickupCorpseProcedure to FORGE
[06Mar2025 23:36:17.249] [modloading-worker-0/DEBUG] [net.minecraftforge.fml.javafmlmod.AutomaticEventSubscriber/LOADING]: Auto-subscribing net.mcreator.butcher.procedures.FoxHangingCutUpProcedure to FORGE
[06Mar2025 23:36:17.251] [modloading-worker-0/DEBUG] [net.minecraftforge.fml.javafmlmod.AutomaticEventSubscriber/LOADING]: Auto-subscribing net.mcreator.butcher.procedures.FoxCutUpProcedure to FORGE
[06Mar2025 23:36:17.252] [modloading-worker-0/DEBUG] [net.minecraftforge.fml.javafmlmod.AutomaticEventSubscriber/LOADING]: Auto-subscribing net.mcreator.butcher.procedures.FoxAcidProcedure to FORGE
[06Mar2025 23:36:17.256] [modloading-worker-0/DEBUG] [net.minecraftforge.fml.javafmlmod.AutomaticEventSubscriber/LOADING]: Auto-subscribing net.mcreator.butcher.procedures.FirstjoingivebookProcedure to FORGE
[06Mar2025 23:36:17.264] [modloading-worker-0/DEBUG] [net.minecraftforge.fml.javafmlmod.AutomaticEventSubscriber/LOADING]: Auto-subscribing net.mcreator.butcher.procedures.FillsaltwaterbucketProcedure to FORGE
[06Mar2025 23:36:17.265] [modloading-worker-0/DEBUG] [net.minecraftforge.fml.javafmlmod.AutomaticEventSubscriber/LOADING]: Auto-subscribing net.mcreator.butcher.procedures.FillmeatgrinderProcedure to FORGE
[06Mar2025 23:36:17.266] [modloading-worker-0/DEBUG] [net.minecraftforge.fml.javafmlmod.AutomaticEventSubscriber/LOADING]: Auto-subscribing net.mcreator.butcher.procedures.FillinfectedbloodbottlesProcedure to FORGE
[06Mar2025 23:36:17.267] [modloading-worker-0/DEBUG] [net.minecraftforge.fml.javafmlmod.AutomaticEventSubscriber/LOADING]: Auto-subscribing net.mcreator.butcher.procedures.FillSyringesProcedure to FORGE
[06Mar2025 23:36:17.268] [modloading-worker-0/DEBUG] [net.minecraftforge.fml.javafmlmod.AutomaticEventSubscriber/LOADING]: Auto-subscribing net.mcreator.butcher.procedures.FillSyringesGrateProcedure to FORGE
[06Mar2025 23:36:17.269] [modloading-worker-0/DEBUG] [net.minecraftforge.fml.javafmlmod.AutomaticEventSubscriber/LOADING]: Auto-subscribing net.mcreator.butcher.procedures.EndermanrightclickProcedure to FORGE
[06Mar2025 23:36:17.270] [modloading-worker-0/DEBUG] [net.minecraftforge.fml.javafmlmod.AutomaticEventSubscriber/LOADING]: Auto-subscribing net.mcreator.butcher.procedures.EndermandropProcedure to FORGE
[06Mar2025 23:36:17.271] [modloading-worker-0/DEBUG] [net.minecraftforge.fml.javafmlmod.AutomaticEventSubscriber/LOADING]: Auto-subscribing net.mcreator.butcher.procedures.EnderdragondropProcedure to FORGE
[06Mar2025 23:36:17.280] [modloading-worker-0/DEBUG] [net.minecraftforge.fml.javafmlmod.AutomaticEventSubscriber/LOADING]: Auto-subscribing net.mcreator.butcher.procedures.EnderDragonCutUpProcedure to FORGE
[06Mar2025 23:36:17.281] [modloading-worker-0/DEBUG] [net.minecraftforge.fml.javafmlmod.AutomaticEventSubscriber/LOADING]: Auto-subscribing net.mcreator.butcher.procedures.EmptyBloodCauldronProcedure to FORGE
[06Mar2025 23:36:17.282] [modloading-worker-0/DEBUG] [net.minecraftforge.fml.javafmlmod.AutomaticEventSubscriber/LOADING]: Auto-subscribing net.mcreator.butcher.procedures.ElderguardiandropProcedure to FORGE
[06Mar2025 23:36:17.283] [modloading-worker-0/DEBUG] [net.minecraftforge.fml.javafmlmod.AutomaticEventSubscriber/LOADING]: Auto-subscribing net.mcreator.butcher.procedures.ElderguardiancutupProcedure to FORGE
[06Mar2025 23:36:17.284] [modloading-worker-0/DEBUG] [net.minecraftforge.fml.javafmlmod.AutomaticEventSubscriber/LOADING]: Auto-subscribing net.mcreator.butcher.procedures.DrownedtableacidProcedure to FORGE
[06Mar2025 23:36:17.285] [modloading-worker-0/DEBUG] [net.minecraftforge.fml.javafmlmod.AutomaticEventSubscriber/LOADING]: Auto-subscribing net.mcreator.butcher.procedures.DrownedpickupcorpseProcedure to FORGE
[06Mar2025 23:36:17.286] [modloading-worker-0/DEBUG] [net.minecraftforge.fml.javafmlmod.AutomaticEventSubscriber/LOADING]: Auto-subscribing net.mcreator.butcher.procedures.DrownedhangingcutupProcedure to FORGE
[06Mar2025 23:36:17.287] [modloading-worker-0/DEBUG] [net.minecraftforge.fml.javafmlmod.AutomaticEventSubscriber/LOADING]: Auto-subscribing net.mcreator.butcher.procedures.DrowneddropProcedure to FORGE
[06Mar2025 23:36:17.290] [modloading-worker-0/DEBUG] [net.minecraftforge.fml.javafmlmod.AutomaticEventSubscriber/LOADING]: Auto-subscribing net.mcreator.butcher.procedures.DrownedcutupProcedure to FORGE
[06Mar2025 23:36:17.295] [modloading-worker-0/DEBUG] [net.minecraftforge.fml.javafmlmod.AutomaticEventSubscriber/LOADING]: Auto-subscribing net.mcreator.butcher.procedures.DrownedacidProcedure to FORGE
[06Mar2025 23:36:17.296] [modloading-worker-0/DEBUG] [net.minecraftforge.fml.javafmlmod.AutomaticEventSubscriber/LOADING]: Auto-subscribing net.mcreator.butcher.procedures.DropgiftchanceProcedure to FORGE
[06Mar2025 23:36:17.297] [modloading-worker-0/DEBUG] [net.minecraftforge.fml.javafmlmod.AutomaticEventSubscriber/LOADING]: Auto-subscribing net.mcreator.butcher.procedures.DragonarmoradvancementProcedure to FORGE
[06Mar2025 23:36:17.298] [modloading-worker-0/DEBUG] [net.minecraftforge.fml.javafmlmod.AutomaticEventSubscriber/LOADING]: Auto-subscribing net.mcreator.butcher.procedures.DragonSmithingtemplatetooltipProcedure to FORGE
[06Mar2025 23:36:17.299] [modloading-worker-0/DEBUG] [net.minecraftforge.fml.javafmlmod.AutomaticEventSubscriber/LOADING]: Auto-subscribing net.mcreator.butcher.procedures.DoubleFreezerIsBrokenProcedure to FORGE
[06Mar2025 23:36:17.304] [modloading-worker-0/DEBUG] [net.minecraftforge.fml.javafmlmod.AutomaticEventSubscriber/LOADING]: Auto-subscribing net.mcreator.butcher.procedures.DoubleChestIsBrokenProcedure to FORGE
[06Mar2025 23:36:17.327] [modloading-worker-0/DEBUG] [net.minecraftforge.fml.javafmlmod.AutomaticEventSubscriber/LOADING]: Auto-subscribing net.mcreator.butcher.procedures.DolphinpickupcorpseProcedure to FORGE
[06Mar2025 23:36:17.328] [modloading-worker-0/DEBUG] [net.minecraftforge.fml.javafmlmod.AutomaticEventSubscriber/LOADING]: Auto-subscribing net.mcreator.butcher.procedures.DolphincutupProcedure to FORGE
[06Mar2025 23:36:17.330] [modloading-worker-0/DEBUG] [net.minecraftforge.fml.javafmlmod.AutomaticEventSubscriber/LOADING]: Auto-subscribing net.mcreator.butcher.procedures.DolphinacidtableProcedure to FORGE
[06Mar2025 23:36:17.331] [modloading-worker-0/DEBUG] [net.minecraftforge.fml.javafmlmod.AutomaticEventSubscriber/LOADING]: Auto-subscribing net.mcreator.butcher.procedures.DolphinacidProcedure to FORGE
[06Mar2025 23:36:17.332] [modloading-worker-0/DEBUG] [net.minecraftforge.fml.javafmlmod.AutomaticEventSubscriber/LOADING]: Auto-subscribing net.mcreator.butcher.procedures.DolphinProcedure to FORGE
[06Mar2025 23:36:17.333] [modloading-worker-0/DEBUG] [net.minecraftforge.fml.javafmlmod.AutomaticEventSubscriber/LOADING]: Auto-subscribing net.mcreator.butcher.procedures.DisableddragonscalesProcedure to FORGE
[06Mar2025 23:36:17.335] [modloading-worker-0/DEBUG] [net.minecraftforge.fml.javafmlmod.AutomaticEventSubscriber/LOADING]: Auto-subscribing net.mcreator.butcher.procedures.DeflateBalloonProcedure to FORGE
[06Mar2025 23:36:17.338] [modloading-worker-0/DEBUG] [net.minecraftforge.fml.javafmlmod.AutomaticEventSubscriber/LOADING]: Auto-subscribing net.mcreator.butcher.procedures.CreeperpickupcorpseProcedure to FORGE
[06Mar2025 23:36:17.339] [modloading-worker-0/DEBUG] [net.minecraftforge.fml.javafmlmod.AutomaticEventSubscriber/LOADING]: Auto-subscribing net.mcreator.butcher.procedures.CreeperhangingcutupProcedure to FORGE
[06Mar2025 23:36:17.351] [modloading-worker-0/DEBUG] [net.minecraftforge.fml.javafmlmod.AutomaticEventSubscriber/LOADING]: Auto-subscribing net.mcreator.butcher.procedures.CreeperdropProcedure to FORGE
[06Mar2025 23:36:17.352] [modloading-worker-0/DEBUG] [net.minecraftforge.fml.javafmlmod.AutomaticEventSubscriber/LOADING]: Auto-subscribing net.mcreator.butcher.procedures.CreepercutupProcedure to FORGE
[06Mar2025 23:36:17.356] [modloading-worker-0/DEBUG] [net.minecraftforge.fml.javafmlmod.AutomaticEventSubscriber/LOADING]: Auto-subscribing net.mcreator.butcher.procedures.CowspitroastcutupProcedure to FORGE
[06Mar2025 23:36:17.358] [modloading-worker-0/DEBUG] [net.minecraftforge.fml.javafmlmod.AutomaticEventSubscriber/LOADING]: Auto-subscribing net.mcreator.butcher.procedures.CowTableAcidProcedure to FORGE
[06Mar2025 23:36:17.368] [modloading-worker-0/DEBUG] [net.minecraftforge.fml.javafmlmod.AutomaticEventSubscriber/LOADING]: Auto-subscribing net.mcreator.butcher.procedures.CowProcedure to FORGE
[06Mar2025 23:36:17.369] [modloading-worker-0/DEBUG] [net.minecraftforge.fml.javafmlmod.AutomaticEventSubscriber/LOADING]: Auto-subscribing net.mcreator.butcher.procedures.CowPlaceOnSpitroastProcedure to FORGE
[06Mar2025 23:36:17.370] [modloading-worker-0/DEBUG] [net.minecraftforge.fml.javafmlmod.AutomaticEventSubscriber/LOADING]: Auto-subscribing net.mcreator.butcher.procedures.CowPickupCorpseProcedure to FORGE
[06Mar2025 23:36:17.371] [modloading-worker-0/DEBUG] [net.minecraftforge.fml.javafmlmod.AutomaticEventSubscriber/LOADING]: Auto-subscribing net.mcreator.butcher.procedures.CowCutUpProcedure to FORGE
[06Mar2025 23:36:17.373] [modloading-worker-0/DEBUG] [net.minecraftforge.fml.javafmlmod.AutomaticEventSubscriber/LOADING]: Auto-subscribing net.mcreator.butcher.procedures.CowAcidProcedure to FORGE
[06Mar2025 23:36:17.374] [modloading-worker-0/DEBUG] [net.minecraftforge.fml.javafmlmod.AutomaticEventSubscriber/LOADING]: Auto-subscribing net.mcreator.butcher.procedures.CorpserightclickProcedure to FORGE
[06Mar2025 23:36:17.375] [modloading-worker-0/DEBUG] [net.minecraftforge.fml.javafmlmod.AutomaticEventSubscriber/LOADING]: Auto-subscribing net.mcreator.butcher.procedures.CopperchainhookplacementProcedure to FORGE
[06Mar2025 23:36:17.377] [modloading-worker-0/DEBUG] [net.minecraftforge.fml.javafmlmod.AutomaticEventSubscriber/LOADING]: Auto-subscribing net.mcreator.butcher.procedures.ColorsquidProcedure to FORGE
[06Mar2025 23:36:17.377] [modloading-worker-0/DEBUG] [net.minecraftforge.fml.javafmlmod.AutomaticEventSubscriber/LOADING]: Auto-subscribing net.mcreator.butcher.procedures.ColorglowsquidProcedure to FORGE
[06Mar2025 23:36:17.388] [modloading-worker-0/DEBUG] [net.minecraftforge.fml.javafmlmod.AutomaticEventSubscriber/LOADING]: Auto-subscribing net.mcreator.butcher.procedures.CoddropProcedure to FORGE
[06Mar2025 23:36:17.389] [modloading-worker-0/DEBUG] [net.minecraftforge.fml.javafmlmod.AutomaticEventSubscriber/LOADING]: Auto-subscribing net.mcreator.butcher.procedures.CodPickUpProcedure to FORGE
[06Mar2025 23:36:17.390] [modloading-worker-0/DEBUG] [net.minecraftforge.fml.javafmlmod.AutomaticEventSubscriber/LOADING]: Auto-subscribing net.mcreator.butcher.procedures.CodCutUpProcedure to FORGE
[06Mar2025 23:36:17.391] [modloading-worker-0/DEBUG] [net.minecraftforge.fml.javafmlmod.AutomaticEventSubscriber/LOADING]: Auto-subscribing net.mcreator.butcher.procedures.CleaningTableRagProcedure to FORGE
[06Mar2025 23:36:17.392] [modloading-worker-0/DEBUG] [net.minecraftforge.fml.javafmlmod.AutomaticEventSubscriber/LOADING]: Auto-subscribing net.mcreator.butcher.procedures.CleaningTableProcedure to FORGE
[06Mar2025 23:36:17.392] [modloading-worker-0/DEBUG] [net.minecraftforge.fml.javafmlmod.AutomaticEventSubscriber/LOADING]: Auto-subscribing net.mcreator.butcher.procedures.CleaningBloodRagProcedure to FORGE
[06Mar2025 23:36:17.393] [modloading-worker-0/DEBUG] [net.minecraftforge.fml.javafmlmod.AutomaticEventSubscriber/LOADING]: Auto-subscribing net.mcreator.butcher.procedures.CleaningBloodProcedure to FORGE
[06Mar2025 23:36:17.394] [modloading-worker-0/DEBUG] [net.minecraftforge.fml.javafmlmod.AutomaticEventSubscriber/LOADING]: Auto-subscribing net.mcreator.butcher.procedures.CleanglowsquidProcedure to FORGE
[06Mar2025 23:36:17.395] [modloading-worker-0/DEBUG] [net.minecraftforge.fml.javafmlmod.AutomaticEventSubscriber/LOADING]: Auto-subscribing net.mcreator.butcher.procedures.CleanapronProcedure to FORGE
[06Mar2025 23:36:17.396] [modloading-worker-0/DEBUG] [net.minecraftforge.fml.javafmlmod.AutomaticEventSubscriber/LOADING]: Auto-subscribing net.mcreator.butcher.procedures.CleanSquidProcedure to FORGE
[06Mar2025 23:36:17.397] [modloading-worker-0/DEBUG] [net.minecraftforge.fml.javafmlmod.AutomaticEventSubscriber/LOADING]: Auto-subscribing net.mcreator.butcher.procedures.ChickenProcedure to FORGE
[06Mar2025 23:36:17.398] [modloading-worker-0/DEBUG] [net.minecraftforge.fml.javafmlmod.AutomaticEventSubscriber/LOADING]: Auto-subscribing net.mcreator.butcher.procedures.ChickenPickupCorpseProcedure to FORGE
[06Mar2025 23:36:17.408] [modloading-worker-0/DEBUG] [net.minecraftforge.fml.javafmlmod.AutomaticEventSubscriber/LOADING]: Auto-subscribing net.mcreator.butcher.procedures.ChickenCutUpProcedure to FORGE
[06Mar2025 23:36:17.409] [modloading-worker-0/DEBUG] [net.minecraftforge.fml.javafmlmod.AutomaticEventSubscriber/LOADING]: Auto-subscribing net.mcreator.butcher.procedures.ChickenAcidTableProcedure to FORGE
[06Mar2025 23:36:17.410] [modloading-worker-0/DEBUG] [net.minecraftforge.fml.javafmlmod.AutomaticEventSubscriber/LOADING]: Auto-subscribing net.mcreator.butcher.procedures.ChickenAcidProcedure to FORGE
[06Mar2025 23:36:17.412] [modloading-worker-0/DEBUG] [net.minecraftforge.fml.javafmlmod.AutomaticEventSubscriber/LOADING]: Auto-subscribing net.mcreator.butcher.procedures.CavespiderdropProcedure to FORGE
[06Mar2025 23:36:17.413] [modloading-worker-0/DEBUG] [net.minecraftforge.fml.javafmlmod.AutomaticEventSubscriber/LOADING]: Auto-subscribing net.mcreator.butcher.procedures.CavespidercutupProcedure to FORGE
[06Mar2025 23:36:17.414] [modloading-worker-0/DEBUG] [net.minecraftforge.fml.javafmlmod.AutomaticEventSubscriber/LOADING]: Auto-subscribing net.mcreator.butcher.procedures.CannotPickupNotifyProcedure to FORGE
[06Mar2025 23:36:17.415] [modloading-worker-0/DEBUG] [net.minecraftforge.fml.javafmlmod.AutomaticEventSubscriber/LOADING]: Auto-subscribing net.mcreator.butcher.procedures.CameltableacidProcedure to FORGE
[06Mar2025 23:36:17.416] [modloading-worker-0/DEBUG] [net.minecraftforge.fml.javafmlmod.AutomaticEventSubscriber/LOADING]: Auto-subscribing net.mcreator.butcher.procedures.CamelskinProcedure to FORGE
[06Mar2025 23:36:17.417] [modloading-worker-0/DEBUG] [net.minecraftforge.fml.javafmlmod.AutomaticEventSubscriber/LOADING]: Auto-subscribing net.mcreator.butcher.procedures.CamelpickupcorpseProcedure to FORGE
[06Mar2025 23:36:17.418] [modloading-worker-0/DEBUG] [net.minecraftforge.fml.javafmlmod.AutomaticEventSubscriber/LOADING]: Auto-subscribing net.mcreator.butcher.procedures.CamelcutupProcedure to FORGE
[06Mar2025 23:36:17.420] [modloading-worker-0/DEBUG] [net.minecraftforge.fml.javafmlmod.AutomaticEventSubscriber/LOADING]: Auto-subscribing net.mcreator.butcher.procedures.CamelacidProcedure to FORGE
[06Mar2025 23:36:17.421] [modloading-worker-0/DEBUG] [net.minecraftforge.fml.javafmlmod.AutomaticEventSubscriber/LOADING]: Auto-subscribing net.mcreator.butcher.procedures.CamelProcedure to FORGE
[06Mar2025 23:36:17.422] [modloading-worker-0/DEBUG] [net.minecraftforge.fml.javafmlmod.AutomaticEventSubscriber/LOADING]: Auto-subscribing net.mcreator.butcher.procedures.ButcherspaperstooltipProcedure to FORGE
[06Mar2025 23:36:17.422] [modloading-worker-0/DEBUG] [net.minecraftforge.fml.javafmlmod.AutomaticEventSubscriber/LOADING]: Auto-subscribing net.mcreator.butcher.procedures.ButcherspaperspickupProcedure to FORGE
[06Mar2025 23:36:17.423] [modloading-worker-0/DEBUG] [net.minecraftforge.fml.javafmlmod.AutomaticEventSubscriber/LOADING]: Auto-subscribing net.mcreator.butcher.procedures.BronzechainhookplacementProcedure to FORGE
[06Mar2025 23:36:17.424] [modloading-worker-0/DEBUG] [net.minecraftforge.fml.javafmlmod.AutomaticEventSubscriber/LOADING]: Auto-subscribing net.mcreator.butcher.procedures.BreakbleedingllamacorpseProcedure to FORGE
[06Mar2025 23:36:17.425] [modloading-worker-0/DEBUG] [net.minecraftforge.fml.javafmlmod.AutomaticEventSubscriber/LOADING]: Auto-subscribing net.mcreator.butcher.procedures.BrainAttractProcedure to FORGE
[06Mar2025 23:36:17.426] [modloading-worker-0/DEBUG] [net.minecraftforge.fml.config.ConfigTracker/CONFIG]: Config file mysticsbiomes-common.toml for mysticsbiomes tracking
[06Mar2025 23:36:17.426] [modloading-worker-0/DEBUG] [net.minecraftforge.fml.javafmlmod.AutomaticEventSubscriber/LOADING]: Attempting to inject @EventBusSubscriber classes into the eventbus for mysticsbiomes
[06Mar2025 23:36:17.427] [modloading-worker-0/DEBUG] [net.minecraftforge.fml.javafmlmod.AutomaticEventSubscriber/LOADING]: Auto-subscribing com.mysticsbiomes.init.MysticEntities to MOD
[06Mar2025 23:36:17.426] [modloading-worker-0/DEBUG] [net.minecraftforge.fml.javafmlmod.AutomaticEventSubscriber/LOADING]: Auto-subscribing net.mcreator.butcher.procedures.BottleofAcidRightclickProcedure to FORGE
[06Mar2025 23:36:17.429] [modloading-worker-0/DEBUG] [net.minecraftforge.fml.javafmlmod.AutomaticEventSubscriber/LOADING]: Auto-subscribing net.mcreator.butcher.procedures.BluesteelchainhookplacementProcedure to FORGE
[06Mar2025 23:36:17.432] [modloading-worker-0/DEBUG] [net.minecraftforge.fml.javafmlmod.AutomaticEventSubscriber/LOADING]: Auto-subscribing net.mcreator.butcher.procedures.BlowupballoonProcedure to FORGE
[06Mar2025 23:36:17.433] [modloading-worker-0/DEBUG] [net.minecraftforge.fml.javafmlmod.AutomaticEventSubscriber/LOADING]: Auto-subscribing net.mcreator.butcher.procedures.BloodiedapronProcedure to FORGE
[06Mar2025 23:36:17.434] [modloading-worker-0/DEBUG] [net.minecraftforge.fml.javafmlmod.AutomaticEventSubscriber/LOADING]: Auto-subscribing net.mcreator.butcher.procedures.BloodgratewithdrawbloodProcedure to FORGE
[06Mar2025 23:36:17.439] [modloading-worker-0/DEBUG] [Framework/]: Loaded com.mrcrayfish.framework.platform.ForgePlatformHelper@5c3e41d0 for service interface com.mrcrayfish.framework.platform.services.IPlatformHelper
[06Mar2025 23:36:17.439] [modloading-worker-0/DEBUG] [net.minecraftforge.fml.javafmlmod.AutomaticEventSubscriber/LOADING]: Auto-subscribing net.mcreator.butcher.procedures.BloodgratechangeProcedure to FORGE
[06Mar2025 23:36:17.440] [modloading-worker-0/DEBUG] [net.minecraftforge.fml.javafmlmod.AutomaticEventSubscriber/LOADING]: Auto-subscribing net.mcreator.butcher.procedures.BlooddrippingProcedure to FORGE
[06Mar2025 23:36:17.441] [modloading-worker-0/DEBUG] [net.minecraftforge.fml.javafmlmod.AutomaticEventSubscriber/LOADING]: Auto-subscribing net.mcreator.butcher.procedures.Blood_splatter_right_clickProcedure to FORGE
[06Mar2025 23:36:17.442] [modloading-worker-0/DEBUG] [net.minecraftforge.fml.javafmlmod.AutomaticEventSubscriber/LOADING]: Auto-subscribing net.mcreator.butcher.procedures.BloodSpongeRightClickProcedure to FORGE
[06Mar2025 23:36:17.443] [modloading-worker-0/DEBUG] [Framework/]: Loaded com.mrcrayfish.framework.platform.ForgeNetworkHelper@fdac738 for service interface com.mrcrayfish.framework.platform.services.INetworkHelper
[06Mar2025 23:36:17.445] [modloading-worker-0/DEBUG] [Framework/]: Loaded com.mrcrayfish.framework.platform.ForgeRegistrationHelper@2a1c5b84 for service interface com.mrcrayfish.framework.platform.services.IRegistrationHelper
[06Mar2025 23:36:17.447] [modloading-worker-0/DEBUG] [Framework/]: Loaded com.mrcrayfish.framework.platform.ForgeEntityHelper@5e17fccd for service interface com.mrcrayfish.framework.platform.services.IEntityHelper
[06Mar2025 23:36:17.448] [modloading-worker-0/DEBUG] [Framework/]: Loaded com.mrcrayfish.framework.platform.ForgeItemHelper@30d20665 for service interface com.mrcrayfish.framework.platform.services.IItemHelper
[06Mar2025 23:36:17.444] [modloading-worker-0/DEBUG] [net.minecraftforge.fml.javafmlmod.AutomaticEventSubscriber/LOADING]: Auto-subscribing net.mcreator.butcher.procedures.BloodBucketFillProcedure to FORGE
[06Mar2025 23:36:17.450] [modloading-worker-0/DEBUG] [net.minecraftforge.fml.javafmlmod.AutomaticEventSubscriber/LOADING]: Auto-subscribing net.mcreator.butcher.procedures.BlacksteelchainhookplacementProcedure to FORGE
[06Mar2025 23:36:17.451] [modloading-worker-0/DEBUG] [net.minecraftforge.fml.javafmlmod.AutomaticEventSubscriber/LOADING]: Auto-subscribing net.mcreator.butcher.procedures.BlackbronzechainhookplacementProcedure to FORGE
[06Mar2025 23:36:17.452] [modloading-worker-0/DEBUG] [net.minecraftforge.fml.javafmlmod.AutomaticEventSubscriber/LOADING]: Auto-subscribing net.mcreator.butcher.procedures.BismuthhookplacementProcedure to FORGE
[06Mar2025 23:36:17.453] [modloading-worker-0/DEBUG] [net.minecraftforge.fml.javafmlmod.AutomaticEventSubscriber/LOADING]: Auto-subscribing net.mcreator.butcher.procedures.BatacidProcedure to FORGE
[06Mar2025 23:36:17.452] [modloading-worker-0/DEBUG] [Framework/]: Loaded com.mrcrayfish.framework.platform.ForgeConfigHelper@2bab95c7 for service interface com.mrcrayfish.framework.platform.services.IConfigHelper
[06Mar2025 23:36:17.455] [modloading-worker-0/DEBUG] [net.minecraftforge.fml.javafmlmod.AutomaticEventSubscriber/LOADING]: Auto-subscribing net.mcreator.butcher.procedures.BatTableAcidProcedure to FORGE
[06Mar2025 23:36:17.456] [modloading-worker-0/DEBUG] [net.minecraftforge.fml.javafmlmod.AutomaticEventSubscriber/LOADING]: Auto-subscribing net.mcreator.butcher.procedures.BatProcedure to FORGE
[06Mar2025 23:36:17.457] [modloading-worker-0/DEBUG] [net.minecraftforge.fml.javafmlmod.AutomaticEventSubscriber/LOADING]: Auto-subscribing net.mcreator.butcher.procedures.BatPickupCorpseProcedure to FORGE
[06Mar2025 23:36:17.458] [modloading-worker-0/DEBUG] [net.minecraftforge.fml.javafmlmod.AutomaticEventSubscriber/LOADING]: Auto-subscribing net.mcreator.butcher.procedures.BatCutUpProcedure to FORGE
[06Mar2025 23:36:17.459] [modloading-worker-0/DEBUG] [net.minecraftforge.fml.javafmlmod.AutomaticEventSubscriber/LOADING]: Auto-subscribing net.mcreator.butcher.procedures.AttachsausagefillerProcedure to FORGE
[06Mar2025 23:36:17.460] [modloading-worker-0/DEBUG] [net.minecraftforge.fml.javafmlmod.AutomaticEventSubscriber/LOADING]: Auto-subscribing net.mcreator.butcher.procedures.AttachintestinesProcedure to FORGE
[06Mar2025 23:36:17.462] [modloading-worker-0/DEBUG] [net.minecraftforge.fml.javafmlmod.AutomaticEventSubscriber/LOADING]: Auto-subscribing net.mcreator.butcher.network.VillagernosepressMessage to MOD
[06Mar2025 23:36:17.463] [modloading-worker-0/DEBUG] [net.minecraftforge.fml.javafmlmod.AutomaticEventSubscriber/LOADING]: Auto-subscribing net.mcreator.butcher.network.PillagernosepressMessage to MOD
[06Mar2025 23:36:17.463] [modloading-worker-0/DEBUG] [net.minecraftforge.fml.javafmlmod.AutomaticEventSubscriber/LOADING]: Auto-subscribing net.mcreator.butcher.init.ItemAnimationFactory to FORGE
[06Mar2025 23:36:17.465] [modloading-worker-0/DEBUG] [net.minecraftforge.fml.javafmlmod.AutomaticEventSubscriber/LOADING]: Auto-subscribing net.mcreator.butcher.init.ButcherModRecipeTypes to MOD
[06Mar2025 23:36:17.465] [modloading-worker-0/DEBUG] [net.minecraftforge.fml.javafmlmod.AutomaticEventSubscriber/LOADING]: Auto-subscribing net.mcreator.butcher.init.ButcherModFuels to FORGE
[06Mar2025 23:36:17.467] [modloading-worker-0/DEBUG] [net.minecraftforge.fml.javafmlmod.AutomaticEventSubscriber/LOADING]: Auto-subscribing net.mcreator.butcher.init.ButcherModFeatures to FORGE
[06Mar2025 23:36:17.467] [modloading-worker-0/DEBUG] [net.minecraftforge.fml.javafmlmod.AutomaticEventSubscriber/LOADING]: Auto-subscribing net.mcreator.butcher.init.ButcherModEntities to MOD
[06Mar2025 23:36:17.467] [modloading-worker-0/DEBUG] [net.minecraftforge.fml.javafmlmod.AutomaticEventSubscriber/LOADING]: Auto-subscribing net.mcreator.butcher.init.ButcherModConfigs to MOD
[06Mar2025 23:36:17.468] [modloading-worker-0/DEBUG] [net.minecraftforge.fml.javafmlmod.AutomaticEventSubscriber/LOADING]: Auto-subscribing net.mcreator.butcher.init.ArmorAnimationFactory to FORGE
[06Mar2025 23:36:17.469] [modloading-worker-0/DEBUG] [net.minecraftforge.fml.javafmlmod.AutomaticEventSubscriber/LOADING]: Auto-subscribing net.mcreator.butcher.block.listener.ClientListener to MOD
[06Mar2025 23:36:17.482] [modloading-worker-0/DEBUG] [Backpacked/]: Loaded com.mrcrayfish.backpacked.platform.ForgePlatformHelper@38de9f37 for service interface com.mrcrayfish.backpacked.platform.services.IPlatformHelper
[06Mar2025 23:36:17.484] [modloading-worker-0/DEBUG] [Backpacked/]: Loaded com.mrcrayfish.backpacked.platform.ForgeBackpackHelper@1f23a31 for service interface com.mrcrayfish.backpacked.platform.services.IBackpackHelper
[06Mar2025 23:36:17.485] [modloading-worker-0/DEBUG] [Backpacked/]: Loaded com.mrcrayfish.backpacked.platform.ForgeEntityHelper@71de6a15 for service interface com.mrcrayfish.backpacked.platform.services.IEntityHelper
[06Mar2025 23:36:17.485] [modloading-worker-0/DEBUG] [Backpacked/]: Loaded com.mrcrayfish.backpacked.platform.ForgeRegistrationHelper@d8db3aa for service interface com.mrcrayfish.backpacked.platform.services.IRegistrationHelper
[06Mar2025 23:36:17.497] [modloading-worker-0/DEBUG] [Paraglider/]: Loaded plugin class tictim.paraglider.plugin.ParagliderDefaultPlugin associated with mod paraglider
[06Mar2025 23:36:17.497] [modloading-worker-0/DEBUG] [Paraglider/]: Loaded 1 plugins total
[06Mar2025 23:36:17.548] [modloading-worker-0/DEBUG] [net.minecraftforge.fml.config.ConfigTracker/CONFIG]: Config file paraglider-player-states.toml for paraglider tracking
[06Mar2025 23:36:17.550] [modloading-worker-0/DEBUG] [MrCrayfish's Furniture Mod: Refurbished/]: Loaded com.mrcrayfish.furniture.refurbished.platform.ForgePlatformHelper@8aa9c51 for service interface com.mrcrayfish.furniture.refurbished.platform.services.IPlatformHelper
[06Mar2025 23:36:17.558] [modloading-worker-0/DEBUG] [MrCrayfish's Furniture Mod: Refurbished/]: Loaded com.mrcrayfish.furniture.refurbished.platform.ForgeBlockHelper@4e53a7a9 for service interface com.mrcrayfish.furniture.refurbished.platform.services.IBlockHelper
[06Mar2025 23:36:17.569] [modloading-worker-0/DEBUG] [net.minecraftforge.fml.config.ConfigTracker/CONFIG]: Config file paraglider-common.toml for paraglider tracking
[06Mar2025 23:36:17.578] [modloading-worker-0/DEBUG] [MrCrayfish's Furniture Mod: Refurbished/]: Loaded com.mrcrayfish.furniture.refurbished.platform.ForgeBlockEntityHelper@52938585 for service interface com.mrcrayfish.furniture.refurbished.platform.services.IBlockEntityHelper
[06Mar2025 23:36:17.582] [modloading-worker-0/DEBUG] [MrCrayfish's Furniture Mod: Refurbished/]: Loaded com.mrcrayfish.furniture.refurbished.platform.ForgeItemHelper@1903e975 for service interface com.mrcrayfish.furniture.refurbished.platform.services.IItemHelper
[06Mar2025 23:36:17.583] [modloading-worker-0/DEBUG] [MrCrayfish's Furniture Mod: Refurbished/]: Loaded com.mrcrayfish.furniture.refurbished.platform.ForgeEntityHelper@6b061526 for service interface com.mrcrayfish.furniture.refurbished.platform.services.IEntityHelper
[06Mar2025 23:36:17.584] [modloading-worker-0/DEBUG] [MrCrayfish's Furniture Mod: Refurbished/]: Loaded com.mrcrayfish.furniture.refurbished.platform.ForgeRecipeHelper@8815066 for service interface com.mrcrayfish.furniture.refurbished.platform.services.IRecipeHelper
[06Mar2025 23:36:17.585] [modloading-worker-0/DEBUG] [MrCrayfish's Furniture Mod: Refurbished/]: Loaded com.mrcrayfish.furniture.refurbished.platform.ForgeFluidHelper@c081ae1 for service interface com.mrcrayfish.furniture.refurbished.platform.services.IFluidHelper
[06Mar2025 23:36:17.589] [modloading-worker-0/DEBUG] [MrCrayfish's Furniture Mod: Refurbished/]: Loaded com.mrcrayfish.furniture.refurbished.platform.ForgeTagHelper@25db64cf for service interface com.mrcrayfish.furniture.refurbished.platform.services.ITagHelper
[06Mar2025 23:36:17.588] [modloading-worker-0/DEBUG] [net.minecraftforge.fml.config.ConfigTracker/CONFIG]: Config file paraglider-server.toml for paraglider tracking
[06Mar2025 23:36:17.592] [modloading-worker-0/DEBUG] [net.minecraftforge.fml.javafmlmod.AutomaticEventSubscriber/LOADING]: Attempting to inject @EventBusSubscriber classes into the eventbus for paraglider
[06Mar2025 23:36:17.593] [modloading-worker-0/DEBUG] [net.minecraftforge.fml.javafmlmod.AutomaticEventSubscriber/LOADING]: Auto-subscribing tictim.paraglider.forge.contents.ForgeBargainTypeRegistry to MOD
[06Mar2025 23:36:17.594] [modloading-worker-0/DEBUG] [net.minecraftforge.fml.javafmlmod.AutomaticEventSubscriber/LOADING]: Auto-subscribing tictim.paraglider.forge.event.ParagliderEventHandler to FORGE
[06Mar2025 23:36:17.599] [modloading-worker-0/DEBUG] [net.minecraftforge.fml.javafmlmod.AutomaticEventSubscriber/LOADING]: Auto-subscribing tictim.paraglider.forge.event.WindEventHandler to FORGE
[06Mar2025 23:36:17.601] [modloading-worker-0/DEBUG] [MrCrayfish's Furniture Mod: Refurbished/]: Loaded com.mrcrayfish.furniture.refurbished.platform.ForgeMenuHelper@21e49e1e for service interface com.mrcrayfish.furniture.refurbished.platform.services.IMenuHelper
[06Mar2025 23:36:17.897] [modloading-worker-0/DEBUG] [net.minecraftforge.fml.javafmlmod.AutomaticEventSubscriber/LOADING]: Attempting to inject @EventBusSubscriber classes into the eventbus for goblins_tyranny
[06Mar2025 23:36:17.898] [modloading-worker-0/DEBUG] [net.minecraftforge.fml.javafmlmod.AutomaticEventSubscriber/LOADING]: Auto-subscribing goblinstyranny.world.inventory.BlacksmithVanillaGUIMenu to FORGE
[06Mar2025 23:36:17.906] [modloading-worker-0/DEBUG] [net.minecraftforge.fml.javafmlmod.AutomaticEventSubscriber/LOADING]: Auto-subscribing goblinstyranny.procedures.WarriorsShieldProcedure to FORGE
[06Mar2025 23:36:17.908] [modloading-worker-0/DEBUG] [net.minecraftforge.fml.javafmlmod.AutomaticEventSubscriber/LOADING]: Auto-subscribing goblinstyranny.procedures.NotEnoughOnSpawnProcedure to FORGE
[06Mar2025 23:36:17.912] [modloading-worker-0/DEBUG] [net.minecraftforge.fml.javafmlmod.AutomaticEventSubscriber/LOADING]: Attempting to inject @EventBusSubscriber classes into the eventbus for framework
[06Mar2025 23:36:17.913] [modloading-worker-0/DEBUG] [net.minecraftforge.fml.javafmlmod.AutomaticEventSubscriber/LOADING]: Auto-subscribing com.mrcrayfish.framework.entity.sync.ForgeSyncedEntityDataHandler to FORGE
[06Mar2025 23:36:17.913] [modloading-worker-0/DEBUG] [net.minecraftforge.fml.javafmlmod.AutomaticEventSubscriber/LOADING]: Auto-subscribing goblinstyranny.procedures.MushroomFallProcedure to FORGE
[06Mar2025 23:36:17.924] [modloading-worker-0/DEBUG] [net.minecraftforge.fml.javafmlmod.AutomaticEventSubscriber/LOADING]: Auto-subscribing goblinstyranny.procedures.IsDisguisedProcedure to FORGE
[06Mar2025 23:36:17.925] [modloading-worker-0/DEBUG] [net.minecraftforge.fml.javafmlmod.AutomaticEventSubscriber/LOADING]: Auto-subscribing goblinstyranny.procedures.IfFullSkyboundProcedure to FORGE
[06Mar2025 23:36:17.926] [modloading-worker-0/DEBUG] [net.minecraftforge.fml.javafmlmod.AutomaticEventSubscriber/LOADING]: Auto-subscribing goblinstyranny.procedures.GlitteronTamedProcedure to FORGE
[06Mar2025 23:36:17.927] [modloading-worker-0/DEBUG] [net.minecraftforge.fml.javafmlmod.AutomaticEventSubscriber/LOADING]: Auto-subscribing goblinstyranny.procedures.FirstGoblinKilledProcedure to FORGE
[06Mar2025 23:36:17.928] [modloading-worker-0/DEBUG] [net.minecraftforge.fml.javafmlmod.AutomaticEventSubscriber/LOADING]: Auto-subscribing goblinstyranny.procedures.ChargingBoostProcedure to FORGE
[06Mar2025 23:36:17.929] [modloading-worker-0/DEBUG] [net.minecraftforge.fml.javafmlmod.AutomaticEventSubscriber/LOADING]: Auto-subscribing goblinstyranny.network.WarriorsPageButtonMessage to MOD
[06Mar2025 23:36:17.930] [modloading-worker-0/DEBUG] [net.minecraftforge.fml.javafmlmod.AutomaticEventSubscriber/LOADING]: Auto-subscribing goblinstyranny.network.WandererPageButtonMessage to MOD
[06Mar2025 23:36:17.931] [modloading-worker-0/DEBUG] [net.minecraftforge.fml.javafmlmod.AutomaticEventSubscriber/LOADING]: Auto-subscribing goblinstyranny.network.SupportPageButtonMessage to MOD
[06Mar2025 23:36:17.932] [modloading-worker-0/DEBUG] [net.minecraftforge.fml.javafmlmod.AutomaticEventSubscriber/LOADING]: Auto-subscribing goblinstyranny.network.StructuresPageButtonMessage to MOD
[06Mar2025 23:36:17.933] [modloading-worker-0/DEBUG] [net.minecraftforge.fml.javafmlmod.AutomaticEventSubscriber/LOADING]: Auto-subscribing goblinstyranny.network.ShamanPageButtonMessage to MOD
[06Mar2025 23:36:17.934] [modloading-worker-0/DEBUG] [net.minecraftforge.fml.javafmlmod.AutomaticEventSubscriber/LOADING]: Auto-subscribing goblinstyranny.network.RecipesPageButtonMessage to MOD
[06Mar2025 23:36:17.935] [modloading-worker-0/DEBUG] [net.minecraftforge.versions.forge.ForgeVersion/CORE]: Forge Version package package net.minecraftforge.versions.forge, Forge, version 47.3 from cpw.mods.modlauncher.TransformingClassLoader@52ea0269
[06Mar2025 23:36:17.936] [modloading-worker-0/DEBUG] [net.minecraftforge.versions.forge.ForgeVersion/CORE]: Found Forge version 47.3.7
[06Mar2025 23:36:17.936] [modloading-worker-0/DEBUG] [net.minecraftforge.fml.javafmlmod.AutomaticEventSubscriber/LOADING]: Auto-subscribing goblinstyranny.network.MobsPageButtonMessage to MOD
[06Mar2025 23:36:17.938] [modloading-worker-0/DEBUG] [net.minecraftforge.versions.forge.ForgeVersion/CORE]: Found Forge spec 47.3
[06Mar2025 23:36:17.941] [modloading-worker-0/DEBUG] [net.minecraftforge.versions.forge.ForgeVersion/CORE]: Found Forge group net.minecraftforge
[06Mar2025 23:36:17.942] [modloading-worker-0/DEBUG] [net.minecraftforge.versions.mcp.MCPVersion/CORE]: MCP Version package package net.minecraftforge.versions.mcp, Minecraft, version 1.20.1 from cpw.mods.modlauncher.TransformingClassLoader@52ea0269
[06Mar2025 23:36:17.942] [modloading-worker-0/DEBUG] [net.minecraftforge.versions.mcp.MCPVersion/CORE]: Found MC version information 1.20.1
[06Mar2025 23:36:17.942] [modloading-worker-0/DEBUG] [net.minecraftforge.versions.mcp.MCPVersion/CORE]: Found MCP version information 20230612.114412
[06Mar2025 23:36:17.941] [modloading-worker-0/DEBUG] [net.minecraftforge.fml.javafmlmod.AutomaticEventSubscriber/LOADING]: Auto-subscribing goblinstyranny.network.MiniGobsPageButtonMessage to MOD
[06Mar2025 23:36:17.949] [modloading-worker-0/DEBUG] [net.minecraftforge.fml.javafmlmod.AutomaticEventSubscriber/LOADING]: Auto-subscribing goblinstyranny.network.MiniDrunkPageButtonMessage to MOD
[06Mar2025 23:36:17.942] [modloading-worker-0/INFO] [net.minecraftforge.common.ForgeMod/FORGEMOD]: Forge mod loading, version 47.3.7, for MC 1.20.1 with MCP 20230612.114412
[06Mar2025 23:36:17.950] [modloading-worker-0/INFO] [net.minecraftforge.common.MinecraftForge/FORGE]: MinecraftForge v47.3.7 Initialized
[06Mar2025 23:36:17.956] [modloading-worker-0/DEBUG] [net.minecraftforge.fml.javafmlmod.AutomaticEventSubscriber/LOADING]: Auto-subscribing goblinstyranny.network.MerchantPageButtonMessage to MOD
[06Mar2025 23:36:17.957] [modloading-worker-0/DEBUG] [net.minecraftforge.fml.javafmlmod.AutomaticEventSubscriber/LOADING]: Auto-subscribing goblinstyranny.network.MerchantGUIButtonMessage to MOD
[06Mar2025 23:36:17.958] [modloading-worker-0/DEBUG] [net.minecraftforge.fml.javafmlmod.AutomaticEventSubscriber/LOADING]: Auto-subscribing goblinstyranny.network.MerchantGUI2ButtonMessage to MOD
[06Mar2025 23:36:17.959] [modloading-worker-0/DEBUG] [net.minecraftforge.fml.javafmlmod.AutomaticEventSubscriber/LOADING]: Auto-subscribing goblinstyranny.network.MainPageButtonMessage to MOD
[06Mar2025 23:36:17.960] [modloading-worker-0/DEBUG] [net.minecraftforge.fml.javafmlmod.AutomaticEventSubscriber/LOADING]: Auto-subscribing goblinstyranny.network.JumpBoostMessage to MOD
[06Mar2025 23:36:17.961] [modloading-worker-0/DEBUG] [net.minecraftforge.fml.javafmlmod.AutomaticEventSubscriber/LOADING]: Auto-subscribing goblinstyranny.network.ItemsPageButtonMessage to MOD
[06Mar2025 23:36:17.962] [modloading-worker-0/DEBUG] [net.minecraftforge.fml.javafmlmod.AutomaticEventSubscriber/LOADING]: Auto-subscribing goblinstyranny.network.HunterPageButtonMessage to MOD
[06Mar2025 23:36:17.962] [modloading-worker-0/DEBUG] [net.minecraftforge.fml.javafmlmod.AutomaticEventSubscriber/LOADING]: Auto-subscribing goblinstyranny.network.GoblinsTyrannyModVariables to MOD
[06Mar2025 23:36:17.965] [modloading-worker-0/DEBUG] [net.minecraftforge.fml.javafmlmod.AutomaticEventSubscriber/LOADING]: Auto-subscribing goblinstyranny.network.GoblinsTyrannyModVariables$PlayerVariablesProvider to FORGE
[06Mar2025 23:36:17.967] [modloading-worker-0/DEBUG] [net.minecraftforge.fml.javafmlmod.AutomaticEventSubscriber/LOADING]: Auto-subscribing goblinstyranny.network.GoblinsTyrannyModVariables$EventBusVariableHandlers to FORGE
[06Mar2025 23:36:17.968] [modloading-worker-0/DEBUG] [net.minecraftforge.common.ForgeMod/FORGEMOD]: Loading Network data for FML net version: FML3
[06Mar2025 23:36:17.980] [modloading-worker-0/DEBUG] [net.minecraftforge.fml.javafmlmod.AutomaticEventSubscriber/LOADING]: Auto-subscribing goblinstyranny.network.GlitteronPageButtonMessage to MOD
[06Mar2025 23:36:17.981] [modloading-worker-0/DEBUG] [net.minecraftforge.fml.javafmlmod.AutomaticEventSubscriber/LOADING]: Auto-subscribing goblinstyranny.network.GameplayPageButtonMessage to MOD
[06Mar2025 23:36:17.984] [modloading-worker-0/DEBUG] [net.minecraftforge.fml.javafmlmod.AutomaticEventSubscriber/LOADING]: Auto-subscribing goblinstyranny.network.FsesfesfsefezsButtonMessage to MOD
[06Mar2025 23:36:17.986] [modloading-worker-0/DEBUG] [net.minecraftforge.fml.javafmlmod.AutomaticEventSubscriber/LOADING]: Auto-subscribing goblinstyranny.network.EngineeressPageButtonMessage to MOD
[06Mar2025 23:36:17.987] [modloading-worker-0/DEBUG] [net.minecraftforge.fml.javafmlmod.AutomaticEventSubscriber/LOADING]: Auto-subscribing goblinstyranny.network.EngineerPageButtonMessage to MOD
[06Mar2025 23:36:17.985] [modloading-worker-0/DEBUG] [net.minecraftforge.fml.config.ConfigTracker/CONFIG]: Config file forge-client.toml for forge tracking
[06Mar2025 23:36:17.989] [modloading-worker-0/DEBUG] [net.minecraftforge.fml.config.ConfigTracker/CONFIG]: Config file forge-server.toml for forge tracking
[06Mar2025 23:36:17.989] [modloading-worker-0/DEBUG] [net.minecraftforge.fml.ModLoadingContext/]: Attempted to register an empty config for type COMMON on mod forge
[06Mar2025 23:36:17.994] [modloading-worker-0/DEBUG] [net.minecraftforge.fml.javafmlmod.AutomaticEventSubscriber/LOADING]: Auto-subscribing goblinstyranny.network.DroneWorkbenchButtonMessage to MOD
[06Mar2025 23:36:18.011] [modloading-worker-0/DEBUG] [net.minecraftforge.fml.javafmlmod.AutomaticEventSubscriber/LOADING]: Auto-subscribing goblinstyranny.network.ChubbyPageButtonMessage to MOD
[06Mar2025 23:36:18.013] [modloading-worker-0/DEBUG] [net.minecraftforge.fml.javafmlmod.AutomaticEventSubscriber/LOADING]: Auto-subscribing goblinstyranny.network.CaveGoblinPageButtonMessage to MOD
[06Mar2025 23:36:18.015] [modloading-worker-0/DEBUG] [net.minecraftforge.fml.javafmlmod.AutomaticEventSubscriber/LOADING]: Auto-subscribing goblinstyranny.network.BombWorkbenchButtonMessage to MOD
[06Mar2025 23:36:18.017] [modloading-worker-0/DEBUG] [net.minecraftforge.fml.javafmlmod.AutomaticEventSubscriber/LOADING]: Auto-subscribing goblinstyranny.network.BlacksmithVanillaGUISlotMessage to MOD
[06Mar2025 23:36:18.018] [modloading-worker-0/DEBUG] [net.minecraftforge.fml.javafmlmod.AutomaticEventSubscriber/LOADING]: Auto-subscribing goblinstyranny.network.BlacksmithPageButtonMessage to MOD
[06Mar2025 23:36:18.017] [modloading-worker-0/DEBUG] [net.minecraftforge.fml.javafmlmod.AutomaticEventSubscriber/LOADING]: Attempting to inject @EventBusSubscriber classes into the eventbus for forge
[06Mar2025 23:36:18.019] [modloading-worker-0/DEBUG] [net.minecraftforge.fml.javafmlmod.AutomaticEventSubscriber/LOADING]: Auto-subscribing net.minecraftforge.common.ForgeSpawnEggItem$CommonHandler to MOD
[06Mar2025 23:36:18.021] [modloading-worker-0/DEBUG] [net.minecraftforge.fml.javafmlmod.AutomaticEventSubscriber/LOADING]: Auto-subscribing goblinstyranny.network.BlacksmithGUIButtonMessage to MOD
[06Mar2025 23:36:18.026] [modloading-worker-0/DEBUG] [net.minecraftforge.fml.javafmlmod.AutomaticEventSubscriber/LOADING]: Auto-subscribing goblinstyranny.network.BartenderPageButtonMessage to MOD
[06Mar2025 23:36:18.027] [modloading-worker-0/DEBUG] [net.minecraftforge.fml.javafmlmod.AutomaticEventSubscriber/LOADING]: Auto-subscribing goblinstyranny.network.BartenderGuiButtonMessage to MOD
[06Mar2025 23:36:18.028] [modloading-worker-0/DEBUG] [net.minecraftforge.fml.javafmlmod.AutomaticEventSubscriber/LOADING]: Auto-subscribing goblinstyranny.network.BardPageButtonMessage to MOD
[06Mar2025 23:36:18.029] [modloading-worker-0/DEBUG] [net.minecraftforge.fml.javafmlmod.AutomaticEventSubscriber/LOADING]: Auto-subscribing goblinstyranny.init.GoblinsTyrannyModGameRules to MOD
[06Mar2025 23:36:18.030] [modloading-worker-0/DEBUG] [net.minecraftforge.fml.javafmlmod.AutomaticEventSubscriber/LOADING]: Auto-subscribing goblinstyranny.init.GoblinsTyrannyModEntities to MOD
[06Mar2025 23:36:18.030] [modloading-worker-0/DEBUG] [net.minecraftforge.fml.javafmlmod.AutomaticEventSubscriber/LOADING]: Auto-subscribing goblinstyranny.init.EntityAnimationFactory to FORGE
[06Mar2025 23:36:18.031] [modloading-worker-0/DEBUG] [net.minecraftforge.fml.javafmlmod.AutomaticEventSubscriber/LOADING]: Auto-subscribing goblinstyranny.init.ArmorAnimationFactory to FORGE
[06Mar2025 23:36:18.038] [modloading-worker-0/DEBUG] [net.minecraftforge.fml.javafmlmod.AutomaticEventSubscriber/LOADING]: Auto-subscribing goblinstyranny.block.listener.ClientListener to MOD
[06Mar2025 23:36:18.047] [modloading-worker-0/DEBUG] [net.minecraftforge.fml.config.ConfigTracker/CONFIG]: Config file cosmeticarmorreworked-client.toml for cosmeticarmorreworked tracking
[06Mar2025 23:36:18.048] [modloading-worker-0/DEBUG] [net.minecraftforge.fml.config.ConfigTracker/CONFIG]: Config file cosmeticarmorreworked-common.toml for cosmeticarmorreworked tracking
[06Mar2025 23:36:18.048] [modloading-worker-0/DEBUG] [net.minecraftforge.fml.javafmlmod.AutomaticEventSubscriber/LOADING]: Attempting to inject @EventBusSubscriber classes into the eventbus for cosmeticarmorreworked
[06Mar2025 23:36:18.175] [modloading-worker-0/DEBUG] [net.minecraftforge.fml.javafmlmod.AutomaticEventSubscriber/LOADING]: Attempting to inject @EventBusSubscriber classes into the eventbus for farm_and_charm
[06Mar2025 23:36:18.525] [modloading-worker-0/DEBUG] [net.minecraftforge.fml.javafmlmod.AutomaticEventSubscriber/LOADING]: Attempting to inject @EventBusSubscriber classes into the eventbus for plenty_of_golems
[06Mar2025 23:36:18.525] [modloading-worker-0/DEBUG] [net.minecraftforge.fml.javafmlmod.AutomaticEventSubscriber/LOADING]: Auto-subscribing net.mcreator.notenoughgolems.procedures.WoolGolemSpawnProcedure to FORGE
[06Mar2025 23:36:18.526] [modloading-worker-0/DEBUG] [net.minecraftforge.fml.javafmlmod.AutomaticEventSubscriber/LOADING]: Auto-subscribing net.mcreator.notenoughgolems.procedures.WoolGolemOnEntityTickUpdateProcedure to FORGE
[06Mar2025 23:36:18.530] [modloading-worker-0/DEBUG] [net.minecraftforge.fml.javafmlmod.AutomaticEventSubscriber/LOADING]: Auto-subscribing net.mcreator.notenoughgolems.procedures.WhenLookingProcedureProcedure to FORGE
[06Mar2025 23:36:18.531] [modloading-worker-0/DEBUG] [net.minecraftforge.fml.javafmlmod.AutomaticEventSubscriber/LOADING]: Auto-subscribing net.mcreator.notenoughgolems.procedures.TntlaunchProcedure to FORGE
[06Mar2025 23:36:18.532] [modloading-worker-0/DEBUG] [net.minecraftforge.fml.javafmlmod.AutomaticEventSubscriber/LOADING]: Auto-subscribing net.mcreator.notenoughgolems.procedures.TntYeetProcedure to FORGE
[06Mar2025 23:36:18.533] [modloading-worker-0/DEBUG] [net.minecraftforge.fml.javafmlmod.AutomaticEventSubscriber/LOADING]: Auto-subscribing net.mcreator.notenoughgolems.procedures.ThorsEffectProcedure to FORGE
[06Mar2025 23:36:18.534] [modloading-worker-0/DEBUG] [net.minecraftforge.fml.javafmlmod.AutomaticEventSubscriber/LOADING]: Auto-subscribing net.mcreator.notenoughgolems.procedures.SummonBonegolemProcedure to FORGE
[06Mar2025 23:36:18.535] [modloading-worker-0/DEBUG] [net.minecraftforge.fml.javafmlmod.AutomaticEventSubscriber/LOADING]: Auto-subscribing net.mcreator.notenoughgolems.procedures.StoneCutterGolemGenerationProcedure to FORGE
[06Mar2025 23:36:18.536] [modloading-worker-0/DEBUG] [net.minecraftforge.fml.javafmlmod.AutomaticEventSubscriber/LOADING]: Auto-subscribing net.mcreator.notenoughgolems.procedures.StackGolemSpawnProcedure to FORGE
[06Mar2025 23:36:18.537] [modloading-worker-0/DEBUG] [net.minecraftforge.fml.javafmlmod.AutomaticEventSubscriber/LOADING]: Auto-subscribing net.mcreator.notenoughgolems.procedures.StackGolemAdvancmentOneLilGuyProcedure to FORGE
[06Mar2025 23:36:18.537] [modloading-worker-0/DEBUG] [net.minecraftforge.fml.javafmlmod.AutomaticEventSubscriber/LOADING]: Auto-subscribing net.mcreator.notenoughgolems.procedures.SoulsandgolemshootProcedure to FORGE
[06Mar2025 23:36:18.538] [modloading-worker-0/DEBUG] [net.minecraftforge.fml.javafmlmod.AutomaticEventSubscriber/LOADING]: Auto-subscribing net.mcreator.notenoughgolems.procedures.SoulsandGolemSpawnProcedure to FORGE
[06Mar2025 23:36:18.539] [modloading-worker-0/DEBUG] [net.minecraftforge.fml.javafmlmod.AutomaticEventSubscriber/LOADING]: Auto-subscribing net.mcreator.notenoughgolems.procedures.SnowGiantOnEntityTickUpdateProcedure to FORGE
[06Mar2025 23:36:18.540] [modloading-worker-0/DEBUG] [net.minecraftforge.fml.javafmlmod.AutomaticEventSubscriber/LOADING]: Auto-subscribing net.mcreator.notenoughgolems.procedures.SmithingGolemSpawnProcedure to FORGE
[06Mar2025 23:36:18.541] [modloading-worker-0/DEBUG] [net.minecraftforge.fml.javafmlmod.AutomaticEventSubscriber/LOADING]: Auto-subscribing net.mcreator.notenoughgolems.procedures.ReditemProcedure to FORGE
[06Mar2025 23:36:18.542] [modloading-worker-0/DEBUG] [net.minecraftforge.fml.javafmlmod.AutomaticEventSubscriber/LOADING]: Auto-subscribing net.mcreator.notenoughgolems.procedures.RaygunProcedureProcedure to FORGE
[06Mar2025 23:36:18.542] [modloading-worker-0/DEBUG] [net.minecraftforge.fml.javafmlmod.AutomaticEventSubscriber/LOADING]: Auto-subscribing net.mcreator.notenoughgolems.procedures.RangedMinionProcedure to FORGE
[06Mar2025 23:36:18.543] [modloading-worker-0/DEBUG] [net.minecraftforge.fml.javafmlmod.AutomaticEventSubscriber/LOADING]: Auto-subscribing net.mcreator.notenoughgolems.procedures.RangedAttackProcedure to FORGE
[06Mar2025 23:36:18.544] [modloading-worker-0/DEBUG] [net.minecraftforge.fml.javafmlmod.AutomaticEventSubscriber/LOADING]: Auto-subscribing net.mcreator.notenoughgolems.procedures.PunchLaunchProcedure to FORGE
[06Mar2025 23:36:18.545] [modloading-worker-0/DEBUG] [net.minecraftforge.fml.javafmlmod.AutomaticEventSubscriber/LOADING]: Auto-subscribing net.mcreator.notenoughgolems.procedures.PrismarineMinistrosityShootProcedure to FORGE
[06Mar2025 23:36:18.545] [modloading-worker-0/DEBUG] [net.minecraftforge.fml.javafmlmod.AutomaticEventSubscriber/LOADING]: Auto-subscribing net.mcreator.notenoughgolems.procedures.PowderSnowGolemProcedure to FORGE
[06Mar2025 23:36:18.546] [modloading-worker-0/DEBUG] [net.minecraftforge.fml.javafmlmod.AutomaticEventSubscriber/LOADING]: Auto-subscribing net.mcreator.notenoughgolems.procedures.PlayerIndividualCallProcedure to FORGE
[06Mar2025 23:36:18.547] [modloading-worker-0/DEBUG] [net.minecraftforge.fml.javafmlmod.AutomaticEventSubscriber/LOADING]: Auto-subscribing net.mcreator.notenoughgolems.procedures.PlayerGroupCallProcedure to FORGE
[06Mar2025 23:36:18.552] [modloading-worker-0/DEBUG] [net.minecraftforge.fml.javafmlmod.AutomaticEventSubscriber/LOADING]: Auto-subscribing net.mcreator.notenoughgolems.procedures.PistonGolemSpwnProcedure to FORGE
[06Mar2025 23:36:18.553] [modloading-worker-0/DEBUG] [net.minecraftforge.fml.javafmlmod.AutomaticEventSubscriber/LOADING]: Auto-subscribing net.mcreator.notenoughgolems.procedures.NetherGolemSpawnProcedure to FORGE
[06Mar2025 23:36:18.554] [modloading-worker-0/DEBUG] [net.minecraftforge.fml.javafmlmod.AutomaticEventSubscriber/LOADING]: Auto-subscribing net.mcreator.notenoughgolems.procedures.MudGolemSpawnProcedure to FORGE
[06Mar2025 23:36:18.555] [modloading-worker-0/DEBUG] [net.minecraftforge.fml.javafmlmod.AutomaticEventSubscriber/LOADING]: Auto-subscribing net.mcreator.notenoughgolems.procedures.MudGolemShootProcedure to FORGE
[06Mar2025 23:36:18.556] [modloading-worker-0/DEBUG] [net.minecraftforge.fml.javafmlmod.AutomaticEventSubscriber/LOADING]: Auto-subscribing net.mcreator.notenoughgolems.procedures.MelonOnHeadProcedure to FORGE
[06Mar2025 23:36:18.557] [modloading-worker-0/DEBUG] [net.minecraftforge.fml.javafmlmod.AutomaticEventSubscriber/LOADING]: Auto-subscribing net.mcreator.notenoughgolems.procedures.MelonGolemSpawnProcedure to FORGE
[06Mar2025 23:36:18.557] [modloading-worker-0/DEBUG] [net.minecraftforge.fml.javafmlmod.AutomaticEventSubscriber/LOADING]: Auto-subscribing net.mcreator.notenoughgolems.procedures.MelonCarveProcedure to FORGE
[06Mar2025 23:36:18.558] [modloading-worker-0/DEBUG] [net.minecraftforge.fml.javafmlmod.AutomaticEventSubscriber/LOADING]: Auto-subscribing net.mcreator.notenoughgolems.procedures.LitProcedure to FORGE
[06Mar2025 23:36:18.559] [modloading-worker-0/DEBUG] [net.minecraftforge.fml.javafmlmod.AutomaticEventSubscriber/LOADING]: Auto-subscribing net.mcreator.notenoughgolems.procedures.LilSnowballProcedure to FORGE
[06Mar2025 23:36:18.561] [modloading-worker-0/DEBUG] [net.minecraftforge.fml.javafmlmod.AutomaticEventSubscriber/LOADING]: Auto-subscribing net.mcreator.notenoughgolems.procedures.JungleGolemSpawnProcedure to FORGE
[06Mar2025 23:36:18.563] [modloading-worker-0/DEBUG] [net.minecraftforge.fml.javafmlmod.AutomaticEventSubscriber/LOADING]: Auto-subscribing net.mcreator.notenoughgolems.procedures.InvunnerabileProcedure to FORGE
[06Mar2025 23:36:18.564] [modloading-worker-0/DEBUG] [net.minecraftforge.fml.javafmlmod.AutomaticEventSubscriber/LOADING]: Auto-subscribing net.mcreator.notenoughgolems.procedures.HoneyGolemSpawnProcedure to FORGE
[06Mar2025 23:36:18.568] [modloading-worker-0/DEBUG] [net.minecraftforge.fml.javafmlmod.AutomaticEventSubscriber/LOADING]: Auto-subscribing net.mcreator.notenoughgolems.procedures.HealtdebugProcedure to FORGE
[06Mar2025 23:36:18.568] [modloading-worker-0/DEBUG] [net.minecraftforge.fml.javafmlmod.AutomaticEventSubscriber/LOADING]: Auto-subscribing net.mcreator.notenoughgolems.procedures.HeadattackProcedure to FORGE
[06Mar2025 23:36:18.569] [modloading-worker-0/DEBUG] [net.minecraftforge.fml.javafmlmod.AutomaticEventSubscriber/LOADING]: Auto-subscribing net.mcreator.notenoughgolems.procedures.HayTauntProcedure to FORGE
[06Mar2025 23:36:18.570] [modloading-worker-0/DEBUG] [net.minecraftforge.fml.javafmlmod.AutomaticEventSubscriber/LOADING]: Auto-subscribing net.mcreator.notenoughgolems.procedures.HaySpwnProcedure to FORGE
[06Mar2025 23:36:18.576] [modloading-worker-0/DEBUG] [net.minecraftforge.fml.javafmlmod.AutomaticEventSubscriber/LOADING]: Auto-subscribing net.mcreator.notenoughgolems.procedures.HaySlamProcedure to FORGE
[06Mar2025 23:36:18.576] [modloading-worker-0/DEBUG] [net.minecraftforge.fml.javafmlmod.AutomaticEventSubscriber/LOADING]: Auto-subscribing net.mcreator.notenoughgolems.procedures.GolemsFollowCheckProcedure to FORGE
[06Mar2025 23:36:18.577] [modloading-worker-0/DEBUG] [net.minecraftforge.fml.javafmlmod.AutomaticEventSubscriber/LOADING]: Auto-subscribing net.mcreator.notenoughgolems.procedures.GolemModProcedure to FORGE
[06Mar2025 23:36:18.578] [modloading-worker-0/DEBUG] [net.minecraftforge.fml.javafmlmod.AutomaticEventSubscriber/LOADING]: Auto-subscribing net.mcreator.notenoughgolems.procedures.FusionProcedure to FORGE
[06Mar2025 23:36:18.579] [modloading-worker-0/DEBUG] [net.minecraftforge.fml.javafmlmod.AutomaticEventSubscriber/LOADING]: Auto-subscribing net.mcreator.notenoughgolems.procedures.FriendlyFIreProcedure to FORGE
[06Mar2025 23:36:18.579] [modloading-worker-0/DEBUG] [net.minecraftforge.fml.javafmlmod.AutomaticEventSubscriber/LOADING]: Auto-subscribing net.mcreator.notenoughgolems.procedures.FirstOfTheTundraEntityIsHurtProcedure to FORGE
[06Mar2025 23:36:18.580] [modloading-worker-0/DEBUG] [net.minecraftforge.fml.javafmlmod.AutomaticEventSubscriber/LOADING]: Auto-subscribing net.mcreator.notenoughgolems.procedures.EndstoneGolemSpawnProcedure to FORGE
[06Mar2025 23:36:18.588] [modloading-worker-0/DEBUG] [net.minecraftforge.fml.javafmlmod.AutomaticEventSubscriber/LOADING]: Auto-subscribing net.mcreator.notenoughgolems.procedures.EnchantedGolemSpawnProcedure to FORGE
[06Mar2025 23:36:18.588] [modloading-worker-0/DEBUG] [net.minecraftforge.fml.javafmlmod.AutomaticEventSubscriber/LOADING]: Auto-subscribing net.mcreator.notenoughgolems.procedures.EletricAttackProcedure to FORGE
[06Mar2025 23:36:18.589] [modloading-worker-0/DEBUG] [net.minecraftforge.fml.javafmlmod.AutomaticEventSubscriber/LOADING]: Auto-subscribing net.mcreator.notenoughgolems.procedures.DropjungleplankgolemProcedure to FORGE
[06Mar2025 23:36:18.607] [modloading-worker-0/DEBUG] [net.minecraftforge.fml.javafmlmod.AutomaticEventSubscriber/LOADING]: Auto-subscribing net.mcreator.notenoughgolems.procedures.DirtGolemTextureFixProcedure to FORGE
[06Mar2025 23:36:18.609] [modloading-worker-0/DEBUG] [net.minecraftforge.fml.javafmlmod.AutomaticEventSubscriber/LOADING]: Auto-subscribing net.mcreator.notenoughgolems.procedures.DefenseCheckProcedure to FORGE
[06Mar2025 23:36:18.611] [modloading-worker-0/DEBUG] [net.minecraftforge.fml.javafmlmod.AutomaticEventSubscriber/LOADING]: Auto-subscribing net.mcreator.notenoughgolems.procedures.ConcreteGolemSpawnProcedure to FORGE
[06Mar2025 23:36:18.612] [modloading-worker-0/DEBUG] [net.minecraftforge.fml.javafmlmod.AutomaticEventSubscriber/LOADING]: Auto-subscribing net.mcreator.notenoughgolems.procedures.ComposterGolemSpwanProcedure to FORGE
[06Mar2025 23:36:18.614] [modloading-worker-0/DEBUG] [net.minecraftforge.fml.javafmlmod.AutomaticEventSubscriber/LOADING]: Auto-subscribing net.mcreator.notenoughgolems.procedures.CocoalaunchProcedure to FORGE
[06Mar2025 23:36:18.620] [modloading-worker-0/DEBUG] [net.minecraftforge.fml.javafmlmod.AutomaticEventSubscriber/LOADING]: Auto-subscribing net.mcreator.notenoughgolems.procedures.CandleGolemSpawnProcedure to FORGE
[06Mar2025 23:36:18.624] [modloading-worker-0/DEBUG] [net.minecraftforge.fml.javafmlmod.AutomaticEventSubscriber/LOADING]: Auto-subscribing net.mcreator.notenoughgolems.procedures.BookshelfGolemSpawnProcedure to FORGE
[06Mar2025 23:36:18.626] [modloading-worker-0/DEBUG] [net.minecraftforge.fml.javafmlmod.AutomaticEventSubscriber/LOADING]: Auto-subscribing net.mcreator.notenoughgolems.procedures.BoneGolemSpawnProcedure to FORGE
[06Mar2025 23:36:18.628] [modloading-worker-0/DEBUG] [net.minecraftforge.fml.javafmlmod.AutomaticEventSubscriber/LOADING]: Auto-subscribing net.mcreator.notenoughgolems.procedures.BoneGolemRangedProcedure to FORGE
[06Mar2025 23:36:18.629] [modloading-worker-0/DEBUG] [net.minecraftforge.fml.javafmlmod.AutomaticEventSubscriber/LOADING]: Auto-subscribing net.mcreator.notenoughgolems.procedures.BleedingProcedure to FORGE
[06Mar2025 23:36:18.643] [modloading-worker-0/DEBUG] [net.minecraftforge.fml.javafmlmod.AutomaticEventSubscriber/LOADING]: Auto-subscribing net.mcreator.notenoughgolems.procedures.BlastFurnaceGolemSpawnProcedure to FORGE
[06Mar2025 23:36:18.644] [modloading-worker-0/DEBUG] [net.minecraftforge.fml.javafmlmod.AutomaticEventSubscriber/LOADING]: Auto-subscribing net.mcreator.notenoughgolems.procedures.BigBallThrowProcedure to FORGE
[06Mar2025 23:36:18.645] [modloading-worker-0/DEBUG] [net.minecraftforge.fml.javafmlmod.AutomaticEventSubscriber/LOADING]: Auto-subscribing net.mcreator.notenoughgolems.procedures.BeeattackProcedure to FORGE
[06Mar2025 23:36:18.645] [modloading-worker-0/DEBUG] [net.minecraftforge.fml.javafmlmod.AutomaticEventSubscriber/LOADING]: Auto-subscribing net.mcreator.notenoughgolems.procedures.BarrelGolemSpwnProcedure to FORGE
[06Mar2025 23:36:18.646] [modloading-worker-0/DEBUG] [net.minecraftforge.fml.javafmlmod.AutomaticEventSubscriber/LOADING]: Auto-subscribing net.mcreator.notenoughgolems.procedures.BambooGolemSpawnProcedure to FORGE
[06Mar2025 23:36:18.647] [modloading-worker-0/DEBUG] [net.minecraftforge.fml.javafmlmod.AutomaticEventSubscriber/LOADING]: Auto-subscribing net.mcreator.notenoughgolems.procedures.BallLunchProcedure to FORGE
[06Mar2025 23:36:18.648] [modloading-worker-0/DEBUG] [net.minecraftforge.fml.javafmlmod.AutomaticEventSubscriber/LOADING]: Auto-subscribing net.mcreator.notenoughgolems.procedures.AreaattackProcedure to FORGE
[06Mar2025 23:36:18.652] [modloading-worker-0/DEBUG] [net.minecraftforge.fml.javafmlmod.AutomaticEventSubscriber/LOADING]: Auto-subscribing net.mcreator.notenoughgolems.procedures.AnvilGolemSpawnProcedure to FORGE
[06Mar2025 23:36:18.653] [modloading-worker-0/DEBUG] [net.minecraftforge.fml.javafmlmod.AutomaticEventSubscriber/LOADING]: Auto-subscribing net.mcreator.notenoughgolems.procedures.AncientPrismarineRotationFixProcedure to FORGE
[06Mar2025 23:36:18.653] [modloading-worker-0/DEBUG] [net.minecraftforge.fml.javafmlmod.AutomaticEventSubscriber/LOADING]: Auto-subscribing net.mcreator.notenoughgolems.procedures.AncientOfPrismarineDisabledAttackFixProcedure to FORGE
[06Mar2025 23:36:18.654] [modloading-worker-0/DEBUG] [net.minecraftforge.fml.javafmlmod.AutomaticEventSubscriber/LOADING]: Auto-subscribing net.mcreator.notenoughgolems.procedures.AirstrikeProcedure to FORGE
[06Mar2025 23:36:18.659] [modloading-worker-0/DEBUG] [net.minecraftforge.fml.javafmlmod.AutomaticEventSubscriber/LOADING]: Auto-subscribing net.mcreator.notenoughgolems.procedures.AddNbtOnSpawnGolemsProcedure to FORGE
[06Mar2025 23:36:18.660] [modloading-worker-0/DEBUG] [net.minecraftforge.fml.javafmlmod.AutomaticEventSubscriber/LOADING]: Auto-subscribing net.mcreator.notenoughgolems.network.DartshootmaskMessage to MOD
[06Mar2025 23:36:18.661] [modloading-worker-0/DEBUG] [net.minecraftforge.fml.javafmlmod.AutomaticEventSubscriber/LOADING]: Auto-subscribing net.mcreator.notenoughgolems.init.PlentyOfGolemsModTrades to FORGE
[06Mar2025 23:36:18.662] [modloading-worker-0/DEBUG] [net.minecraftforge.fml.javafmlmod.AutomaticEventSubscriber/LOADING]: Auto-subscribing net.mcreator.notenoughgolems.init.PlentyOfGolemsModEntities to MOD
[06Mar2025 23:36:18.664] [modloading-worker-0/DEBUG] [net.minecraftforge.fml.javafmlmod.AutomaticEventSubscriber/LOADING]: Auto-subscribing net.mcreator.notenoughgolems.init.EntityAnimationFactory to FORGE
[06Mar2025 23:36:18.688] [main/DEBUG] [net.minecraftforge.fml.DeferredWorkQueue/LOADING]: Dispatching synchronous work for work queue CONSTRUCT: 2 jobs
[06Mar2025 23:36:18.700] [main/DEBUG] [net.minecraftforge.fml.config.ConfigTracker/CONFIG]: Config file butcher.toml for butcher tracking
[06Mar2025 23:36:18.701] [main/DEBUG] [net.minecraftforge.fml.DeferredWorkQueue/LOADING]: Synchronous work queue completed in 11.78 ms
[06Mar2025 23:36:19.357] [main/DEBUG] [net.minecraftforge.common.capabilities.CapabilityManager/CAPABILITIES]: Attempting to automatically register: Lnet/minecraftforge/energy/IEnergyStorage;
[06Mar2025 23:36:19.358] [main/DEBUG] [net.minecraftforge.common.capabilities.CapabilityManager/CAPABILITIES]: Attempting to automatically register: Lnet/minecraftforge/fluids/capability/IFluidHandler;
[06Mar2025 23:36:19.358] [main/DEBUG] [net.minecraftforge.common.capabilities.CapabilityManager/CAPABILITIES]: Attempting to automatically register: Lnet/minecraftforge/fluids/capability/IFluidHandlerItem;
[06Mar2025 23:36:19.358] [main/DEBUG] [net.minecraftforge.common.capabilities.CapabilityManager/CAPABILITIES]: Attempting to automatically register: Lnet/minecraftforge/items/IItemHandler;
[06Mar2025 23:36:21.861] [main/WARN] [dev.architectury.registry.registries.forge.RegistrarManagerImpl/]: Registry entry listened Registry Entry [minecraft:entity_type / vinery:mule] was not realized!
[06Mar2025 23:36:21.862] [main/WARN] [dev.architectury.registry.registries.forge.RegistrarManagerImpl/]: Registry entry listened Registry Entry [minecraft:entity_type / vinery:wandering_winemaker] was not realized!
[06Mar2025 23:36:21.864] [main/WARN] [dev.architectury.registry.registries.forge.RegistrarManagerImpl/]: Registry entry listened Registry Entry [minecraft:entity_type / vinery:mule] was not realized!
[06Mar2025 23:36:21.865] [main/WARN] [dev.architectury.registry.registries.forge.RegistrarManagerImpl/]: Registry entry listened Registry Entry [minecraft:entity_type / vinery:wandering_winemaker] was not realized!
[06Mar2025 23:36:21.868] [main/DEBUG] [dev.architectury.core.item.ArchitecturySpawnEggItem/]: Registering spawn egg mule_spawn_egg for vinery:mule
[06Mar2025 23:36:21.869] [main/DEBUG] [dev.architectury.core.item.ArchitecturySpawnEggItem/]: Registering spawn egg wandering_winemaker_spawn_egg for vinery:wandering_winemaker
[06Mar2025 23:36:22.280] [main/DEBUG] [mixin/]: Mixing perf.dynamic_dfu.DataFixersMixin from modernfix-common.mixins.json into net.minecraft.util.datafix.DataFixers
[06Mar2025 23:36:22.281] [main/DEBUG] [mixin/]: Renaming synthetic method lambda$createLazyFixerUpper$0(Ljava/util/Set;)Lcom/mojang/datafixers/DataFixer; to md7fd833$lambda$createLazyFixerUpper$0$0 in modernfix-common.mixins.json:perf.dynamic_dfu.DataFixersMixin
[06Mar2025 23:36:22.370] [main/INFO] [ModernFix/]: Bypassed Mojang DFU
[06Mar2025 23:36:22.370] [main/INFO] [ModernFix/]: Instantiating Mojang DFU
[06Mar2025 23:36:23.543] [main/WARN] [net.minecraft.network.syncher.SynchedEntityData/]: defineId called for: class net.minecraft.world.entity.animal.sniffer.Sniffer from class com.mysticsbiomes.common.entity.animal.SeaOtter
[06Mar2025 23:36:23.792] [main/DEBUG] [net.minecraftforge.fml.config.ConfigTracker/CONFIG]: Loading configs type COMMON
[06Mar2025 23:36:23.793] [main/DEBUG] [net.minecraftforge.fml.config.ConfigFileTypeHandler/CONFIG]: Built TOML config for /workspaces/manganeso/servidor_minecraft/config/farmersdelight-common.toml
[06Mar2025 23:36:23.794] [main/DEBUG] [net.minecraftforge.fml.config.ConfigFileTypeHandler/CONFIG]: Loaded TOML config file /workspaces/manganeso/servidor_minecraft/config/farmersdelight-common.toml
[06Mar2025 23:36:23.799] [main/DEBUG] [net.minecraftforge.fml.config.ConfigFileTypeHandler/CONFIG]: Watching TOML config file /workspaces/manganeso/servidor_minecraft/config/farmersdelight-common.toml for changes
[06Mar2025 23:36:23.802] [main/DEBUG] [net.minecraftforge.fml.config.ConfigFileTypeHandler/CONFIG]: Built TOML config for /workspaces/manganeso/servidor_minecraft/config/displaydelight-common.toml
[06Mar2025 23:36:23.803] [main/DEBUG] [net.minecraftforge.fml.config.ConfigFileTypeHandler/CONFIG]: Loaded TOML config file /workspaces/manganeso/servidor_minecraft/config/displaydelight-common.toml
[06Mar2025 23:36:23.803] [main/DEBUG] [net.minecraftforge.fml.config.ConfigFileTypeHandler/CONFIG]: Watching TOML config file /workspaces/manganeso/servidor_minecraft/config/displaydelight-common.toml for changes
[06Mar2025 23:36:23.804] [main/DEBUG] [net.minecraftforge.fml.config.ConfigFileTypeHandler/CONFIG]: Built TOML config for /workspaces/manganeso/servidor_minecraft/config/astikorcarts-common.toml
[06Mar2025 23:36:23.805] [main/DEBUG] [net.minecraftforge.fml.config.ConfigFileTypeHandler/CONFIG]: Loaded TOML config file /workspaces/manganeso/servidor_minecraft/config/astikorcarts-common.toml
[06Mar2025 23:36:23.806] [main/DEBUG] [net.minecraftforge.fml.config.ConfigFileTypeHandler/CONFIG]: Watching TOML config file /workspaces/manganeso/servidor_minecraft/config/astikorcarts-common.toml for changes
[06Mar2025 23:36:23.808] [main/DEBUG] [net.minecraftforge.fml.config.ConfigFileTypeHandler/CONFIG]: Built TOML config for /workspaces/manganeso/servidor_minecraft/config/ribbits-forge-1_20_1.toml
[06Mar2025 23:36:23.808] [main/DEBUG] [net.minecraftforge.fml.config.ConfigFileTypeHandler/CONFIG]: Loaded TOML config file /workspaces/manganeso/servidor_minecraft/config/ribbits-forge-1_20_1.toml
[06Mar2025 23:36:23.809] [main/DEBUG] [net.minecraftforge.fml.config.ConfigFileTypeHandler/CONFIG]: Watching TOML config file /workspaces/manganeso/servidor_minecraft/config/ribbits-forge-1_20_1.toml for changes
[06Mar2025 23:36:23.810] [main/DEBUG] [net.minecraftforge.fml.config.ConfigFileTypeHandler/CONFIG]: Built TOML config for /workspaces/manganeso/servidor_minecraft/config/curios-common.toml
[06Mar2025 23:36:23.810] [main/DEBUG] [net.minecraftforge.fml.config.ConfigFileTypeHandler/CONFIG]: Loaded TOML config file /workspaces/manganeso/servidor_minecraft/config/curios-common.toml
[06Mar2025 23:36:23.811] [main/DEBUG] [net.minecraftforge.fml.config.ConfigFileTypeHandler/CONFIG]: Watching TOML config file /workspaces/manganeso/servidor_minecraft/config/curios-common.toml for changes
[06Mar2025 23:36:23.812] [main/DEBUG] [net.minecraftforge.fml.config.ConfigFileTypeHandler/CONFIG]: Built TOML config for /workspaces/manganeso/servidor_minecraft/config/modernfix-common.toml
[06Mar2025 23:36:23.813] [main/DEBUG] [net.minecraftforge.fml.config.ConfigFileTypeHandler/CONFIG]: Loaded TOML config file /workspaces/manganeso/servidor_minecraft/config/modernfix-common.toml
[06Mar2025 23:36:23.813] [main/DEBUG] [net.minecraftforge.fml.config.ConfigFileTypeHandler/CONFIG]: Watching TOML config file /workspaces/manganeso/servidor_minecraft/config/modernfix-common.toml for changes
[06Mar2025 23:36:23.814] [main/DEBUG] [net.minecraftforge.fml.config.ConfigFileTypeHandler/CONFIG]: Built TOML config for /workspaces/manganeso/servidor_minecraft/config/citadel-common.toml
[06Mar2025 23:36:23.814] [main/DEBUG] [net.minecraftforge.fml.config.ConfigFileTypeHandler/CONFIG]: Loaded TOML config file /workspaces/manganeso/servidor_minecraft/config/citadel-common.toml
[06Mar2025 23:36:23.816] [main/DEBUG] [net.minecraftforge.fml.config.ConfigFileTypeHandler/CONFIG]: Watching TOML config file /workspaces/manganeso/servidor_minecraft/config/citadel-common.toml for changes
[06Mar2025 23:36:23.817] [main/DEBUG] [net.minecraftforge.fml.config.ConfigFileTypeHandler/CONFIG]: Built TOML config for /workspaces/manganeso/servidor_minecraft/config/alexsmobs.toml
[06Mar2025 23:36:23.821] [main/DEBUG] [net.minecraftforge.fml.config.ConfigFileTypeHandler/CONFIG]: Loaded TOML config file /workspaces/manganeso/servidor_minecraft/config/alexsmobs.toml
[06Mar2025 23:36:23.823] [main/DEBUG] [net.minecraftforge.fml.config.ConfigFileTypeHandler/CONFIG]: Watching TOML config file /workspaces/manganeso/servidor_minecraft/config/alexsmobs.toml for changes
[06Mar2025 23:36:23.890] [main/DEBUG] [net.minecraftforge.fml.config.ConfigFileTypeHandler/CONFIG]: Built TOML config for /workspaces/manganeso/servidor_minecraft/config/lootr-common.toml
[06Mar2025 23:36:23.891] [main/DEBUG] [net.minecraftforge.fml.config.ConfigFileTypeHandler/CONFIG]: Loaded TOML config file /workspaces/manganeso/servidor_minecraft/config/lootr-common.toml
[06Mar2025 23:36:23.891] [main/DEBUG] [net.minecraftforge.fml.config.ConfigFileTypeHandler/CONFIG]: Watching TOML config file /workspaces/manganeso/servidor_minecraft/config/lootr-common.toml for changes
[06Mar2025 23:36:23.893] [main/DEBUG] [net.minecraftforge.fml.config.ConfigFileTypeHandler/CONFIG]: Built TOML config for /workspaces/manganeso/servidor_minecraft/config/mysticsbiomes-common.toml
[06Mar2025 23:36:23.893] [main/DEBUG] [net.minecraftforge.fml.config.ConfigFileTypeHandler/CONFIG]: Loaded TOML config file /workspaces/manganeso/servidor_minecraft/config/mysticsbiomes-common.toml
[06Mar2025 23:36:23.895] [main/DEBUG] [net.minecraftforge.fml.config.ConfigFileTypeHandler/CONFIG]: Watching TOML config file /workspaces/manganeso/servidor_minecraft/config/mysticsbiomes-common.toml for changes
[06Mar2025 23:36:23.896] [main/DEBUG] [net.minecraftforge.fml.config.ConfigFileTypeHandler/CONFIG]: Built TOML config for /workspaces/manganeso/servidor_minecraft/config/paraglider-player-states.toml
[06Mar2025 23:36:23.896] [main/DEBUG] [net.minecraftforge.fml.config.ConfigFileTypeHandler/CONFIG]: Loaded TOML config file /workspaces/manganeso/servidor_minecraft/config/paraglider-player-states.toml
[06Mar2025 23:36:23.897] [main/DEBUG] [net.minecraftforge.fml.config.ConfigFileTypeHandler/CONFIG]: Watching TOML config file /workspaces/manganeso/servidor_minecraft/config/paraglider-player-states.toml for changes
[06Mar2025 23:36:23.898] [main/DEBUG] [net.minecraftforge.fml.config.ConfigFileTypeHandler/CONFIG]: Built TOML config for /workspaces/manganeso/servidor_minecraft/config/paraglider-common.toml
[06Mar2025 23:36:23.899] [main/DEBUG] [net.minecraftforge.fml.config.ConfigFileTypeHandler/CONFIG]: Loaded TOML config file /workspaces/manganeso/servidor_minecraft/config/paraglider-common.toml
[06Mar2025 23:36:23.900] [main/DEBUG] [net.minecraftforge.fml.config.ConfigFileTypeHandler/CONFIG]: Watching TOML config file /workspaces/manganeso/servidor_minecraft/config/paraglider-common.toml for changes
[06Mar2025 23:36:23.901] [main/DEBUG] [net.minecraftforge.fml.config.ConfigFileTypeHandler/CONFIG]: Built TOML config for /workspaces/manganeso/servidor_minecraft/config/cosmeticarmorreworked-common.toml
[06Mar2025 23:36:23.902] [main/DEBUG] [net.minecraftforge.fml.config.ConfigFileTypeHandler/CONFIG]: Loaded TOML config file /workspaces/manganeso/servidor_minecraft/config/cosmeticarmorreworked-common.toml
[06Mar2025 23:36:23.902] [main/DEBUG] [net.minecraftforge.fml.config.ConfigFileTypeHandler/CONFIG]: Watching TOML config file /workspaces/manganeso/servidor_minecraft/config/cosmeticarmorreworked-common.toml for changes
[06Mar2025 23:36:23.903] [main/WARN] [net.minecraftforge.common.ForgeConfigSpec/CORE]: Configuration file /workspaces/manganeso/servidor_minecraft/config/cosmeticarmorreworked-common.toml is not correct. Correcting
[06Mar2025 23:36:23.905] [main/WARN] [net.minecraftforge.common.ForgeConfigSpec/CORE]: Incorrect key Common was corrected from null to its default, SimpleCommentedConfig:{}. 
[06Mar2025 23:36:23.905] [main/WARN] [net.minecraftforge.common.ForgeConfigSpec/CORE]: Incorrect key Common.CosArmorKeepThroughDeath was corrected from null to its default, false. 
[06Mar2025 23:36:23.906] [main/DEBUG] [net.minecraftforge.common.ForgeConfigSpec/CORE]: The comment on key Common.CosArmorKeepThroughDeath does not match the spec. This may create a backup.
[06Mar2025 23:36:23.906] [main/WARN] [net.minecraftforge.common.ForgeConfigSpec/CORE]: Incorrect key Common.CosArmorDisableRecipeBook was corrected from null to its default, false. 
[06Mar2025 23:36:23.906] [main/DEBUG] [net.minecraftforge.common.ForgeConfigSpec/CORE]: The comment on key Common.CosArmorDisableRecipeBook does not match the spec. This may create a backup.
[06Mar2025 23:36:23.907] [main/WARN] [net.minecraftforge.common.ForgeConfigSpec/CORE]: Incorrect key Common.CosArmorDisableCosHatCommand was corrected from null to its default, false. 
[06Mar2025 23:36:23.907] [main/DEBUG] [net.minecraftforge.common.ForgeConfigSpec/CORE]: The comment on key Common.CosArmorDisableCosHatCommand does not match the spec. This may create a backup.
[06Mar2025 23:36:23.907] [main/DEBUG] [net.minecraftforge.common.ForgeConfigSpec/CORE]: The comment on key Common does not match the spec. This may create a backup.
[06Mar2025 23:36:23.910] [main/DEBUG] [net.minecraftforge.fml.config.ConfigFileTypeHandler/CONFIG]: Built TOML config for /workspaces/manganeso/servidor_minecraft/config/butcher.toml
[06Mar2025 23:36:23.912] [main/DEBUG] [net.minecraftforge.fml.config.ConfigFileTypeHandler/CONFIG]: Loaded TOML config file /workspaces/manganeso/servidor_minecraft/config/butcher.toml
[06Mar2025 23:36:23.913] [main/DEBUG] [net.minecraftforge.fml.config.ConfigFileTypeHandler/CONFIG]: Watching TOML config file /workspaces/manganeso/servidor_minecraft/config/butcher.toml for changes
[06Mar2025 23:36:24.073] [modloading-worker-0/DEBUG] [mixin/]: Mixing accessor.CriteriaTriggersAccessor from yungsapi.mixins.json into net.minecraft.advancements.CriteriaTriggers
[06Mar2025 23:36:24.073] [modloading-worker-0/DEBUG] [mixin/]: Renaming @Accessor method getValues()Ljava/util/Map; to getValues_$md$7fd833$0 in yungsapi.mixins.json:accessor.CriteriaTriggersAccessor
[06Mar2025 23:36:24.087] [modloading-worker-0/INFO] [com.jkvin114.displaydelight.DisplayDelight/]: HELLO FROM COMMON SETUP
[06Mar2025 23:36:24.108] [modloading-worker-0/DEBUG] [mixin/]: Mixing common.BredAnimalsTriggerMixin from backpacked.common.mixins.json into net.minecraft.advancements.critereon.BredAnimalsTrigger
[06Mar2025 23:36:24.115] [modloading-worker-0/DEBUG] [mixin/]: Mixing MixinSlotAttribute from curios.mixins.json into top.theillusivec4.curios.api.SlotAttribute
[06Mar2025 23:36:24.119] [modloading-worker-0/DEBUG] [mixin/]: Mixing MixinCuriosApi from curios.mixins.json into top.theillusivec4.curios.api.CuriosApi
[06Mar2025 23:36:24.154] [modloading-worker-0/DEBUG] [mixin/]: Mixing common.PlayerInteractTriggerMixin from backpacked.common.mixins.json into net.minecraft.advancements.critereon.PlayerInteractTrigger
[06Mar2025 23:36:24.182] [modloading-worker-0/DEBUG] [patchouli/]: Instantiating xplat impl: vazkii.patchouli.forge.xplat.ForgeXplatImpl
[06Mar2025 23:36:24.226] [modloading-worker-0/DEBUG] [ModernFix/]: Cleared 5377 object holder stacktrace references
[06Mar2025 23:36:24.312] [modloading-worker-0/INFO] [com.github.nyuppo.MoreMobVariants/]: Giving mobs a fresh coat of paint...
[06Mar2025 23:36:24.597] [Thread-0/INFO] [ModernFix/]: Please use /mfsrc to reload any changed mod config files
[06Mar2025 23:36:24.663] [Forge Version Check/INFO] [net.minecraftforge.fml.VersionChecker/]: [gravestone] Starting version check at https://update.maxhenkel.de/forge/gravestone
[06Mar2025 23:36:24.940] [main/DEBUG] [net.minecraftforge.fml.DeferredWorkQueue/LOADING]: Dispatching synchronous work for work queue COMMON_SETUP: 34 jobs
[06Mar2025 23:36:24.979] [main/INFO] [ribbits/]: Registering Ribbit umbrella types...
[06Mar2025 23:36:24.980] [main/INFO] [ribbits/]: Registering Ribbit professions...
[06Mar2025 23:36:24.980] [main/INFO] [ribbits/]: Registering Ribbit instruments...
[06Mar2025 23:36:24.982] [main/INFO] [ribbits/]: Registering Ribbit data serializers...
[06Mar2025 23:36:25.017] [main/INFO] [Framework/SYNCED_ENTITY_DATA]: Registered synced data key backpacked:unlock_tracker for minecraft:player
[06Mar2025 23:36:25.018] [main/INFO] [Framework/SYNCED_ENTITY_DATA]: Registered synced data key backpacked:trader_pickpocketing for minecraft:wandering_trader
[06Mar2025 23:36:25.104] [main/INFO] [Framework/SYNCED_ENTITY_DATA]: Registered synced data key refurbished_furniture:lock_yaw for refurbished_furniture:seat
[06Mar2025 23:36:25.113] [main/INFO] [terrablender/]: Registered region minecraft:overworld to index 0 for type OVERWORLD
[06Mar2025 23:36:25.114] [main/INFO] [terrablender/]: Registered region minecraft:nether to index 0 for type NETHER
[06Mar2025 23:36:25.114] [main/INFO] [terrablender/]: Registered region mysticsbiomes:overworld_provider to index 1 for type OVERWORLD
[06Mar2025 23:36:25.126] [main/DEBUG] [net.minecraftforge.fml.DeferredWorkQueue/LOADING]: Synchronous work queue completed in 186.1 ms
[06Mar2025 23:36:25.203] [modloading-worker-0/INFO] [xaero.minimap.XaeroMinimap/]: Loading Xaero's Minimap - Stage 1/2 (Server)
[06Mar2025 23:36:25.228] [main/DEBUG] [net.minecraftforge.fml.DeferredWorkQueue/LOADING]: Dispatching synchronous work for work queue SIDED_SETUP: 1 jobs
[06Mar2025 23:36:25.228] [main/INFO] [xaero.minimap.XaeroMinimap/]: Loading Xaero's Minimap - Stage 2/2 (Server)
[06Mar2025 23:36:25.229] [main/DEBUG] [net.minecraftforge.fml.DeferredWorkQueue/LOADING]: Synchronous work queue completed in 209.2 μs
[06Mar2025 23:36:25.351] [Forge Version Check/DEBUG] [net.minecraftforge.fml.VersionChecker/]: [gravestone] Received version check data:
{"1.9.4":{"1.3.6":"Bugfixes"},"1.8.8":{"1.1.7":"Bugfixes"},"1.20":{"1.20-1.0.3":"Updated to 1.20"},"1.8.9":{"1.1.7":"Bugfixes"},"1.18":{"1.18-1.0.3":"Fixed loader version requirement"},"1.19":{"1.19-1.0.3":"Fixed crash when opening the obituary"},"promos":{"1.14.4-recommended":"1.15.3","1.14.3-recommended":"1.14.3","1.20-recommended":"1.20-1.0.3","1.19.3-recommended":"1.19.3-1.0.3","1.19.1-recommended":"1.19.1-1.0.0","1.8.8-latest":"1.1.7","1.8.9-latest":"1.1.7","1.19.4-recommended":"1.19.4-1.0.3","1.19.2-recommended":"1.19.2-1.0.10","1.10.2-latest":"1.5.13","1.14.2-recommended":"1.13.3","1.14.3-latest":"1.14.3","1.20-latest":"1.20-1.0.3","1.11-latest":"1.6.6","1.10.2-recommended":"1.5.13","1.20.1-latest":"1.20.1-1.0.23","1.16.4-latest":"1.16.4-1.0.9","1.11.2-recommended":"1.7.4.1","1.19.3-latest":"1.19.3-1.0.3","1.8-latest":"1.0.5","1.16.2-latest":"1.16.2-1.0.6","1.7.10-latest":"0.7.10.3","1.15.2-recommended":"1.17.6","1.8-recommended":"1.0.5","1.19.1-latest":"1.19.1-1.0.0","1.15.1-recommended":"1.16.2","1.9-recommended":"1.2.10","1.11.2-latest":"1.7.4.1","1.18.1-latest":"1.18.1-1.0.2","1.15.1-latest":"1.16.2","1.18.2-latest":"1.18.2-1.0.2","1.11-recommended":"1.6.6","1.10-recommended":"1.4.9","1.12.2-latest":"1.10.2","1.12.1-latest":"1.9.0","1.12.2-recommended":"1.10.2","1.7.10-recommended":"0.7.10.3","1.19-latest":"1.19-1.0.3","1.17.1-recommended":"1.17.1-1.0.4","1.16.1-recommended":"1.16.1-1.0.6","1.16.2-recommended":"1.16.2-1.0.6","1.18-latest":"1.18-1.0.3","1.16.5-recommended":"1.16.5-1.0.6","1.16.4-recommended":"1.16.4-1.0.9","1.12.1-recommended":"1.9.0","1.20.1-recommended":"1.20.1-1.0.10","1.16.3-recommended":"1.16.3-1.0.2","1.15.2-latest":"1.17.6","1.20.2-recommended":"1.20.2-1.0.10","1.12-recommended":"1.8.4","1.10-latest":"1.4.9","1.14.4-latest":"1.15.3","1.13.2-recommended":"1.12.7","1.9.4-recommended":"1.3.6","1.12-latest":"1.8.4","1.18.2-recommended":"1.18.2-1.0.2","1.17.1-latest":"1.17.1-1.0.4","1.13.2-latest":"1.12.7","1.18.1-recommended":"1.18.1-1.0.2","1.16.3-latest":"1.16.3-2.0.4","1.20.2-latest":"1.20.2-1.0.10","1.19.2-latest":"1.19.2-1.0.23","1.19.4-latest":"1.19.4-1.0.3","1.16.5-latest":"1.16.5-1.0.7","1.19-recommended":"1.19-1.0.3","1.16.1-latest":"1.16.1-1.0.6","1.9-latest":"1.2.10","1.18-recommended":"1.18-1.0.3","1.14.2-latest":"1.13.3","1.8.8-recommended":"1.1.7","1.8.9-recommended":"1.1.7","1.9.4-latest":"1.3.6"},"1.20.2":{"1.20.2-1.0.10":"Improved mod icon\nUpdated corelib"},"1.20.1":{"1.20.1-1.0.23":"Updated Traditional Chinese translation","1.20.1-1.0.10":"Improved mod icon\nUpdated corelib"},"1.12":{"1.8.4":"Added recipe for recipe book"},"1.10":{"1.4.9":"Bugfixes"},"1.11":{"1.6.6":"Bugfixes"},"1.7.10":{"0.7.10.3":"Bugfixes"},"1.16.4":{"1.16.4-1.0.9":"Update chinese translation"},"1.18.2":{"1.18.2-1.0.2":"Fixed ukrainian locale code"},"1.19.1":{"1.19.1-1.0.0":"Updated to 1.19.1"},"1.16.5":{"1.16.5-1.0.7":"Fixed freeze with epic fight mod","1.16.5-1.0.6":"Fixed grave names"},"1.19.2":{"1.19.2-1.0.10":"Improved mod icon\nUpdated corelib","1.19.2-1.0.23":"Updated Traditional Chinese translation"},"1.19.3":{"1.19.3-1.0.3":"Fixed creative tabs because Forge broke everything again"},"1.19.4":{"1.19.4-1.0.3":"Updated to 1.19.4"},"1.14.2":{"1.13.3":"Improved en_us language and added pl_pl language"},"1.15.1":{"1.16.2":"Fixed crash with forge 30.0.17+"},"1.14.3":{"1.14.3":"Improved en_us language and added pl_pl language"},"1.16.1":{"1.16.1-1.0.6":"Fixed gravestone items can be picked up with a hopper"},"1.15.2":{"1.17.6":"Updated polish translation"},"1.14.4":{"1.15.3":"Fixed config reset issue"},"1.16.2":{"1.16.2-1.0.6":"Fixed nether dimension name\nUpdated russian translation\nFixed remove death note option"},"1.17.1":{"1.17.1-1.0.4":"Fixed crash with epic fight mod"},"1.8":{"1.0.5":"Bugfixes"},"1.16.3":{"1.16.3-1.0.2":"Updated mods.toml","1.16.3-2.0.4":"Fixed grave disappearing when having sneaking on toggle"},"1.18.1":{"1.18.1-1.0.2":"Added Brazilian Portuguese language"},"1.9":{"1.2.10":"Bugfixes"},"1.10.2":{"1.5.13":"Bugfixes"},"1.11.2":{"1.7.4.1":"Improved version checking"},"1.12.1":{"1.9.0":"Updated to 1.12.1"},"1.12.2":{"1.10.2":"Updated Forge version"},"1.13.2":{"1.12.7":"Improved en_us language and added pl_pl language"},"homepage":"https://www.curseforge.com/minecraft/mc-mods/gravestone-mod"}
[06Mar2025 23:36:25.352] [Forge Version Check/INFO] [net.minecraftforge.fml.VersionChecker/]: [gravestone] Found status: OUTDATED Current: 1.20.1-1.0.21 Target: 1.20.1-1.0.23
[06Mar2025 23:36:25.353] [Forge Version Check/INFO] [net.minecraftforge.fml.VersionChecker/]: [backpacked] Starting version check at https://mrcrayfish.com/modupdatejson?id=backpacked
[06Mar2025 23:36:25.569] [modloading-worker-0/INFO] [Jade/]: Start loading plugin at snownee.jade.addon.vanilla.VanillaPlugin
[06Mar2025 23:36:25.591] [modloading-worker-0/INFO] [de.mennomax.astikorcarts.AstikorCarts/]: Automatic pull animal configuration:
pull_animals = [
    "minecraft:camel",
    "minecraft:donkey",
    "minecraft:horse",
    "minecraft:mule",
    "minecraft:skeleton_horse",
    "minecraft:zombie_horse",
    "minecraft:player",
    "recrafted_creatures:giraffe",
    "recrafted_creatures:zebra",
    "vinery:mule"
  ]
[06Mar2025 23:36:25.602] [modloading-worker-0/INFO] [Jade/]: Start loading plugin at snownee.jade.addon.universal.UniversalPlugin
[06Mar2025 23:36:25.606] [modloading-worker-0/INFO] [Jade/]: Start loading plugin at snownee.jade.addon.core.CorePlugin
[06Mar2025 23:36:25.608] [modloading-worker-0/INFO] [Jade/]: Start loading plugin at de.maxhenkel.gravestone.integration.waila.PluginGraveStone
[06Mar2025 23:36:25.847] [Forge Version Check/DEBUG] [net.minecraftforge.fml.VersionChecker/]: [backpacked] Received version check data:
{"homepage":"https://mrcrayfish.com/mods/backpacked","promos":{"1.20.6-latest":"3.0.0-beta.5","1.20.4-latest":"3.0.0-beta.9","1.20.1-latest":"3.0.0-beta.9","1.19.4-latest":"2.1.14","1.19.3-latest":"2.1.12","1.19.2-latest":"2.1.13","1.19-latest":"2.1.10","1.18.2-latest":"2.1.13","1.18.1-latest":"2.1.2","1.16.5-latest":"2.1.13","1.16.3-latest":"1.10.1","1.16.1-latest":"1.5.0","1.15.2-latest":"1.8.0","1.15.1-latest":"1.4.0","1.14.4-latest":"1.7.0","1.12.2-latest":"1.4.1"}}
[06Mar2025 23:36:25.847] [Forge Version Check/INFO] [net.minecraftforge.fml.VersionChecker/]: [backpacked] Found status: BETA Current: 3.0.0-beta.9 Target: 3.0.0-beta.9
[06Mar2025 23:36:25.848] [Forge Version Check/INFO] [net.minecraftforge.fml.VersionChecker/]: [canary] Starting version check at https://github.com/AbdElAziz333/Canary/raw/mc1.19.2/dev/updates.json
[06Mar2025 23:36:26.026] [Forge Version Check/DEBUG] [net.minecraftforge.fml.VersionChecker/]: [canary] Received version check data:
{
  "homepage": "https://modrinth.com/mod/canary/versions",
  "promos": {
    "1.20.4-latest": "0.3.3",
    "1.20.4-recommended": "0.3.3",
    "1.20.1-latest": "0.3.3",
    "1.20.1-recommended": "0.3.3",
    "1.20-latest": "0.2.5",
    "1.20-recommended": "0.2.5",
    "1.19.4-latest": "0.2.5",
    "1.19.4-recommended": "0.2.5",  
    "1.19.3-latest": "0.2.5",
    "1.19.3-recommended": "0.2.5",
    "1.19.2-latest": "0.3.3",
    "1.19.2-recommended": "0.3.3",
    "1.18.2-latest": "0.3.3",
    "1.18.2-recommended": "0.3.3"
  }
}
[06Mar2025 23:36:26.026] [Forge Version Check/INFO] [net.minecraftforge.fml.VersionChecker/]: [canary] Found status: UP_TO_DATE Current: 0.3.3 Target: null
[06Mar2025 23:36:26.026] [Forge Version Check/INFO] [net.minecraftforge.fml.VersionChecker/]: [mr_lukis_grandcapitals] Starting version check at https://api.modrinth.com/updates/8Lw09aLb/forge_updates.json
[06Mar2025 23:36:26.152] [Forge Version Check/DEBUG] [net.minecraftforge.fml.VersionChecker/]: [mr_lukis_grandcapitals] Received version check data:
{"homepage":"https://modrinth.com/mod/8Lw09aLb","promos":{"1.20.6-recommended":"1.1.1+mod","1.19.1-latest":"1.1.1+mod","1.21.1-latest":"1.1.1+mod","1.21.2-latest":"1.1.1+mod","1.21.3-recommended":"1.1.1+mod","1.21-latest":"1.1.1+mod","1.20.6-latest":"1.1.1+mod","1.21.1-recommended":"1.1.1+mod","1.19-latest":"1.1.1+mod","1.19-recommended":"1.1.1+mod","1.19.3-recommended":"1.1.1+mod","1.19.2-latest":"1.1.1+mod","1.19.1-recommended":"1.1.1+mod","1.20.3-latest":"1.1.1+mod","1.21-recommended":"1.1.1+mod","1.19.2-recommended":"1.1.1+mod","1.20.4-recommended":"1.1.1+mod","1.20.5-recommended":"1.1.1+mod","1.20.3-recommended":"1.1.1+mod","1.20.5-latest":"1.1.1+mod","1.20.2-latest":"1.1.1+mod","1.21.3-latest":"1.1.1+mod","1.19.4-recommended":"1.1.1+mod","1.19.3-latest":"1.1.1+mod","1.20-recommended":"1.1.1+mod","1.20.2-recommended":"1.1.1+mod","1.20-latest":"1.1.1+mod","1.20.1-latest":"1.1.1+mod","1.20.4-latest":"1.1.1+mod","1.21.2-recommended":"1.1.1+mod","1.20.1-recommended":"1.1.1+mod","1.19.4-latest":"1.1.1+mod"}}
[06Mar2025 23:36:26.152] [Forge Version Check/INFO] [net.minecraftforge.fml.VersionChecker/]: [mr_lukis_grandcapitals] Found status: OUTDATED Current: 1.0 Target: 1.1.1+mod
[06Mar2025 23:36:26.153] [Forge Version Check/INFO] [net.minecraftforge.fml.VersionChecker/]: [refurbished_furniture] Starting version check at https://mrcrayfish.com/api/mod_update/forge/refurbished_furniture
[06Mar2025 23:36:26.347] [Forge Version Check/DEBUG] [net.minecraftforge.fml.VersionChecker/]: [refurbished_furniture] Received version check data:
{"homepage":"https://mrcrayfish.com/mods/refurbished_furniture","promos":{"1.21.1-latest":"1.0.12","1.21-latest":"1.0.6","1.20.6-latest":"1.0.6","1.20.4-latest":"1.0.12","1.20.1-latest":"1.0.12","1.19.4-latest":"1.0.7","1.19.2-latest":"1.0.9"}}
[06Mar2025 23:36:26.348] [Forge Version Check/INFO] [net.minecraftforge.fml.VersionChecker/]: [refurbished_furniture] Found status: BETA_OUTDATED Current: 1.0.6 Target: 1.0.12
[06Mar2025 23:36:26.348] [Forge Version Check/INFO] [net.minecraftforge.fml.VersionChecker/]: [framework] Starting version check at https://mrcrayfish.com/modupdatejson?id=framework
[06Mar2025 23:36:26.431] [main/INFO] [com.mojang.authlib.yggdrasil.YggdrasilAuthenticationService/]: Environment: authHost='https://authserver.mojang.com', accountsHost='https://api.mojang.com', sessionHost='https://sessionserver.mojang.com', servicesHost='https://api.minecraftservices.com', name='PROD'
[06Mar2025 23:36:26.460] [main/DEBUG] [mixin/]: Mixing bugfix.removed_dimensions.LevelStorageSourceMixin from modernfix-forge.mixins.json into net.minecraft.world.level.storage.LevelStorageSource
[06Mar2025 23:36:26.489] [main/DEBUG] [net.minecraftforge.coremod.transformer.CoreModBaseTransformer/COREMOD]: Transforming m_78311_ with desc ()V
[06Mar2025 23:36:26.759] [Forge Version Check/DEBUG] [net.minecraftforge.fml.VersionChecker/]: [framework] Received version check data:
{"homepage":"https://mrcrayfish.com/mods/framework","promos":{"1.21.3-latest":"0.9.5","1.21.1-latest":"0.9.4","1.21-latest":"0.9.1","1.20.6-latest":"0.8.13","1.20.4-latest":"0.7.12","1.20.1-latest":"0.7.12","1.20-latest":"0.6.5","1.19.4-latest":"0.7.10","1.19.3-latest":"0.4.2","1.19.2-latest":"0.7.12","1.19-latest":"0.3.3","1.18.2-latest":"0.4.3","1.18.1-latest":"0.2.2","1.18-latest":"0.2.2"}}
[06Mar2025 23:36:26.760] [Forge Version Check/INFO] [net.minecraftforge.fml.VersionChecker/]: [framework] Found status: BETA_OUTDATED Current: 0.7.11 Target: 0.7.12
[06Mar2025 23:36:26.760] [Forge Version Check/INFO] [net.minecraftforge.fml.VersionChecker/]: [forge] Starting version check at https://files.minecraftforge.net/net/minecraftforge/forge/promotions_slim.json
[06Mar2025 23:36:26.864] [Forge Version Check/DEBUG] [net.minecraftforge.fml.VersionChecker/]: [forge] Received version check data:
{
  "homepage": "https://files.minecraftforge.net/net/minecraftforge/forge/",
  "promos": {
    "1.1-latest": "1.3.4.29",
    "1.2.3-latest": "1.4.1.64",
    "1.2.4-latest": "2.0.0.68",
    "1.2.5-latest": "3.4.9.171",
    "1.3.2-latest": "4.3.5.318",
    "1.4.0-latest": "5.0.0.326",
    "1.4.1-latest": "6.0.0.329",
    "1.4.2-latest": "6.0.1.355",
    "1.4.3-latest": "6.2.1.358",
    "1.4.4-latest": "6.3.0.378",
    "1.4.5-latest": "6.4.2.448",
    "1.4.6-latest": "6.5.0.489",
    "1.4.7-latest": "6.6.2.534",
    "1.5-latest": "7.7.0.598",
    "1.5.1-latest": "7.7.2.682",
    "1.5.2-latest": "7.8.1.738",
    "1.5.2-recommended": "7.8.1.738",
    "1.6.1-latest": "8.9.0.775",
    "1.6.2-latest": "9.10.1.871",
    "1.6.2-recommended": "9.10.1.871",
    "1.6.3-latest": "9.11.0.878",
    "1.6.4-latest": "9.11.1.1345",
    "1.6.4-recommended": "9.11.1.1345",
    "1.7.2-latest": "10.12.2.1161",
    "1.7.2-recommended": "10.12.2.1161",
    "1.7.10_pre4-latest": "10.12.2.1149",
    "1.7.10-latest": "10.13.4.1614",
    "1.7.10-recommended": "10.13.4.1614",
    "1.8-latest": "11.14.4.1577",
    "1.8-recommended": "11.14.4.1563",
    "1.8.8-latest": "11.15.0.1655",
    "1.8.9-latest": "11.15.1.2318",
    "1.8.9-recommended": "11.15.1.2318",
    "1.9-latest": "12.16.1.1938",
    "1.9-recommended": "12.16.1.1887",
    "1.9.4-latest": "12.17.0.2317",
    "1.9.4-recommended": "12.17.0.2317",
    "1.10-latest": "12.18.0.2000",
    "1.10.2-latest": "12.18.3.2511",
    "1.10.2-recommended": "12.18.3.2511",
    "1.11-latest": "13.19.1.2199",
    "1.11-recommended": "13.19.1.2189",
    "1.11.2-latest": "13.20.1.2588",
    "1.11.2-recommended": "13.20.1.2588",
    "1.12-latest": "14.21.1.2443",
    "1.12-recommended": "14.21.1.2387",
    "1.12.1-latest": "14.22.1.2485",
    "1.12.1-recommended": "14.22.1.2478",
    "1.12.2-latest": "14.23.5.2860",
    "1.12.2-recommended": "14.23.5.2859",
    "1.13.2-latest": "25.0.223",
    "1.14.2-latest": "26.0.63",
    "1.14.3-latest": "27.0.60",
    "1.14.4-latest": "28.2.26",
    "1.14.4-recommended": "28.2.26",
    "1.15-latest": "29.0.4",
    "1.15.1-latest": "30.0.51",
    "1.15.2-latest": "31.2.57",
    "1.15.2-recommended": "31.2.57",
    "1.16.1-latest": "32.0.108",
    "1.16.2-latest": "33.0.61",
    "1.16.3-latest": "34.1.42",
    "1.16.3-recommended": "34.1.0",
    "1.16.4-latest": "35.1.37",
    "1.16.4-recommended": "35.1.4",
    "1.16.5-latest": "36.2.42",
    "1.16.5-recommended": "36.2.34",
    "1.17.1-latest": "37.1.1",
    "1.17.1-recommended": "37.1.1",
    "1.18-latest": "38.0.17",
    "1.18.1-latest": "39.1.2",
    "1.18.1-recommended": "39.1.0",
    "1.18.2-recommended": "40.3.0",
    "1.18.2-latest": "40.3.9",
    "1.19-latest": "41.1.0",
    "1.19-recommended": "41.1.0",
    "1.19.1-latest": "42.0.9",
    "1.19.2-recommended": "43.5.0",
    "1.19.2-latest": "43.5.0",
    "1.19.3-latest": "44.1.23",
    "1.19.3-recommended": "44.1.0",
    "1.19.4-recommended": "45.4.0",
    "1.19.4-latest": "45.4.0",
    "1.20-latest": "46.0.14",
    "1.20.1-recommended": "47.4.0",
    "1.20.1-latest": "47.4.0",
    "1.20.2-latest": "48.1.0",
    "1.20.2-recommended": "48.1.0",
    "1.20.3-latest": "49.0.2",
    "1.20.4-latest": "49.2.0",
    "1.20.4-recommended": "49.2.0",
    "1.20.6-latest": "50.2.0",
    "1.20.6-recommended": "50.2.0",
    "1.21-latest": "51.0.33",
    "1.21.1-latest": "52.1.0",
    "1.21.1-recommended": "52.1.0",
    "1.21.3-latest": "53.1.0",
    "1.21.3-recommended": "53.1.0",
    "1.21.4-latest": "54.1.2",
    "1.21.4-recommended": "54.1.0"
  }
}
[06Mar2025 23:36:26.864] [Forge Version Check/INFO] [net.minecraftforge.fml.VersionChecker/]: [forge] Found status: OUTDATED Current: 47.3.7 Target: 47.4.0
[06Mar2025 23:36:27.323] [main/WARN] [net.minecraft.server.packs.VanillaPackResourcesBuilder/]: Assets URL 'union:/workspaces/manganeso/servidor_minecraft/libraries/net/minecraft/server/1.20.1-20230612.114412/server-1.20.1-20230612.114412-srg.jar%23185!/assets/.mcassetsroot' uses unexpected schema
[06Mar2025 23:36:27.325] [main/WARN] [net.minecraft.server.packs.VanillaPackResourcesBuilder/]: Assets URL 'union:/workspaces/manganeso/servidor_minecraft/libraries/net/minecraft/server/1.20.1-20230612.114412/server-1.20.1-20230612.114412-srg.jar%23185!/data/.mcassetsroot' uses unexpected schema
[06Mar2025 23:36:27.393] [main/DEBUG] [mixin/]: Mixing common.ServerPlayerGameModeMixin from backpacked.common.mixins.json into net.minecraft.server.level.ServerPlayerGameMode
[06Mar2025 23:36:27.405] [main/DEBUG] [mixin/]: Mixing perf.resourcepacks.ForgePathPackResourcesMixin from modernfix-forge.mixins.json into net.minecraftforge.resource.PathPackResources
[06Mar2025 23:36:27.407] [main/DEBUG] [mixin/]: Renaming synthetic method lambda$fastGetResources$3(Lnet/minecraft/server/packs/PackType;Lnet/minecraft/resources/ResourceLocation;)Lnet/minecraft/server/packs/resources/IoSupplier; to md7fd833$lambda$fastGetResources$3$0 in modernfix-forge.mixins.json:perf.resourcepacks.ForgePathPackResourcesMixin
[06Mar2025 23:36:27.407] [main/DEBUG] [mixin/]: Renaming synthetic method lambda$fastGetResources$2(Ljava/nio/file/Path;)Ljava/io/InputStream; to md7fd833$lambda$fastGetResources$2$1 in modernfix-forge.mixins.json:perf.resourcepacks.ForgePathPackResourcesMixin
[06Mar2025 23:36:27.407] [main/DEBUG] [mixin/]: Renaming synthetic method lambda$fastGetResources$1(Lnet/minecraft/resources/ResourceLocation;)Z to md7fd833$lambda$fastGetResources$1$2 in modernfix-forge.mixins.json:perf.resourcepacks.ForgePathPackResourcesMixin
[06Mar2025 23:36:27.408] [main/DEBUG] [mixin/]: Renaming synthetic method lambda$generateResourceCache$0(Lnet/minecraft/server/packs/PackType;Ljava/lang/String;)Ljava/nio/file/Path; to md7fd833$lambda$generateResourceCache$0$3 in modernfix-forge.mixins.json:perf.resourcepacks.ForgePathPackResourcesMixin
[06Mar2025 23:36:27.443] [main/DEBUG] [net.minecraftforge.server.ServerLifecycleHooks/CORE]: Generating PackInfo named mod:farmersdelight for mod file /workspaces/manganeso/servidor_minecraft/mods/FarmersDelight-1.20.1-1.2.4.jar
[06Mar2025 23:36:27.444] [main/DEBUG] [net.minecraftforge.server.ServerLifecycleHooks/CORE]: Generating PackInfo named mod:terrablender for mod file /workspaces/manganeso/servidor_minecraft/mods/TerraBlender-forge-1.20.1-3.0.1.7.jar
[06Mar2025 23:36:27.445] [main/DEBUG] [net.minecraftforge.server.ServerLifecycleHooks/CORE]: Generating PackInfo named mod:jade for mod file /workspaces/manganeso/servidor_minecraft/mods/Jade-1.20.1-forge-11.11.1.jar
[06Mar2025 23:36:27.446] [main/DEBUG] [net.minecraftforge.server.ServerLifecycleHooks/CORE]: Generating PackInfo named mod:butcher for mod file /workspaces/manganeso/servidor_minecraft/mods/butcher-2.9-forge-1.20.1.jar
[06Mar2025 23:36:27.448] [main/DEBUG] [net.minecraftforge.server.ServerLifecycleHooks/CORE]: Generating PackInfo named mod:geckolib for mod file /workspaces/manganeso/servidor_minecraft/mods/geckolib-forge-1.20.1-4.7.jar
[06Mar2025 23:36:27.448] [main/DEBUG] [net.minecraftforge.server.ServerLifecycleHooks/CORE]: Generating PackInfo named mod:displaydelight for mod file /workspaces/manganeso/servidor_minecraft/mods/displaydelight-0.0.1-lite.jar
[06Mar2025 23:36:27.449] [main/DEBUG] [net.minecraftforge.server.ServerLifecycleHooks/CORE]: Generating PackInfo named mod:special_drops for mod file /workspaces/manganeso/servidor_minecraft/mods/Special Drops 1.0.0 - 1.20.1.jar
[06Mar2025 23:36:27.449] [main/DEBUG] [net.minecraftforge.server.ServerLifecycleHooks/CORE]: Generating PackInfo named mod:recrafted_creatures for mod file /workspaces/manganeso/servidor_minecraft/mods/recrafted_creatures-1.4.5-1.20.1.jar
[06Mar2025 23:36:27.450] [main/DEBUG] [net.minecraftforge.server.ServerLifecycleHooks/CORE]: Generating PackInfo named mod:duclib for mod file /workspaces/manganeso/servidor_minecraft/mods/duclib-1.20-1.1.4.jar
[06Mar2025 23:36:27.450] [main/DEBUG] [net.minecraftforge.server.ServerLifecycleHooks/CORE]: Generating PackInfo named mod:astikorcarts for mod file /workspaces/manganeso/servidor_minecraft/mods/astikorcarts-1.20.1-1.1.8.jar
[06Mar2025 23:36:27.451] [main/DEBUG] [net.minecraftforge.server.ServerLifecycleHooks/CORE]: Generating PackInfo named mod:gnumus for mod file /workspaces/manganeso/servidor_minecraft/mods/gnumus_settlement_[Forge]1.20.1_v1.0.jar
[06Mar2025 23:36:27.451] [main/DEBUG] [net.minecraftforge.server.ServerLifecycleHooks/CORE]: Generating PackInfo named mod:ribbits for mod file /workspaces/manganeso/servidor_minecraft/mods/Ribbits-1.20.1-Forge-3.0.2.jar
[06Mar2025 23:36:27.451] [main/DEBUG] [net.minecraftforge.server.ServerLifecycleHooks/CORE]: Generating PackInfo named mod:curios for mod file /workspaces/manganeso/servidor_minecraft/mods/curios-forge-5.11.0+1.20.1.jar
[06Mar2025 23:36:27.452] [main/DEBUG] [net.minecraftforge.server.ServerLifecycleHooks/CORE]: Generating PackInfo named mod:patchouli for mod file /workspaces/manganeso/servidor_minecraft/mods/Patchouli-1.20.1-84-FORGE.jar
[06Mar2025 23:36:27.452] [main/DEBUG] [net.minecraftforge.server.ServerLifecycleHooks/CORE]: Generating PackInfo named mod:xaerominimap for mod file /workspaces/manganeso/servidor_minecraft/mods/Xaeros_Minimap_25.0.0_Forge_1.20.jar
[06Mar2025 23:36:27.454] [main/DEBUG] [net.minecraftforge.server.ServerLifecycleHooks/CORE]: Generating PackInfo named mod:gravestone for mod file /workspaces/manganeso/servidor_minecraft/mods/gravestone-forge-1.20.1-1.0.21.jar
[06Mar2025 23:36:27.454] [main/DEBUG] [net.minecraftforge.server.ServerLifecycleHooks/CORE]: Generating PackInfo named mod:modernfix for mod file /workspaces/manganeso/servidor_minecraft/mods/modernfix-forge-5.19.4+mc1.20.1.jar
[06Mar2025 23:36:27.454] [main/DEBUG] [net.minecraftforge.server.ServerLifecycleHooks/CORE]: Generating PackInfo named mod:jei for mod file /workspaces/manganeso/servidor_minecraft/mods/jei-1.20.1-forge-15.20.0.102.jar
[06Mar2025 23:36:27.455] [main/DEBUG] [net.minecraftforge.server.ServerLifecycleHooks/CORE]: Generating PackInfo named mod:citadel for mod file /workspaces/manganeso/servidor_minecraft/mods/citadel-2.6.0-1.20.1.jar
[06Mar2025 23:36:27.455] [main/DEBUG] [net.minecraftforge.server.ServerLifecycleHooks/CORE]: Generating PackInfo named mod:alexsmobs for mod file /workspaces/manganeso/servidor_minecraft/mods/alexsmobs-1.22.9.jar
[06Mar2025 23:36:27.456] [main/DEBUG] [net.minecraftforge.server.ServerLifecycleHooks/CORE]: Generating PackInfo named mod:yungsapi for mod file /workspaces/manganeso/servidor_minecraft/mods/YungsApi-1.20-Forge-4.0.6.jar
[06Mar2025 23:36:27.456] [main/DEBUG] [net.minecraftforge.server.ServerLifecycleHooks/CORE]: Generating PackInfo named mod:backpacked for mod file /workspaces/manganeso/servidor_minecraft/mods/backpacked-forge-1.20.1-3.0.0-beta.9.jar
[06Mar2025 23:36:27.456] [main/DEBUG] [net.minecraftforge.server.ServerLifecycleHooks/CORE]: Generating PackInfo named mod:canary for mod file /workspaces/manganeso/servidor_minecraft/mods/canary-mc1.20.1-0.3.3.jar
[06Mar2025 23:36:27.457] [main/DEBUG] [net.minecraftforge.server.ServerLifecycleHooks/CORE]: Generating PackInfo named mod:mixinextras for mod file 
[06Mar2025 23:36:27.459] [main/DEBUG] [net.minecraftforge.server.ServerLifecycleHooks/CORE]: Generating PackInfo named mod:mr_lukis_grandcapitals for mod file /workspaces/manganeso/servidor_minecraft/mods/lukis-grand-capitals-1.0.jar
[06Mar2025 23:36:27.459] [main/DEBUG] [net.minecraftforge.server.ServerLifecycleHooks/CORE]: Generating PackInfo named mod:mvs for mod file /workspaces/manganeso/servidor_minecraft/mods/mvs-4.1.4-1.20-forge.jar
[06Mar2025 23:36:27.460] [main/DEBUG] [net.minecraftforge.server.ServerLifecycleHooks/CORE]: Generating PackInfo named mod:architectury for mod file /workspaces/manganeso/servidor_minecraft/mods/architectury-9.2.14-forge.jar
[06Mar2025 23:36:27.460] [main/DEBUG] [net.minecraftforge.server.ServerLifecycleHooks/CORE]: Generating PackInfo named mod:doapi for mod file /workspaces/manganeso/servidor_minecraft/mods/letsdo-API-forge-1.2.15-forge.jar
[06Mar2025 23:36:27.461] [main/DEBUG] [net.minecraftforge.server.ServerLifecycleHooks/CORE]: Generating PackInfo named mod:vinery for mod file /workspaces/manganeso/servidor_minecraft/mods/letsdo-vinery-forge-1.4.38.jar
[06Mar2025 23:36:27.461] [main/DEBUG] [net.minecraftforge.server.ServerLifecycleHooks/CORE]: Generating PackInfo named mod:alexsdelight for mod file /workspaces/manganeso/servidor_minecraft/mods/alexsdelight-1.5.jar
[06Mar2025 23:36:27.463] [main/DEBUG] [net.minecraftforge.server.ServerLifecycleHooks/CORE]: Generating PackInfo named mod:moremobvariants for mod file /workspaces/manganeso/servidor_minecraft/mods/moremobvariants-forge+1.20.1-1.3.0.1.jar
[06Mar2025 23:36:27.463] [main/DEBUG] [net.minecraftforge.server.ServerLifecycleHooks/CORE]: Generating PackInfo named mod:lootr for mod file /workspaces/manganeso/servidor_minecraft/mods/lootr-forge-1.20-0.7.35.90.jar
[06Mar2025 23:36:27.464] [main/DEBUG] [net.minecraftforge.server.ServerLifecycleHooks/CORE]: Generating PackInfo named mod:ferritecore for mod file /workspaces/manganeso/servidor_minecraft/mods/ferritecore-6.0.1-forge.jar
[06Mar2025 23:36:27.464] [main/DEBUG] [net.minecraftforge.server.ServerLifecycleHooks/CORE]: Generating PackInfo named mod:ancient_golems for mod file /workspaces/manganeso/servidor_minecraft/mods/ancient_golems-1.0.3-forge-1.20.1.jar
[06Mar2025 23:36:27.465] [main/DEBUG] [net.minecraftforge.server.ServerLifecycleHooks/CORE]: Generating PackInfo named mod:refurbished_furniture for mod file /workspaces/manganeso/servidor_minecraft/mods/refurbished_furniture-forge-1.20.1-1.0.6.jar
[06Mar2025 23:36:27.465] [main/DEBUG] [net.minecraftforge.server.ServerLifecycleHooks/CORE]: Generating PackInfo named mod:decent_biomes for mod file /workspaces/manganeso/servidor_minecraft/mods/decentbiomes 1.20.1 forge.jar
[06Mar2025 23:36:27.466] [main/DEBUG] [net.minecraftforge.server.ServerLifecycleHooks/CORE]: Generating PackInfo named mod:mysticsbiomes for mod file /workspaces/manganeso/servidor_minecraft/mods/mysticsbiomes-1.20.1-3.4.2.jar
[06Mar2025 23:36:27.466] [main/DEBUG] [net.minecraftforge.server.ServerLifecycleHooks/CORE]: Generating PackInfo named mod:framework for mod file /workspaces/manganeso/servidor_minecraft/mods/framework-forge-1.20.1-0.7.11.jar
[06Mar2025 23:36:27.466] [main/DEBUG] [net.minecraftforge.server.ServerLifecycleHooks/CORE]: Generating PackInfo named mod:paraglider for mod file /workspaces/manganeso/servidor_minecraft/mods/Paraglider-forge-20.1.3.jar
[06Mar2025 23:36:27.467] [main/DEBUG] [net.minecraftforge.server.ServerLifecycleHooks/CORE]: Generating PackInfo named mod:goblins_tyranny for mod file /workspaces/manganeso/servidor_minecraft/mods/goblins_tyranny-1.2.3-forge-1.20.1.jar
[06Mar2025 23:36:27.467] [main/DEBUG] [net.minecraftforge.server.ServerLifecycleHooks/CORE]: Generating PackInfo named mod:forge for mod file /workspaces/manganeso/servidor_minecraft/libraries/net/minecraftforge/forge/1.20.1-47.3.7/forge-1.20.1-47.3.7-universal.jar
[06Mar2025 23:36:27.467] [main/DEBUG] [net.minecraftforge.server.ServerLifecycleHooks/CORE]: Generating PackInfo named mod:plenty_of_golems for mod file /workspaces/manganeso/servidor_minecraft/mods/plenty_of_golems-1.4.2-forge-1.20.1.jar
[06Mar2025 23:36:27.468] [main/DEBUG] [net.minecraftforge.server.ServerLifecycleHooks/CORE]: Generating PackInfo named mod:cosmeticarmorreworked for mod file /workspaces/manganeso/servidor_minecraft/mods/cosmeticarmorreworked-1.20.1-v1a.jar
[06Mar2025 23:36:27.468] [main/DEBUG] [net.minecraftforge.server.ServerLifecycleHooks/CORE]: Generating PackInfo named mod:farm_and_charm for mod file /workspaces/manganeso/servidor_minecraft/mods/letsdo-farm_and_charm-forge-1.0.6.jar
[06Mar2025 23:36:27.483] [main/DEBUG] [mixin/]: Mixing resources.NamespaceResourceManagerAccessor from mvs-common.mixins.json into net.minecraft.server.packs.resources.FallbackResourceManager
[06Mar2025 23:36:27.609] [main/DEBUG] [ModernFix/]: Generated cache for /assets/minecraft in 94.10 ms
[06Mar2025 23:36:27.614] [main/DEBUG] [ModernFix/]: Generated cache for /assets/minecraft in 1.331 ms
[06Mar2025 23:36:27.618] [main/DEBUG] [ModernFix/]: Generated cache for /assets/minecraft in 4.082 ms
[06Mar2025 23:36:27.684] [main/DEBUG] [ModernFix/]: Generated cache for /assets/minecraft in 64.26 ms
[06Mar2025 23:36:27.688] [main/DEBUG] [ModernFix/]: Generated cache for /assets/minecraft in 1.352 ms
[06Mar2025 23:36:27.689] [main/DEBUG] [ModernFix/]: Generated cache for /assets/minecraft in 930.3 μs
[06Mar2025 23:36:27.693] [main/DEBUG] [ModernFix/]: Generated cache for /assets/minecraft in 3.607 ms
[06Mar2025 23:36:27.699] [main/DEBUG] [ModernFix/]: Generated cache for /assets/minecraft in 4.512 ms
[06Mar2025 23:36:27.720] [main/DEBUG] [ModernFix/]: Generated cache for /assets/minecraft in 20.29 ms
[06Mar2025 23:36:27.730] [main/DEBUG] [ModernFix/]: Generated cache for /assets/minecraft in 7.632 ms
[06Mar2025 23:36:27.753] [main/DEBUG] [ModernFix/]: Generated cache for /assets/minecraft in 21.11 ms
[06Mar2025 23:36:27.767] [main/DEBUG] [ModernFix/]: Generated cache for /assets/minecraft in 13.64 ms
[06Mar2025 23:36:27.768] [main/DEBUG] [ModernFix/]: Generated cache for /assets/minecraft in 532.5 μs
[06Mar2025 23:36:27.768] [main/DEBUG] [ModernFix/]: Generated cache for /assets/minecraft in 114.8 μs
[06Mar2025 23:36:27.769] [main/DEBUG] [ModernFix/]: Generated cache for /assets/minecraft in 636.4 μs
[06Mar2025 23:36:27.831] [main/DEBUG] [ModernFix/]: Generated cache for /assets/minecraft in 61.17 ms
[06Mar2025 23:36:27.857] [main/DEBUG] [ModernFix/]: Generated cache for /assets/minecraft in 25.78 ms
[06Mar2025 23:36:27.863] [main/DEBUG] [ModernFix/]: Generated cache for /assets/minecraft in 4.595 ms
[06Mar2025 23:36:27.870] [main/DEBUG] [ModernFix/]: Generated cache for /assets/minecraft in 6.158 ms
[06Mar2025 23:36:27.878] [main/DEBUG] [ModernFix/]: Generated cache for /assets/minecraft in 7.150 ms
[06Mar2025 23:36:27.880] [main/DEBUG] [ModernFix/]: Generated cache for /assets/minecraft in 1.960 ms
[06Mar2025 23:36:27.885] [main/DEBUG] [ModernFix/]: Generated cache for /assets/minecraft in 4.949 ms
[06Mar2025 23:36:27.888] [main/DEBUG] [ModernFix/]: Generated cache for /assets/minecraft in 732.3 μs
[06Mar2025 23:36:27.890] [main/DEBUG] [ModernFix/]: Generated cache for /assets/minecraft in 1.469 ms
[06Mar2025 23:36:27.891] [main/DEBUG] [ModernFix/]: Generated cache for /assets/minecraft in 641.2 μs
[06Mar2025 23:36:27.895] [main/DEBUG] [ModernFix/]: Generated cache for /assets/minecraft in 3.542 ms
[06Mar2025 23:36:27.899] [main/DEBUG] [ModernFix/]: Generated cache for /assets/minecraft in 3.006 ms
[06Mar2025 23:36:27.909] [main/DEBUG] [ModernFix/]: Generated cache for /assets/minecraft in 9.974 ms
[06Mar2025 23:36:27.912] [main/DEBUG] [ModernFix/]: Generated cache for /assets/minecraft in 248.1 μs
[06Mar2025 23:36:27.913] [main/DEBUG] [ModernFix/]: Generated cache for /assets/minecraft in 272.4 μs
[06Mar2025 23:36:27.918] [main/DEBUG] [ModernFix/]: Generated cache for /assets/minecraft in 4.791 ms
[06Mar2025 23:36:27.919] [main/DEBUG] [ModernFix/]: Generated cache for /assets/minecraft in 486.5 μs
[06Mar2025 23:36:27.922] [main/DEBUG] [ModernFix/]: Generated cache for /assets/minecraft in 2.843 ms
[06Mar2025 23:36:27.924] [main/DEBUG] [ModernFix/]: Generated cache for /assets/minecraft in 553.3 μs
[06Mar2025 23:36:27.926] [main/DEBUG] [ModernFix/]: Generated cache for /assets/minecraft in 2.072 ms
[06Mar2025 23:36:27.937] [main/DEBUG] [ModernFix/]: Generated cache for /assets/minecraft in 10.96 ms
[06Mar2025 23:36:27.938] [main/DEBUG] [ModernFix/]: Generated cache for /assets/minecraft in 53.38 μs
[06Mar2025 23:36:27.940] [main/DEBUG] [ModernFix/]: Generated cache for /assets/minecraft in 51.65 μs
[06Mar2025 23:36:27.941] [main/DEBUG] [ModernFix/]: Generated cache for /assets/minecraft in 160.0 μs
[06Mar2025 23:36:31.034] [main/DEBUG] [mixin/]: Mixing MixinPrimaryLevelData from terrablender.mixins.json into net.minecraft.world.level.storage.PrimaryLevelData
[06Mar2025 23:36:31.068] [main/DEBUG] [mixin/]: Mixing MixinDragonFightManager from paraglider.mixins.json into net.minecraft.world.level.dimension.end.EndDragonFight
[06Mar2025 23:36:31.107] [main/DEBUG] [mixin/]: Mixing MixinLootDataManager from architectury.mixins.json into net.minecraft.world.level.storage.loot.LootDataManager
[06Mar2025 23:36:31.375] [main/DEBUG] [mixin/]: Mixing structures.LocateCommandMixin from mvs-common.mixins.json into net.minecraft.server.commands.LocateCommand
[06Mar2025 23:36:31.375] [main/DEBUG] [mixin/]: Renaming synthetic method lambda$mvs_increaseLocateRadius$0(Lnet/minecraft/core/Holder;)Z to md7fd833$lambda$mvs_increaseLocateRadius$0$0 in mvs-common.mixins.json:structures.LocateCommandMixin
[06Mar2025 23:36:31.422] [main/DEBUG] [net.minecraftforge.coremod.transformer.CoreModBaseTransformer/COREMOD]: Transforming net/minecraft/server/commands/SummonCommand
[06Mar2025 23:36:31.604] [main/DEBUG] [mixin/]: Mixing perf.potential_spawns_alloc.ForgeEventFactoryMixin from modernfix-forge.mixins.json into net.minecraftforge.event.ForgeEventFactory
[06Mar2025 23:36:31.640] [main/DEBUG] [mixin/]: Mixing perf.potential_spawns_alloc.PotentialSpawnsMixin from modernfix-forge.mixins.json into net.minecraftforge.event.level.LevelEvent$PotentialSpawns
[06Mar2025 23:36:31.689] [main/DEBUG] [mixin/]: Mixing accessor.RecipeManagerAccessor from farmersdelight.mixins.json into net.minecraft.world.item.crafting.RecipeManager
[06Mar2025 23:36:31.690] [main/DEBUG] [mixin/]: Mixing perf.datapack_reload_exceptions.RecipeManagerMixin from modernfix-forge.mixins.json into net.minecraft.world.item.crafting.RecipeManager
[06Mar2025 23:36:31.698] [main/INFO] [com.github.alexthe666.alexsmobs.AlexsMobs/]: Adding datapack listener capsid_recipes
[06Mar2025 23:36:31.703] [main/DEBUG] [mixin/]: Mixing feature.measure_time.SimpleReloadInstanceMixin from modernfix-common.mixins.json into net.minecraft.server.packs.resources.SimpleReloadInstance
[06Mar2025 23:36:31.729] [Worker-Main-1/DEBUG] [mixin/]: Mixing perf.tag_id_caching.TagEntryMixin from modernfix-forge.mixins.json into net.minecraft.tags.TagEntry
[06Mar2025 23:36:32.139] [Worker-Main-1/ERROR] [net.minecraft.tags.TagLoader/]: Couldn't load tag nethersdelight:tools/machetes as it is missing following references: nethersdelight:iron_machete (from butcher-2.9-forge-1.20.1.jar), 
	nethersdelight:golden_machete (from butcher-2.9-forge-1.20.1.jar), 
	nethersdelight:diamond_machete (from butcher-2.9-forge-1.20.1.jar), 
	nethersdelight:netherite_machete (from butcher-2.9-forge-1.20.1.jar)
[06Mar2025 23:36:32.140] [Worker-Main-1/ERROR] [net.minecraft.tags.TagLoader/]: Couldn't load tag nethersdelight:tools/hunting_tools as it is missing following references: #nethersdelight:tools/machetes (from butcher-2.9-forge-1.20.1.jar)
[06Mar2025 23:36:32.442] [Worker-Main-1/DEBUG] [mixin/]: Mixing MixinNbtPredicate from curios.mixins.json into net.minecraft.advancements.critereon.NbtPredicate
[06Mar2025 23:36:32.450] [Worker-Main-1/DEBUG] [net.minecraftforge.coremod.transformer.CoreModBaseTransformer/COREMOD]: Transforming net/minecraft/world/entity/raid/Raid
[06Mar2025 23:36:32.544] [Worker-Main-1/DEBUG] [mixin/]: Mixing ai.raid.RaidMixin from canary.mixins.json into net.minecraft.world.entity.raid.Raid
[06Mar2025 23:36:32.546] [Worker-Main-1/DEBUG] [mixin/]: Mixing MixinRaid from paraglider.mixins.json into net.minecraft.world.entity.raid.Raid
[06Mar2025 23:36:32.681] [Worker-Main-1/ERROR] [net.minecraftforge.common.ForgeHooks/]: Couldn't parse element loot_tables:displaydelight:blocks/plated_cake_slice
java.lang.IllegalArgumentException: Can't find block displaydelight:plated_cake_slice
	at net.minecraft.world.level.storage.loot.predicates.LootItemBlockStatePropertyCondition$Serializer.m_81802_(LootItemBlockStatePropertyCondition.java:79) ~[server-1.20.1-20230612.114412-srg.jar%23185!/:?]
	at java.util.Optional.orElseThrow(Optional.java:403) ~[?:?]
	at net.minecraft.world.level.storage.loot.predicates.LootItemBlockStatePropertyCondition$Serializer.m_7561_(LootItemBlockStatePropertyCondition.java:79) ~[server-1.20.1-20230612.114412-srg.jar%23185!/:?]
	at net.minecraft.world.level.storage.loot.predicates.LootItemBlockStatePropertyCondition$Serializer.m_7561_(LootItemBlockStatePropertyCondition.java:68) ~[server-1.20.1-20230612.114412-srg.jar%23185!/:?]
	at net.minecraft.world.level.storage.loot.GsonAdapterFactory$JsonAdapter.deserialize(GsonAdapterFactory.java:102) ~[server-1.20.1-20230612.114412-srg.jar%23185!/:?]
	at com.google.gson.internal.bind.TreeTypeAdapter.read(TreeTypeAdapter.java:76) ~[gson-2.10.jar%2372!/:?]
	at com.google.gson.internal.bind.TypeAdapterRuntimeTypeWrapper.read(TypeAdapterRuntimeTypeWrapper.java:40) ~[gson-2.10.jar%2372!/:?]
	at com.google.gson.internal.bind.ArrayTypeAdapter.read(ArrayTypeAdapter.java:72) ~[gson-2.10.jar%2372!/:?]
	at com.google.gson.Gson.fromJson(Gson.java:1214) ~[gson-2.10.jar%2372!/:?]
	at com.google.gson.Gson.fromJson(Gson.java:1319) ~[gson-2.10.jar%2372!/:?]
	at com.google.gson.Gson.fromJson(Gson.java:1290) ~[gson-2.10.jar%2372!/:?]
	at com.google.gson.internal.bind.TreeTypeAdapter$GsonContextImpl.deserialize(TreeTypeAdapter.java:179) ~[gson-2.10.jar%2372!/:?]
	at net.minecraft.util.GsonHelper.m_13808_(GsonHelper.java:463) ~[server-1.20.1-20230612.114412-srg.jar%23185!/:?]
	at net.minecraft.util.GsonHelper.m_13845_(GsonHelper.java:481) ~[server-1.20.1-20230612.114412-srg.jar%23185!/:?]
	at net.minecraft.world.level.storage.loot.functions.LootItemConditionalFunction$Serializer.m_7561_(LootItemConditionalFunction.java:98) ~[server-1.20.1-20230612.114412-srg.jar%23185!/:?]
	at net.minecraft.world.level.storage.loot.functions.LootItemConditionalFunction$Serializer.m_7561_(LootItemConditionalFunction.java:88) ~[server-1.20.1-20230612.114412-srg.jar%23185!/:?]
	at net.minecraft.world.level.storage.loot.GsonAdapterFactory$JsonAdapter.deserialize(GsonAdapterFactory.java:102) ~[server-1.20.1-20230612.114412-srg.jar%23185!/:?]
	at com.google.gson.internal.bind.TreeTypeAdapter.read(TreeTypeAdapter.java:76) ~[gson-2.10.jar%2372!/:?]
	at com.google.gson.internal.bind.TypeAdapterRuntimeTypeWrapper.read(TypeAdapterRuntimeTypeWrapper.java:40) ~[gson-2.10.jar%2372!/:?]
	at com.google.gson.internal.bind.ArrayTypeAdapter.read(ArrayTypeAdapter.java:72) ~[gson-2.10.jar%2372!/:?]
	at com.google.gson.Gson.fromJson(Gson.java:1214) ~[gson-2.10.jar%2372!/:?]
	at com.google.gson.Gson.fromJson(Gson.java:1319) ~[gson-2.10.jar%2372!/:?]
	at com.google.gson.Gson.fromJson(Gson.java:1290) ~[gson-2.10.jar%2372!/:?]
	at com.google.gson.internal.bind.TreeTypeAdapter$GsonContextImpl.deserialize(TreeTypeAdapter.java:179) ~[gson-2.10.jar%2372!/:?]
	at net.minecraft.util.GsonHelper.m_13808_(GsonHelper.java:463) ~[server-1.20.1-20230612.114412-srg.jar%23185!/:?]
	at net.minecraft.util.GsonHelper.m_13845_(GsonHelper.java:481) ~[server-1.20.1-20230612.114412-srg.jar%23185!/:?]
	at net.minecraft.world.level.storage.loot.entries.LootPoolSingletonContainer$Serializer.m_5921_(LootPoolSingletonContainer.java:149) ~[server-1.20.1-20230612.114412-srg.jar%23185!/:?]
	at net.minecraft.world.level.storage.loot.entries.LootPoolSingletonContainer$Serializer.m_5921_(LootPoolSingletonContainer.java:129) ~[server-1.20.1-20230612.114412-srg.jar%23185!/:?]
	at net.minecraft.world.level.storage.loot.entries.LootPoolEntryContainer$Serializer.m_7561_(LootPoolEntryContainer.java:86) ~[server-1.20.1-20230612.114412-srg.jar%23185!/:?]
	at net.minecraft.world.level.storage.loot.entries.LootPoolEntryContainer$Serializer.m_7561_(LootPoolEntryContainer.java:74) ~[server-1.20.1-20230612.114412-srg.jar%23185!/:?]
	at net.minecraft.world.level.storage.loot.GsonAdapterFactory$JsonAdapter.deserialize(GsonAdapterFactory.java:102) ~[server-1.20.1-20230612.114412-srg.jar%23185!/:?]
	at com.google.gson.internal.bind.TreeTypeAdapter.read(TreeTypeAdapter.java:76) ~[gson-2.10.jar%2372!/:?]
	at com.google.gson.internal.bind.TypeAdapterRuntimeTypeWrapper.read(TypeAdapterRuntimeTypeWrapper.java:40) ~[gson-2.10.jar%2372!/:?]
	at com.google.gson.internal.bind.ArrayTypeAdapter.read(ArrayTypeAdapter.java:72) ~[gson-2.10.jar%2372!/:?]
	at com.google.gson.Gson.fromJson(Gson.java:1214) ~[gson-2.10.jar%2372!/:?]
	at com.google.gson.Gson.fromJson(Gson.java:1319) ~[gson-2.10.jar%2372!/:?]
	at com.google.gson.Gson.fromJson(Gson.java:1290) ~[gson-2.10.jar%2372!/:?]
	at com.google.gson.internal.bind.TreeTypeAdapter$GsonContextImpl.deserialize(TreeTypeAdapter.java:179) ~[gson-2.10.jar%2372!/:?]
	at net.minecraft.util.GsonHelper.m_13808_(GsonHelper.java:463) ~[server-1.20.1-20230612.114412-srg.jar%23185!/:?]
	at net.minecraft.util.GsonHelper.m_13836_(GsonHelper.java:471) ~[server-1.20.1-20230612.114412-srg.jar%23185!/:?]
	at net.minecraft.world.level.storage.loot.LootPool$Serializer.deserialize(LootPool.java:192) ~[server-1.20.1-20230612.114412-srg.jar%23185!/:?]
	at net.minecraft.world.level.storage.loot.LootPool$Serializer.deserialize(LootPool.java:189) ~[server-1.20.1-20230612.114412-srg.jar%23185!/:?]
	at com.google.gson.internal.bind.TreeTypeAdapter.read(TreeTypeAdapter.java:76) ~[gson-2.10.jar%2372!/:?]
	at com.google.gson.internal.bind.TypeAdapterRuntimeTypeWrapper.read(TypeAdapterRuntimeTypeWrapper.java:40) ~[gson-2.10.jar%2372!/:?]
	at com.google.gson.internal.bind.ArrayTypeAdapter.read(ArrayTypeAdapter.java:72) ~[gson-2.10.jar%2372!/:?]
	at com.google.gson.Gson.fromJson(Gson.java:1214) ~[gson-2.10.jar%2372!/:?]
	at com.google.gson.Gson.fromJson(Gson.java:1319) ~[gson-2.10.jar%2372!/:?]
	at com.google.gson.Gson.fromJson(Gson.java:1290) ~[gson-2.10.jar%2372!/:?]
	at com.google.gson.internal.bind.TreeTypeAdapter$GsonContextImpl.deserialize(TreeTypeAdapter.java:179) ~[gson-2.10.jar%2372!/:?]
	at net.minecraft.util.GsonHelper.m_13808_(GsonHelper.java:463) ~[server-1.20.1-20230612.114412-srg.jar%23185!/:?]
	at net.minecraft.util.GsonHelper.m_13845_(GsonHelper.java:481) ~[server-1.20.1-20230612.114412-srg.jar%23185!/:?]
	at net.minecraft.world.level.storage.loot.LootTable$Serializer.deserialize(LootTable.java:294) ~[server-1.20.1-20230612.114412-srg.jar%23185!/:?]
	at net.minecraft.world.level.storage.loot.LootTable$Serializer.deserialize(LootTable.java:291) ~[server-1.20.1-20230612.114412-srg.jar%23185!/:?]
	at com.google.gson.internal.bind.TreeTypeAdapter.read(TreeTypeAdapter.java:76) ~[gson-2.10.jar%2372!/:?]
	at com.google.gson.Gson.fromJson(Gson.java:1214) ~[gson-2.10.jar%2372!/:?]
	at com.google.gson.Gson.fromJson(Gson.java:1319) ~[gson-2.10.jar%2372!/:?]
	at com.google.gson.Gson.fromJson(Gson.java:1261) ~[gson-2.10.jar%2372!/:?]
	at net.minecraftforge.common.ForgeHooks.loadLootTable(ForgeHooks.java:871) ~[forge-1.20.1-47.3.7-universal.jar%23190!/:?]
	at net.minecraftforge.common.ForgeHooks.lambda$getLootTableDeserializer$3(ForgeHooks.java:848) ~[forge-1.20.1-47.3.7-universal.jar%23190!/:?]
	at net.minecraft.world.level.storage.loot.LootDataType.deserialize(LootDataType.java:45) ~[server-1.20.1-20230612.114412-srg.jar%23185!/:?]
	at net.minecraft.world.level.storage.loot.LootDataManager.lambda$scheduleElementParse$4(LootDataManager.java:56) ~[server-1.20.1-20230612.114412-srg.jar%23185!/:?]
	at java.util.HashMap.forEach(HashMap.java:1421) ~[?:?]
	at net.minecraft.world.level.storage.loot.LootDataManager.m_278660_(LootDataManager.java:55) ~[server-1.20.1-20230612.114412-srg.jar%23185!/:?]
	at java.util.concurrent.CompletableFuture$AsyncRun.run(CompletableFuture.java:1804) ~[?:?]
	at java.util.concurrent.CompletableFuture$AsyncRun.exec(CompletableFuture.java:1796) ~[?:?]
	at java.util.concurrent.ForkJoinTask.doExec(ForkJoinTask.java:373) ~[?:?]
	at java.util.concurrent.ForkJoinPool$WorkQueue.topLevelExec(ForkJoinPool.java:1182) ~[?:?]
	at java.util.concurrent.ForkJoinPool.scan(ForkJoinPool.java:1655) ~[?:?]
	at java.util.concurrent.ForkJoinPool.runWorker(ForkJoinPool.java:1622) ~[?:?]
	at java.util.concurrent.ForkJoinWorkerThread.run(ForkJoinWorkerThread.java:165) ~[?:?]
[06Mar2025 23:36:33.380] [main/DEBUG] [mixin/]: Mixing AccessorSmithingTrimRecipe from patchouli_xplat.mixins.json into net.minecraft.world.item.crafting.SmithingTrimRecipe
[06Mar2025 23:36:33.402] [main/ERROR] [net.minecraft.world.item.crafting.RecipeManager/]: Parsing error loading recipe butcher:skinningknifeknapping: com.google.gson.JsonSyntaxException: Invalid or unsupported recipe type 'tfc:knapping'
[06Mar2025 23:36:33.409] [main/DEBUG] [mixin/]: Mixing AccessorSmithingTransformRecipe from patchouli_xplat.mixins.json into net.minecraft.world.item.crafting.SmithingTransformRecipe
[06Mar2025 23:36:33.421] [main/ERROR] [net.minecraft.world.item.crafting.RecipeManager/]: Parsing error loading recipe butcher:plierknapping: com.google.gson.JsonSyntaxException: Invalid or unsupported recipe type 'tfc:knapping'
[06Mar2025 23:36:33.526] [main/ERROR] [net.minecraft.world.item.crafting.RecipeManager/]: Parsing error loading recipe butcher:plierjawrecipe: com.google.gson.JsonSyntaxException: Invalid or unsupported recipe type 'tfc:casting'
[06Mar2025 23:36:33.532] [main/ERROR] [net.minecraft.world.item.crafting.RecipeManager/]: Parsing error loading recipe butcher:cleaverblade: com.google.gson.JsonSyntaxException: Invalid or unsupported recipe type 'tfc:casting'
[06Mar2025 23:36:33.534] [main/ERROR] [net.minecraft.world.item.crafting.RecipeManager/]: Parsing error loading recipe butcher:skinningknifecrafting: com.google.gson.JsonSyntaxException: Invalid or unsupported recipe type 'tfc:advanced_shaped_crafting'
[06Mar2025 23:36:33.544] [main/ERROR] [net.minecraft.world.item.crafting.RecipeManager/]: Parsing error loading recipe butcher:fireskinningknifemold: com.google.gson.JsonSyntaxException: Invalid or unsupported recipe type 'tfc:heating'
[06Mar2025 23:36:33.553] [main/ERROR] [net.minecraft.world.item.crafting.RecipeManager/]: Parsing error loading recipe butcher:plieranviltfc: com.google.gson.JsonSyntaxException: Invalid or unsupported recipe type 'tfc:anvil'
[06Mar2025 23:36:33.557] [main/ERROR] [net.minecraft.world.item.crafting.RecipeManager/]: Parsing error loading recipe alexsdelight:barbecue_on_a_stick: com.google.gson.JsonSyntaxException: Unknown item 'amfd:singular_cooked_moose_rib'
[06Mar2025 23:36:33.601] [main/ERROR] [net.minecraft.world.item.crafting.RecipeManager/]: Parsing error loading recipe butcher:skinningknifebladerecipe: com.google.gson.JsonSyntaxException: Invalid or unsupported recipe type 'tfc:casting'
[06Mar2025 23:36:33.665] [main/ERROR] [net.minecraft.world.item.crafting.RecipeManager/]: Parsing error loading recipe butcher:crushedflowersrecipe: com.google.gson.JsonSyntaxException: Unknown item 'butcher:pestleandmortar'
[06Mar2025 23:36:33.686] [main/ERROR] [net.minecraft.world.item.crafting.RecipeManager/]: Parsing error loading recipe butcher:ironcleaveranviltfc: com.google.gson.JsonSyntaxException: Invalid or unsupported recipe type 'tfc:anvil'
[06Mar2025 23:36:33.709] [main/ERROR] [net.minecraft.world.item.crafting.RecipeManager/]: Parsing error loading recipe butcher:firecleavermold: com.google.gson.JsonSyntaxException: Invalid or unsupported recipe type 'tfc:heating'
[06Mar2025 23:36:33.710] [main/ERROR] [net.minecraft.world.item.crafting.RecipeManager/]: Parsing error loading recipe butcher:pliercrafting: com.google.gson.JsonSyntaxException: Invalid or unsupported recipe type 'tfc:advanced_shaped_crafting'
[06Mar2025 23:36:33.711] [main/ERROR] [net.minecraft.world.item.crafting.RecipeManager/]: Parsing error loading recipe butcher:skinningknifeanviltfc: com.google.gson.JsonSyntaxException: Invalid or unsupported recipe type 'tfc:anvil'
[06Mar2025 23:36:33.727] [main/ERROR] [net.minecraft.world.item.crafting.RecipeManager/]: Parsing error loading recipe butcher:firepliermold: com.google.gson.JsonSyntaxException: Invalid or unsupported recipe type 'tfc:heating'
[06Mar2025 23:36:33.730] [main/ERROR] [net.minecraft.world.item.crafting.RecipeManager/]: Parsing error loading recipe butcher:cleavercrafting: com.google.gson.JsonSyntaxException: Invalid or unsupported recipe type 'tfc:advanced_shaped_crafting'
[06Mar2025 23:36:33.730] [main/ERROR] [net.minecraft.world.item.crafting.RecipeManager/]: Parsing error loading recipe butcher:butcheryjar: com.google.gson.JsonSyntaxException: Invalid or unsupported recipe type 'tfc:glassworking'
[06Mar2025 23:36:33.735] [main/ERROR] [net.minecraft.world.item.crafting.RecipeManager/]: Parsing error loading recipe butcher:cleaverknapping: com.google.gson.JsonSyntaxException: Invalid or unsupported recipe type 'tfc:knapping'
[06Mar2025 23:36:33.740] [main/INFO] [net.minecraft.world.item.crafting.RecipeManager/]: Loaded 29 recipes
[06Mar2025 23:36:33.976] [main/INFO] [net.minecraft.advancements.AdvancementList/]: Loaded 2678 advancements
[06Mar2025 23:36:33.988] [main/INFO] [top.theillusivec4.curios.Curios/]: Loaded 10 curio slots
[06Mar2025 23:36:33.993] [main/INFO] [top.theillusivec4.curios.Curios/]: Loaded 1 curio entities
[06Mar2025 23:36:34.009] [main/INFO] [com.github.nyuppo.MoreMobVariants/]: Reloading config...
[06Mar2025 23:36:35.234] [main/DEBUG] [net.minecraftforge.common.ForgeHooks/WP]: Gathering id map for writing to world save world
[06Mar2025 23:36:35.273] [main/DEBUG] [net.minecraftforge.common.ForgeHooks/WP]: ID Map collection complete world
[06Mar2025 23:36:35.568] [Server thread/INFO] [net.minecraft.server.dedicated.DedicatedServer/]: Starting minecraft server version 1.20.1
[06Mar2025 23:36:35.577] [Server thread/INFO] [net.minecraft.server.dedicated.DedicatedServer/]: Loading properties
[06Mar2025 23:36:35.578] [Server thread/INFO] [net.minecraft.server.dedicated.DedicatedServer/]: Default game type: SURVIVAL
[06Mar2025 23:36:35.578] [Server thread/INFO] [net.minecraft.server.MinecraftServer/]: Generating keypair
[06Mar2025 23:36:35.709] [Server thread/INFO] [net.minecraft.server.dedicated.DedicatedServer/]: Starting Minecraft server on *:25565
[06Mar2025 23:36:35.710] [Server thread/DEBUG] [net.minecraftforge.network.DualStackUtils/]: Detected IPv6 address: "0:0:0:0:0:0:0:0"
[06Mar2025 23:36:35.721] [Server thread/DEBUG] [io.netty.util.internal.NativeLibraryLoader/]: -Dio.netty.native.workdir: /tmp (io.netty.tmpdir)
[06Mar2025 23:36:35.725] [Server thread/DEBUG] [io.netty.util.internal.NativeLibraryLoader/]: -Dio.netty.native.deleteLibAfterLoading: true
[06Mar2025 23:36:35.725] [Server thread/DEBUG] [io.netty.util.internal.NativeLibraryLoader/]: -Dio.netty.native.tryPatchShadedId: true
[06Mar2025 23:36:35.725] [Server thread/DEBUG] [io.netty.util.internal.NativeLibraryLoader/]: -Dio.netty.native.detectNativeLibraryDuplicates: true
[06Mar2025 23:36:35.737] [Server thread/DEBUG] [io.netty.util.internal.NativeLibraryLoader/]: Successfully loaded the library /tmp/libnetty_transport_native_epoll_x86_6412646325623339203427.so
[06Mar2025 23:36:35.748] [Server thread/DEBUG] [io.netty.util.NetUtil/]: -Djava.net.preferIPv4Stack: false
[06Mar2025 23:36:35.748] [Server thread/DEBUG] [io.netty.util.NetUtil/]: -Djava.net.preferIPv6Addresses: true
[06Mar2025 23:36:35.749] [Server thread/DEBUG] [io.netty.util.NetUtilInitializations/]: Loopback interface: lo (lo, 0:0:0:0:0:0:0:1%lo)
[06Mar2025 23:36:35.750] [Server thread/DEBUG] [io.netty.util.NetUtil/]: /proc/sys/net/core/somaxconn: 4096
[06Mar2025 23:36:35.754] [Server thread/INFO] [net.minecraft.server.network.ServerConnectionListener/]: Using epoll channel type
[06Mar2025 23:36:35.813] [Server thread/DEBUG] [io.netty.channel.MultithreadEventLoopGroup/]: -Dio.netty.eventLoopThreads: 4
[06Mar2025 23:36:35.831] [Server thread/DEBUG] [io.netty.util.internal.InternalThreadLocalMap/]: -Dio.netty.threadLocalMap.stringBuilder.initialSize: 1024
[06Mar2025 23:36:35.831] [Server thread/DEBUG] [io.netty.util.internal.InternalThreadLocalMap/]: -Dio.netty.threadLocalMap.stringBuilder.maxSize: 4096
[06Mar2025 23:36:35.841] [Server thread/DEBUG] [io.netty.util.internal.PlatformDependent/]: org.jctools-core.MpscChunkedArrayQueue: available
[06Mar2025 23:36:35.852] [Server thread/DEBUG] [io.netty.channel.DefaultChannelId/]: -Dio.netty.processId: 28289 (auto-detected)
[06Mar2025 23:36:35.853] [Server thread/DEBUG] [io.netty.channel.DefaultChannelId/]: -Dio.netty.machineId: 7c:1e:52:ff:fe:6d:d2:c0 (auto-detected)
[06Mar2025 23:36:35.913] [Server thread/DEBUG] [io.netty.buffer.PooledByteBufAllocator/]: -Dio.netty.allocator.numHeapArenas: 4
[06Mar2025 23:36:35.913] [Server thread/DEBUG] [io.netty.buffer.PooledByteBufAllocator/]: -Dio.netty.allocator.numDirectArenas: 4
[06Mar2025 23:36:35.913] [Server thread/DEBUG] [io.netty.buffer.PooledByteBufAllocator/]: -Dio.netty.allocator.pageSize: 8192
[06Mar2025 23:36:35.913] [Server thread/DEBUG] [io.netty.buffer.PooledByteBufAllocator/]: -Dio.netty.allocator.maxOrder: 9
[06Mar2025 23:36:35.914] [Server thread/DEBUG] [io.netty.buffer.PooledByteBufAllocator/]: -Dio.netty.allocator.chunkSize: 4194304
[06Mar2025 23:36:35.914] [Server thread/DEBUG] [io.netty.buffer.PooledByteBufAllocator/]: -Dio.netty.allocator.smallCacheSize: 256
[06Mar2025 23:36:35.914] [Server thread/DEBUG] [io.netty.buffer.PooledByteBufAllocator/]: -Dio.netty.allocator.normalCacheSize: 64
[06Mar2025 23:36:35.914] [Server thread/DEBUG] [io.netty.buffer.PooledByteBufAllocator/]: -Dio.netty.allocator.maxCachedBufferCapacity: 32768
[06Mar2025 23:36:35.914] [Server thread/DEBUG] [io.netty.buffer.PooledByteBufAllocator/]: -Dio.netty.allocator.cacheTrimInterval: 8192
[06Mar2025 23:36:35.914] [Server thread/DEBUG] [io.netty.buffer.PooledByteBufAllocator/]: -Dio.netty.allocator.cacheTrimIntervalMillis: 0
[06Mar2025 23:36:35.914] [Server thread/DEBUG] [io.netty.buffer.PooledByteBufAllocator/]: -Dio.netty.allocator.useCacheForAllThreads: false
[06Mar2025 23:36:35.914] [Server thread/DEBUG] [io.netty.buffer.PooledByteBufAllocator/]: -Dio.netty.allocator.maxCachedByteBuffersPerChunk: 1023
[06Mar2025 23:36:35.922] [Server thread/DEBUG] [io.netty.buffer.ByteBufUtil/]: -Dio.netty.allocator.type: pooled
[06Mar2025 23:36:35.922] [Server thread/DEBUG] [io.netty.buffer.ByteBufUtil/]: -Dio.netty.threadLocalDirectBufferSize: 0
[06Mar2025 23:36:35.922] [Server thread/DEBUG] [io.netty.buffer.ByteBufUtil/]: -Dio.netty.maxThreadLocalCharBufferSize: 16384
[06Mar2025 23:36:35.932] [Server thread/WARN] [net.minecraft.server.dedicated.DedicatedServer/]: **** SERVER IS RUNNING IN OFFLINE/INSECURE MODE!
[06Mar2025 23:36:35.932] [Server thread/WARN] [net.minecraft.server.dedicated.DedicatedServer/]: The server will make no attempt to authenticate usernames. Beware.
[06Mar2025 23:36:35.932] [Server thread/WARN] [net.minecraft.server.dedicated.DedicatedServer/]: While this makes the game possible to play without internet access, it also opens up the ability for hackers to connect with any username they choose.
[06Mar2025 23:36:35.933] [Server thread/WARN] [net.minecraft.server.dedicated.DedicatedServer/]: To change this, set "online-mode" to "true" in the server.properties file.
[06Mar2025 23:36:35.946] [Server thread/DEBUG] [net.minecraftforge.fml.config.ConfigTracker/CONFIG]: Loading configs type SERVER
[06Mar2025 23:36:35.947] [Server thread/DEBUG] [net.minecraftforge.fml.config.ConfigFileTypeHandler/CONFIG]: Built TOML config for ./world/serverconfig/recrafted_creatures-server.toml
[06Mar2025 23:36:35.947] [Server thread/DEBUG] [net.minecraftforge.fml.config.ConfigFileTypeHandler/CONFIG]: Loaded TOML config file ./world/serverconfig/recrafted_creatures-server.toml
[06Mar2025 23:36:35.947] [Server thread/DEBUG] [net.minecraftforge.fml.config.ConfigFileTypeHandler/CONFIG]: Watching TOML config file ./world/serverconfig/recrafted_creatures-server.toml for changes
[06Mar2025 23:36:35.948] [Server thread/DEBUG] [net.minecraftforge.fml.config.ConfigFileTypeHandler/CONFIG]: Built TOML config for ./world/serverconfig/curios-server.toml
[06Mar2025 23:36:35.948] [Server thread/DEBUG] [net.minecraftforge.fml.config.ConfigFileTypeHandler/CONFIG]: Loaded TOML config file ./world/serverconfig/curios-server.toml
[06Mar2025 23:36:35.949] [Server thread/DEBUG] [net.minecraftforge.fml.config.ConfigFileTypeHandler/CONFIG]: Watching TOML config file ./world/serverconfig/curios-server.toml for changes
[06Mar2025 23:36:35.949] [Server thread/DEBUG] [net.minecraftforge.fml.config.ConfigFileTypeHandler/CONFIG]: Built TOML config for ./world/serverconfig/gravestone-server.toml
[06Mar2025 23:36:35.949] [Server thread/DEBUG] [net.minecraftforge.fml.config.ConfigFileTypeHandler/CONFIG]: Loaded TOML config file ./world/serverconfig/gravestone-server.toml
[06Mar2025 23:36:35.950] [Server thread/DEBUG] [net.minecraftforge.fml.config.ConfigFileTypeHandler/CONFIG]: Watching TOML config file ./world/serverconfig/gravestone-server.toml for changes
[06Mar2025 23:36:35.952] [Server thread/DEBUG] [net.minecraftforge.fml.config.ConfigFileTypeHandler/CONFIG]: Built TOML config for ./world/serverconfig/jei-server.toml
[06Mar2025 23:36:35.952] [Server thread/DEBUG] [net.minecraftforge.fml.config.ConfigFileTypeHandler/CONFIG]: Loaded TOML config file ./world/serverconfig/jei-server.toml
[06Mar2025 23:36:35.953] [Server thread/DEBUG] [net.minecraftforge.fml.config.ConfigFileTypeHandler/CONFIG]: Watching TOML config file ./world/serverconfig/jei-server.toml for changes
[06Mar2025 23:36:35.953] [Server thread/DEBUG] [net.minecraftforge.fml.config.ConfigFileTypeHandler/CONFIG]: Built TOML config for ./world/serverconfig/paraglider-server.toml
[06Mar2025 23:36:35.954] [Server thread/DEBUG] [net.minecraftforge.fml.config.ConfigFileTypeHandler/CONFIG]: Loaded TOML config file ./world/serverconfig/paraglider-server.toml
[06Mar2025 23:36:35.954] [Server thread/DEBUG] [net.minecraftforge.fml.config.ConfigFileTypeHandler/CONFIG]: Watching TOML config file ./world/serverconfig/paraglider-server.toml for changes
[06Mar2025 23:36:35.957] [Server thread/DEBUG] [net.minecraftforge.fml.config.ConfigFileTypeHandler/CONFIG]: Built TOML config for ./world/serverconfig/forge-server.toml
[06Mar2025 23:36:35.957] [Server thread/DEBUG] [net.minecraftforge.fml.config.ConfigFileTypeHandler/CONFIG]: Loaded TOML config file ./world/serverconfig/forge-server.toml
[06Mar2025 23:36:35.957] [Server thread/DEBUG] [net.minecraftforge.fml.config.ConfigFileTypeHandler/CONFIG]: Watching TOML config file ./world/serverconfig/forge-server.toml for changes
[06Mar2025 23:36:35.957] [Server thread/DEBUG] [net.minecraftforge.common.ForgeConfig/FORGEMOD]: Loaded forge config file forge-server.toml
[06Mar2025 23:36:36.272] [Server thread/DEBUG] [Paraglider/]: Start adding village structures
[06Mar2025 23:36:36.273] [Server thread/DEBUG] [Paraglider/]: Added 2 elements to template pool 'minecraft:village/desert/houses'
[06Mar2025 23:36:36.273] [Server thread/DEBUG] [Paraglider/]: Added 2 elements to template pool 'minecraft:village/plains/houses'
[06Mar2025 23:36:36.273] [Server thread/DEBUG] [Paraglider/]: Added 2 elements to template pool 'minecraft:village/savanna/houses'
[06Mar2025 23:36:36.273] [Server thread/DEBUG] [Paraglider/]: Added 1 elements to template pool 'minecraft:village/snowy/houses'
[06Mar2025 23:36:36.273] [Server thread/DEBUG] [Paraglider/]: Added 2 elements to template pool 'minecraft:village/taiga/houses'
[06Mar2025 23:36:36.273] [Server thread/DEBUG] [Paraglider/]: Finished adding village structures
[06Mar2025 23:36:36.275] [Server thread/INFO] [Framework/]: Loading server configs...
[06Mar2025 23:36:36.281] [Server thread/DEBUG] [Framework/]: Watching config: /workspaces/manganeso/servidor_minecraft/config/refurbished_furniture.server.toml
[06Mar2025 23:36:36.282] [Server thread/DEBUG] [Framework/]: Watching config: /workspaces/manganeso/servidor_minecraft/config/backpacked.server.toml
[06Mar2025 23:36:36.304] [Server thread/INFO] [terrablender/]: Initialized TerraBlender biomes for level stem minecraft:the_nether
[06Mar2025 23:36:36.619] [Server thread/INFO] [terrablender/]: Initialized TerraBlender biomes for level stem minecraft:overworld
[06Mar2025 23:36:36.622] [Server thread/INFO] [net.minecraft.server.dedicated.DedicatedServer/]: Preparing level "world"
[06Mar2025 23:36:36.623] [Server thread/DEBUG] [mixin/]: Mixing feature.branding.BrandingControlMixin from modernfix-forge.mixins.json into net.minecraftforge.internal.BrandingControl
[06Mar2025 23:36:36.633] [Server thread/DEBUG] [net.minecraftforge.coremod.transformer.CoreModBaseTransformer/COREMOD]: Transforming net/minecraft/world/level/levelgen/PhantomSpawner
[06Mar2025 23:36:36.659] [Server thread/DEBUG] [net.minecraftforge.coremod.transformer.CoreModBaseTransformer/COREMOD]: Transforming net/minecraft/world/level/levelgen/PatrolSpawner
[06Mar2025 23:36:36.674] [Server thread/DEBUG] [net.minecraftforge.coremod.transformer.CoreModBaseTransformer/COREMOD]: Transforming net/minecraft/world/entity/npc/CatSpawner
[06Mar2025 23:36:36.688] [Server thread/DEBUG] [net.minecraftforge.coremod.transformer.CoreModBaseTransformer/COREMOD]: Transforming net/minecraft/world/entity/ai/village/VillageSiege
[06Mar2025 23:36:36.717] [Server thread/DEBUG] [mixin/]: Mixing WanderingTraderManagerMixin from vinery-common.mixins.json into net.minecraft.world.entity.npc.WanderingTraderSpawner
[06Mar2025 23:36:36.718] [Server thread/DEBUG] [mixin/]: Renaming synthetic method lambda$trySpawn$1(Lnet/minecraft/core/BlockPos;)Z to md7fd833$lambda$trySpawn$1$0 in vinery-common.mixins.json:WanderingTraderManagerMixin
[06Mar2025 23:36:36.718] [Server thread/DEBUG] [mixin/]: Renaming synthetic method lambda$trySpawn$0(Lnet/minecraft/core/Holder;)Z to md7fd833$lambda$trySpawn$0$1 in vinery-common.mixins.json:WanderingTraderManagerMixin
[06Mar2025 23:36:36.731] [Server thread/DEBUG] [mixin/]: Mixing RandomTickMixin from mixins.recrafted_creatures.json into net.minecraft.server.level.ServerChunkCache
[06Mar2025 23:36:36.731] [Server thread/DEBUG] [mixin/]: Renaming synthetic method lambda$recraftedcreatures$tickChunk$0(Lnet/minecraft/world/level/chunk/LevelChunk;Lnet/minecraft/server/level/ServerLevel;ILio/github/itskillerluc/recrafted_creatures/capability/IExtraTick;)V to md7fd833$lambda$recraftedcreatures$tickChunk$0$0 in mixins.recrafted_creatures.json:RandomTickMixin
[06Mar2025 23:36:36.732] [Server thread/DEBUG] [mixin/]: Mixing alloc.chunk_ticking.ServerChunkCacheMixin from canary.mixins.json into net.minecraft.server.level.ServerChunkCache
[06Mar2025 23:36:36.733] [Server thread/DEBUG] [mixin/]: Mixing chunk.replace_streams.servercore_compat.ServerChunkCacheMixin from canary.mixins.json into net.minecraft.server.level.ServerChunkCache
[06Mar2025 23:36:36.733] [Server thread/DEBUG] [mixin/]: Mixing world.chunk_access.ServerChunkCacheMixin from canary.mixins.json into net.minecraft.server.level.ServerChunkCache
[06Mar2025 23:36:36.734] [Server thread/DEBUG] [mixin/]: Renaming synthetic method lambda$getChunkOffThread$0(IILnet/minecraft/world/level/chunk/ChunkStatus;Z)Lnet/minecraft/world/level/chunk/ChunkAccess; to md7fd833$lambda$getChunkOffThread$0$1 in canary.mixins.json:world.chunk_access.ServerChunkCacheMixin
[06Mar2025 23:36:36.740] [Server thread/DEBUG] [mixin/]: Mixing bugfix.chunk_deadlock.ServerChunkCache_CurrentLoadingMixin from modernfix-forge.mixins.json into net.minecraft.server.level.ServerChunkCache
[06Mar2025 23:36:36.776] [Server thread/DEBUG] [mixin/]: Mixing collections.entity_ticking.EntityTickListMixin from canary.mixins.json into net.minecraft.world.level.entity.EntityTickList
[06Mar2025 23:36:36.783] [Server thread/DEBUG] [mixin/]: Mixing world.tick_scheduler.LevelChunkTicksMixin from canary.mixins.json into net.minecraft.world.ticks.LevelChunkTicks
[06Mar2025 23:36:36.783] [Server thread/DEBUG] [mixin/]: Renaming synthetic method lambda$queueTick$0(J)Lcom/abdelaziz/canary/common/world/scheduler/OrderedTickQueue; to md7fd833$lambda$queueTick$0$0 in canary.mixins.json:world.tick_scheduler.LevelChunkTicksMixin
[06Mar2025 23:36:36.829] [Server thread/DEBUG] [mixin/]: Mixing ai.replace_streams.storage.PersistentEntitySectionManagerMixin from canary.mixins.json into net.minecraft.world.level.entity.PersistentEntitySectionManager
[06Mar2025 23:36:36.830] [Server thread/DEBUG] [mixin/]: Renaming synthetic method lambda$processChunkUnload$0(Lnet/minecraft/world/level/entity/EntityAccess;)V to md7fd833$lambda$processChunkUnload$0$0 in canary.mixins.json:ai.replace_streams.storage.PersistentEntitySectionManagerMixin
[06Mar2025 23:36:36.834] [Server thread/DEBUG] [mixin/]: Mixing util.accessors.PersistentEntitySectionManagerAccessor from canary.mixins.json into net.minecraft.world.level.entity.PersistentEntitySectionManager
[06Mar2025 23:36:36.841] [Server thread/DEBUG] [mixin/]: Mixing entity.inactive_navigations.EntityCallbacksMixin from canary.mixins.json into net.minecraft.server.level.ServerLevel$EntityCallbacks
[06Mar2025 23:36:36.845] [Server thread/DEBUG] [mixin/]: Mixing entity.fast_retrieval.EntitySectionStorageMixin from canary.mixins.json into net.minecraft.world.level.entity.EntitySectionStorage
[06Mar2025 23:36:36.846] [Server thread/DEBUG] [mixin/]: Mixing util.entity_movement_tracking.EntitySectionStorageMixin from canary.mixins.json into net.minecraft.world.level.entity.EntitySectionStorage
[06Mar2025 23:36:36.849] [Server thread/DEBUG] [mixin/]: Mixing util.entity_section_position.EntitySectionStorageMixin from canary.mixins.json into net.minecraft.world.level.entity.EntitySectionStorage
[06Mar2025 23:36:36.862] [Server thread/DEBUG] [mixin/]: Mixing perf.ticking_chunk_alloc.ChunkHolderMixin from modernfix-common.mixins.json into net.minecraft.server.level.ChunkHolder
[06Mar2025 23:36:36.863] [Server thread/DEBUG] [mixin/]: Mixing chunk.replace_streams.ChunkHolderMixin from canary.mixins.json into net.minecraft.server.level.ChunkHolder
[06Mar2025 23:36:36.863] [Server thread/DEBUG] [mixin/]: Mixing world.chunk_access.ChunkHolderMixin from canary.mixins.json into net.minecraft.server.level.ChunkHolder
[06Mar2025 23:36:36.872] [Server thread/DEBUG] [mixin/]: Mixing bugfix.paper_chunk_patches.ChunkMapMixin from modernfix-common.mixins.json into net.minecraft.server.level.ChunkMap
[06Mar2025 23:36:36.872] [Server thread/DEBUG] [mixin/]: Renaming synthetic method lambda$useLegacySchedulingLogic$1(Lnet/minecraft/world/level/chunk/ChunkStatus;Lnet/minecraft/world/level/ChunkPos;Lnet/minecraft/server/level/ChunkHolder;Lcom/mojang/datafixers/util/Either;)Ljava/util/concurrent/CompletionStage; to md7fd833$lambda$useLegacySchedulingLogic$1$0 in modernfix-common.mixins.json:bugfix.paper_chunk_patches.ChunkMapMixin
[06Mar2025 23:36:36.873] [Server thread/DEBUG] [mixin/]: Renaming synthetic method lambda$useLegacySchedulingLogic$0(Lnet/minecraft/server/level/ChunkHolder;Lnet/minecraft/world/level/chunk/ChunkAccess;)Ljava/util/concurrent/CompletableFuture; to md7fd833$lambda$useLegacySchedulingLogic$0$1 in modernfix-common.mixins.json:bugfix.paper_chunk_patches.ChunkMapMixin
[06Mar2025 23:36:36.874] [Server thread/DEBUG] [mixin/]: Mixing bugfix.chunk_deadlock.ChunkMapLoadMixin from modernfix-forge.mixins.json into net.minecraft.server.level.ChunkMap
[06Mar2025 23:36:36.895] [Server thread/DEBUG] [mixin/]: Mixing chunk.replace_streams.DistanceManagerMixin from canary.mixins.json into net.minecraft.server.level.DistanceManager
[06Mar2025 23:36:37.126] [Server thread/DEBUG] [mixin/]: Mixing perf.cache_strongholds.ChunkGeneratorMixin from modernfix-common.mixins.json into net.minecraft.world.level.chunk.ChunkGeneratorStructureState
[06Mar2025 23:36:37.137] [Server thread/DEBUG] [mixin/]: Renaming synthetic method lambda$saveCachedData$0(Ljava/util/List;)Ljava/util/List; to md7fd833$lambda$saveCachedData$0$0 in modernfix-common.mixins.json:perf.cache_strongholds.ChunkGeneratorMixin
[06Mar2025 23:36:37.174] [Server thread/DEBUG] [mixin/]: Mixing chunk.no_validation.SimpleBitStorageMixin from canary.mixins.json into net.minecraft.util.SimpleBitStorage
[06Mar2025 23:36:37.174] [Server thread/DEBUG] [mixin/]: Mixing chunk.serialization.SimpleBitStorageMixin from canary.mixins.json into net.minecraft.util.SimpleBitStorage
[06Mar2025 23:36:37.191] [Server thread/DEBUG] [mixin/]: Mixing ai.poi.PoiManagerMixin from canary.mixins.json into net.minecraft.world.entity.ai.village.poi.PoiManager
[06Mar2025 23:36:37.192] [Server thread/DEBUG] [mixin/]: Renaming synthetic method lambda$withinSphereChunkSectionSorted$6(Lnet/minecraft/core/BlockPos;DLjava/util/ArrayList;Lnet/minecraft/world/entity/ai/village/poi/PoiRecord;)V to md7fd833$lambda$withinSphereChunkSectionSorted$6$0 in canary.mixins.json:ai.poi.PoiManagerMixin
[06Mar2025 23:36:37.193] [Server thread/DEBUG] [mixin/]: Renaming synthetic method lambda$withinSphereChunkSectionSortedStream$5(Ljava/util/function/Predicate;Lnet/minecraft/world/entity/ai/village/poi/PoiManager$Occupancy;Lnet/minecraft/core/BlockPos;DLjava/util/stream/Stream;)Ljava/util/stream/Stream; to md7fd833$lambda$withinSphereChunkSectionSortedStream$5$1 in canary.mixins.json:ai.poi.PoiManagerMixin
[06Mar2025 23:36:37.193] [Server thread/DEBUG] [mixin/]: Renaming synthetic method lambda$withinSphereChunkSectionSortedStream$4(Ljava/util/function/Predicate;Lnet/minecraft/world/entity/ai/village/poi/PoiManager$Occupancy;Lnet/minecraft/core/BlockPos;DLnet/minecraft/world/entity/ai/village/poi/PoiSection;)Ljava/util/stream/Stream; to md7fd833$lambda$withinSphereChunkSectionSortedStream$4$2 in canary.mixins.json:ai.poi.PoiManagerMixin
[06Mar2025 23:36:37.193] [Server thread/DEBUG] [mixin/]: Renaming synthetic method lambda$withinSphereChunkSectionSortedStream$3(Lnet/minecraft/core/BlockPos;DLnet/minecraft/world/entity/ai/village/poi/PoiRecord;)Z to md7fd833$lambda$withinSphereChunkSectionSortedStream$3$3 in canary.mixins.json:ai.poi.PoiManagerMixin
[06Mar2025 23:36:37.193] [Server thread/DEBUG] [mixin/]: Renaming synthetic method lambda$findNearestForPortalLogic$2(Lnet/minecraft/world/level/border/WorldBorder;Ljava/util/function/Predicate;Lnet/minecraft/world/entity/ai/village/poi/PoiRecord;)Z to md7fd833$lambda$findNearestForPortalLogic$2$4 in canary.mixins.json:ai.poi.PoiManagerMixin
[06Mar2025 23:36:37.193] [Server thread/DEBUG] [mixin/]: Renaming synthetic method lambda$findClosest$1(Ljava/util/function/Predicate;Lnet/minecraft/world/entity/ai/village/poi/PoiRecord;)Z to md7fd833$lambda$findClosest$1$5 in canary.mixins.json:ai.poi.PoiManagerMixin
[06Mar2025 23:36:37.193] [Server thread/DEBUG] [mixin/]: Renaming synthetic method lambda$getInChunk$0(Ljava/util/function/Predicate;Lnet/minecraft/world/entity/ai/village/poi/PoiManager$Occupancy;Lnet/minecraft/world/entity/ai/village/poi/PoiSection;)Ljava/util/stream/Stream; to md7fd833$lambda$getInChunk$0$6 in canary.mixins.json:ai.poi.PoiManagerMixin
[06Mar2025 23:36:37.197] [Server thread/DEBUG] [mixin/]: Mixing ai.poi.fast_portals.PoiManagerMixin from canary.mixins.json into net.minecraft.world.entity.ai.village.poi.PoiManager
[06Mar2025 23:36:37.212] [Server thread/DEBUG] [mixin/]: Mixing ai.poi.SectionStorageMixin from canary.mixins.json into net.minecraft.world.level.chunk.storage.SectionStorage
[06Mar2025 23:36:37.212] [Server thread/DEBUG] [mixin/]: Renaming synthetic method lambda$getInChunkColumn$0(Ljava/util/BitSet;Lit/unimi/dsi/fastutil/longs/Long2ObjectMap;ILnet/minecraft/world/level/LevelHeightAccessor;I)Ljava/util/Iterator; to md7fd833$lambda$getInChunkColumn$0$0 in canary.mixins.json:ai.poi.SectionStorageMixin
[06Mar2025 23:36:37.222] [Server thread/DEBUG] [mixin/]: Mixing ai.poi.PoiSectionMixin from canary.mixins.json into net.minecraft.world.entity.ai.village.poi.PoiSection
[06Mar2025 23:36:37.223] [Server thread/DEBUG] [mixin/]: Renaming synthetic method lambda$computeIfAbsent$0(Ljava/lang/Object;)Ljava/lang/Object; to md7fd833$lambda$computeIfAbsent$0$0 in canary.mixins.json:ai.poi.PoiSectionMixin
[06Mar2025 23:36:37.236] [Server thread/DEBUG] [mixin/]: Mixing ai.poi.fast_portals.PortalForcerMixin from canary.mixins.json into net.minecraft.world.level.portal.PortalForcer
[06Mar2025 23:36:37.236] [Server thread/DEBUG] [mixin/]: Renaming synthetic method lambda$findPortalAround$2(Lnet/minecraft/world/entity/ai/village/poi/PoiRecord;)Lnet/minecraft/BlockUtil$FoundRectangle; to md7fd833$lambda$findPortalAround$2$0 in canary.mixins.json:ai.poi.fast_portals.PortalForcerMixin
[06Mar2025 23:36:37.236] [Server thread/DEBUG] [mixin/]: Renaming synthetic method lambda$findPortalAround$1(Lnet/minecraft/world/level/block/state/BlockState;Lnet/minecraft/core/BlockPos;)Z to md7fd833$lambda$findPortalAround$1$1 in canary.mixins.json:ai.poi.fast_portals.PortalForcerMixin
[06Mar2025 23:36:37.236] [Server thread/DEBUG] [mixin/]: Renaming synthetic method lambda$findPortalAround$0(Lnet/minecraft/world/entity/ai/village/poi/PoiRecord;)Z to md7fd833$lambda$findPortalAround$0$2 in canary.mixins.json:ai.poi.fast_portals.PortalForcerMixin
[06Mar2025 23:36:37.261] [Server thread/DEBUG] [mixin/]: Mixing perf.faster_structure_location.StructureCheckMixin from modernfix-common.mixins.json into net.minecraft.world.level.levelgen.structure.StructureCheck
[06Mar2025 23:36:37.263] [Server thread/DEBUG] [net.minecraftforge.coremod.transformer.CoreModBaseTransformer/COREMOD]: Transforming net/minecraft/world/level/levelgen/structure/Structure
[06Mar2025 23:36:37.293] [Server thread/DEBUG] [ModernFix/]: Loaded stronghold cache for dimension minecraft:overworld with 128 positions
[06Mar2025 23:36:37.381] [Server thread/INFO] [net.minecraft.server.MinecraftServer/]: Preparing start region for dimension minecraft:overworld
[06Mar2025 23:36:37.385] [Server thread/DEBUG] [mixin/]: Mixing bugfix.paper_chunk_patches.SortedArraySetMixin from modernfix-common.mixins.json into net.minecraft.util.SortedArraySet
[06Mar2025 23:36:37.386] [Server thread/DEBUG] [mixin/]: Mixing world.chunk_tickets.SortedArraySetMixin from canary.mixins.json into net.minecraft.util.SortedArraySet
[06Mar2025 23:36:37.387] [Server thread/WARN] [mixin/]: Method overwrite conflict for removeIf in canary.mixins.json:world.chunk_tickets.SortedArraySetMixin, previously written by org.embeddedt.modernfix.common.mixin.bugfix.paper_chunk_patches.SortedArraySetMixin. Skipping method.
[06Mar2025 23:36:37.388] [Server thread/DEBUG] [mixin/]: Unexpected: Registered method removeIf(Ljava/util/function/Predicate;)Z in net.minecraft.util.SortedArraySet was not merged
[06Mar2025 23:36:37.633] [Server thread/DEBUG] [mixin/]: Mixing MixinChunkSerializer from architectury.mixins.json into net.minecraft.world.level.chunk.storage.ChunkSerializer
[06Mar2025 23:36:37.647] [Server thread/DEBUG] [mixin/]: Mixing chunk.palette.PalettedContainerMixin from canary.mixins.json into net.minecraft.world.level.chunk.PalettedContainer$Strategy
[06Mar2025 23:36:37.652] [Server thread/DEBUG] [mixin/]: Generating mapped inner class net/minecraft/world/level/chunk/PalettedContainer$Strategy$Anonymous$21022bf822da400cadd4657b063f7c94 (originally com/abdelaziz/canary/mixin/chunk/palette/PalettedContainerMixin$1)
[06Mar2025 23:36:37.658] [Server thread/DEBUG] [mixin/]: Generating mapped inner class net/minecraft/world/level/chunk/PalettedContainer$Strategy$Anonymous$e2b82da3fdc04c8988c75ccb5a2f4bd2 (originally com/abdelaziz/canary/mixin/chunk/palette/PalettedContainerMixin$2)
[06Mar2025 23:36:37.664] [Server thread/DEBUG] [mixin/]: Mixing perf.compact_bit_storage.PalettedContainerMixin from modernfix-common.mixins.json into net.minecraft.world.level.chunk.PalettedContainer
[06Mar2025 23:36:37.668] [Server thread/DEBUG] [mixin/]: Mixing chunk.serialization.PalettedContainerMixin from canary.mixins.json into net.minecraft.world.level.chunk.PalettedContainer
[06Mar2025 23:36:37.670] [Server thread/DEBUG] [mixin/]: Renaming synthetic method lambda$count$2([SI)V to md7fd833$lambda$count$2$0 in canary.mixins.json:chunk.serialization.PalettedContainerMixin
[06Mar2025 23:36:37.670] [Server thread/DEBUG] [mixin/]: Renaming synthetic method lambda$static$1()[S to md7fd833$lambda$static$1$1 in canary.mixins.json:chunk.serialization.PalettedContainerMixin
[06Mar2025 23:36:37.670] [Server thread/DEBUG] [mixin/]: Renaming synthetic method lambda$static$0()[S to md7fd833$lambda$static$0$2 in canary.mixins.json:chunk.serialization.PalettedContainerMixin
[06Mar2025 23:36:37.751] [Server thread/DEBUG] [mixin/]: Mixing chunk.no_validation.ZeroBitStorageMixin from canary.mixins.json into net.minecraft.util.ZeroBitStorage
[06Mar2025 23:36:38.132] [Server thread/DEBUG] [mixin/]: Mixing accessor.BoundingBoxAccessor from yungsapi.mixins.json into net.minecraft.world.level.levelgen.structure.BoundingBox
[06Mar2025 23:36:38.143] [Server thread/DEBUG] [ModernFix/]: Using cached upgraded version of paraglider:underground_horned_statue
[06Mar2025 23:36:38.144] [Server thread/DEBUG] [net.minecraftforge.coremod.transformer.CoreModBaseTransformer/COREMOD]: Transforming net/minecraft/world/level/levelgen/structure/templatesystem/StructureTemplate
[06Mar2025 23:36:38.254] [Server thread/DEBUG] [mixin/]: Mixing structures.StructureTemplateMixin from mvs-common.mixins.json into net.minecraft.world.level.levelgen.structure.templatesystem.StructureTemplate
[06Mar2025 23:36:38.260] [Server thread/DEBUG] [mixin/]: Renaming synthetic method lambda$mvs_preventAutoWaterlogging$0(Lnet/minecraft/world/level/levelgen/structure/templatesystem/StructureProcessor;)Z to md7fd833$lambda$mvs_preventAutoWaterlogging$0$0 in mvs-common.mixins.json:structures.StructureTemplateMixin
[06Mar2025 23:36:38.261] [Server thread/DEBUG] [mixin/]: Mixing structures.TemplateAccessor from mvs-common.mixins.json into net.minecraft.world.level.levelgen.structure.templatesystem.StructureTemplate
[06Mar2025 23:36:38.262] [Server thread/DEBUG] [mixin/]: Mixing MixinStructureTemplate from lootr.mixins.json into net.minecraft.world.level.levelgen.structure.templatesystem.StructureTemplate
[06Mar2025 23:36:38.276] [Server thread/DEBUG] [mixin/]: Mixing perf.cache_blockstate_cache_arrays.AbstractBlockStateCacheMixin from modernfix-common.mixins.json into net.minecraft.world.level.block.state.BlockBehaviour$BlockStateBase$Cache
[06Mar2025 23:36:38.276] [Server thread/DEBUG] [mixin/]: Mixing BlockStateCacheMixin from ferritecore.blockstatecache.mixin.json into net.minecraft.world.level.block.state.BlockBehaviour$BlockStateBase$Cache
[06Mar2025 23:36:38.286] [Server thread/DEBUG] [mixin/]: Mixing ai.pathing.WalkNodeEvaluatorMixin from canary.mixins.json into net.minecraft.world.level.pathfinder.WalkNodeEvaluator
[06Mar2025 23:36:38.293] [Server thread/DEBUG] [mixin/]: Mixing SubShapeAccess from ferritecore.blockstatecache.mixin.json into net.minecraft.world.phys.shapes.SubShape
[06Mar2025 23:36:38.885] [Server thread/DEBUG] [ModernFix/]: Using cached upgraded version of mvs:well/wells/dark_oak_well
[06Mar2025 23:36:39.338] [Server thread/DEBUG] [ModernFix/]: Using cached upgraded version of plenty_of_golems:amethyst_ruins
[06Mar2025 23:36:40.158] [Server thread/INFO] [net.minecraft.server.level.progress.LoggerChunkProgressListener/]: Preparing spawn area: 0%
[06Mar2025 23:36:40.160] [Server thread/INFO] [net.minecraft.server.level.progress.LoggerChunkProgressListener/]: Preparing spawn area: 0%
[06Mar2025 23:36:40.168] [Server thread/INFO] [net.minecraft.server.level.progress.LoggerChunkProgressListener/]: Preparing spawn area: 0%
[06Mar2025 23:36:40.169] [Server thread/INFO] [net.minecraft.server.level.progress.LoggerChunkProgressListener/]: Preparing spawn area: 0%
[06Mar2025 23:36:40.170] [Server thread/INFO] [net.minecraft.server.level.progress.LoggerChunkProgressListener/]: Preparing spawn area: 0%
[06Mar2025 23:36:40.173] [Server thread/INFO] [net.minecraft.server.level.progress.LoggerChunkProgressListener/]: Preparing spawn area: 0%
[06Mar2025 23:36:40.396] [Server thread/INFO] [net.minecraft.server.level.progress.LoggerChunkProgressListener/]: Preparing spawn area: 0%
[06Mar2025 23:36:40.884] [Worker-Main-1/INFO] [net.minecraft.server.level.progress.LoggerChunkProgressListener/]: Preparing spawn area: 0%
[06Mar2025 23:36:40.969] [Server thread/DEBUG] [mixin/]: Mixing world.block_entity_ticking.sleeping.RebindableTickingBlockEntityWrapperAccessor from canary.mixins.json into net.minecraft.world.level.chunk.LevelChunk$RebindableTickingBlockEntityWrapper
[06Mar2025 23:36:40.970] [Server thread/DEBUG] [mixin/]: Mixing world.block_entity_ticking.world_border.BoundTickingBlockEntityMixin from canary.mixins.json into net.minecraft.world.level.chunk.LevelChunk$BoundTickingBlockEntity
[06Mar2025 23:36:40.992] [Server thread/DEBUG] [mixin/]: Mixing entity.collisions.unpushable_cramming.EntitySectionMixin from canary.mixins.json into net.minecraft.world.level.entity.EntitySection
[06Mar2025 23:36:40.996] [Server thread/DEBUG] [mixin/]: Mixing util.accessors.EntitySectionAccessor from canary.mixins.json into net.minecraft.world.level.entity.EntitySection
[06Mar2025 23:36:40.996] [Server thread/DEBUG] [mixin/]: Mixing util.entity_movement_tracking.EntitySectionMixin from canary.mixins.json into net.minecraft.world.level.entity.EntitySection
[06Mar2025 23:36:40.998] [Server thread/DEBUG] [mixin/]: Mixing util.entity_section_position.EntitySectionMixin from canary.mixins.json into net.minecraft.world.level.entity.EntitySection
[06Mar2025 23:36:41.028] [Server thread/DEBUG] [mixin/]: Mixing collections.attributes.AttributeMapMixin from canary.mixins.json into net.minecraft.world.entity.ai.attributes.AttributeMap
[06Mar2025 23:36:41.032] [Server thread/DEBUG] [mixin/]: Mixing ai.task.launch.BrainMixin from canary.mixins.json into net.minecraft.world.entity.ai.Brain
[06Mar2025 23:36:41.036] [Server thread/DEBUG] [mixin/]: Mixing ai.task.memory_change_counting.BrainMixin from canary.mixins.json into net.minecraft.world.entity.ai.Brain
[06Mar2025 23:36:41.115] [Server thread/DEBUG] [mixin/]: Mixing collections.brain.BrainMixin from canary.mixins.json into net.minecraft.world.entity.ai.Brain
[06Mar2025 23:36:41.177] [Server thread/DEBUG] [io.netty.buffer.AbstractByteBuf/]: -Dio.netty.buffer.checkAccessible: true
[06Mar2025 23:36:41.177] [Server thread/DEBUG] [io.netty.buffer.AbstractByteBuf/]: -Dio.netty.buffer.checkBounds: true
[06Mar2025 23:36:41.178] [Server thread/DEBUG] [io.netty.util.ResourceLeakDetectorFactory/]: Loaded default ResourceLeakDetector: io.netty.util.ResourceLeakDetector@a9e3503
[06Mar2025 23:36:41.182] [Server thread/DEBUG] [mixin/]: Mixing ai.pathing.FlyNodeEvaluatorMixin from canary.mixins.json into net.minecraft.world.level.pathfinder.FlyNodeEvaluator
[06Mar2025 23:36:41.455] [Server thread/INFO] [net.minecraft.server.level.progress.LoggerChunkProgressListener/]: Time elapsed: 4072 ms
[06Mar2025 23:36:41.457] [Server thread/INFO] [net.minecraft.server.dedicated.DedicatedServer/]: Done (5.511s)! For help, type "help"
[06Mar2025 23:36:41.467] [Server thread/DEBUG] [net.minecraftforge.network.DualStackUtils/]: Detected IPv6 address: "0:0:0:0:0:0:0:0"
[06Mar2025 23:36:41.492] [Server thread/DEBUG] [net.minecraftforge.common.ForgeI18n/CORE]: Loading I18N data entries: 8109
[06Mar2025 23:36:41.495] [Server thread/INFO] [net.minecraftforge.server.permission.PermissionAPI/]: Successfully initialized permission handler forge:default_handler
[06Mar2025 23:36:41.496] [Server thread/INFO] [com.jkvin114.displaydelight.DisplayDelight/]: HELLO from server starting
[06Mar2025 23:36:41.500] [Server thread/INFO] [patchouli/]: Sending reload packet to clients
[06Mar2025 23:36:41.502] [Server thread/WARN] [ModernFix/]: Dedicated server took 49.758 seconds to load
[06Mar2025 23:36:41.564] [Server thread/DEBUG] [net.minecraftforge.coremod.transformer.CoreModBaseTransformer/COREMOD]: Transforming net/minecraft/world/level/NaturalSpawner
[06Mar2025 23:36:41.626] [Server thread/DEBUG] [mixin/]: Mixing chunk.entity_class_groups.ClassInstanceMultiMapMixin from canary.mixins.json into net.minecraft.util.ClassInstanceMultiMap
[06Mar2025 23:36:41.632] [Server thread/DEBUG] [mixin/]: Mixing collections.entity_by_type.ClassInstanceMultiMapMixin from canary.mixins.json into net.minecraft.util.ClassInstanceMultiMap
[06Mar2025 23:36:41.633] [Server thread/DEBUG] [mixin/]: Mixing collections.entity_filtering.ClassInstanceMultiMapMixin from canary.mixins.json into net.minecraft.util.ClassInstanceMultiMap
[06Mar2025 23:36:41.639] [Server thread/DEBUG] [mixin/]: Mixing util.entity_movement_tracking.PersistentEntitySectionManagerMixin from canary.mixins.json into net.minecraft.world.level.entity.PersistentEntitySectionManager$Callback
[06Mar2025 23:36:41.644] [Server thread/DEBUG] [mixin/]: Mixing alloc.entity_tracker.TrackedEntityMixin from canary.mixins.json into net.minecraft.server.level.ChunkMap$TrackedEntity
[06Mar2025 23:36:41.650] [Server thread/DEBUG] [mixin/]: Mixing chunk.replace_streams.ServerEntityMixin from canary.mixins.json into net.minecraft.server.level.ServerEntity
[06Mar2025 23:36:41.922] [Server thread/DEBUG] [mixin/]: Mixing ai.pathing.PathNavigationRegionMixin from canary.mixins.json into net.minecraft.world.level.PathNavigationRegion
[06Mar2025 23:36:41.924] [Server thread/DEBUG] [mixin/]: Mixing util.chunk_access.PathNavigationRegionMixin from canary.mixins.json into net.minecraft.world.level.PathNavigationRegion
[06Mar2025 23:36:42.990] [FastSuite Recipe Lookup Thread: 2/DEBUG] [ModernFix/]: Using cached upgraded version of mvs:well/rare_well/rare_well_lower
[06Mar2025 23:36:42.991] [FastSuite Recipe Lookup Thread: 2/DEBUG] [ModernFix/]: Using cached upgraded version of mvs:well/rare_well/rare_well_upper
[06Mar2025 23:36:42.993] [FastSuite Recipe Lookup Thread: 3/DEBUG] [ModernFix/]: Using cached upgraded version of mvs:well/small_copper_well
[06Mar2025 23:36:42.995] [FastSuite Recipe Lookup Thread: 3/DEBUG] [ModernFix/]: Using cached upgraded version of mvs:well/small_well
[06Mar2025 23:36:42.996] [FastSuite Recipe Lookup Thread: 3/DEBUG] [ModernFix/]: Using cached upgraded version of mvs:well/well_lower
[06Mar2025 23:36:42.997] [FastSuite Recipe Lookup Thread: 3/DEBUG] [ModernFix/]: Using cached upgraded version of mvs:well/well_lower_no_chest
[06Mar2025 23:36:42.998] [FastSuite Recipe Lookup Thread: 3/DEBUG] [ModernFix/]: Using cached upgraded version of mvs:well/well_upper
[06Mar2025 23:36:43.004] [FastSuite Recipe Lookup Thread: 2/DEBUG] [ModernFix/]: Using cached upgraded version of mvs:well/wells/acacia_well
[06Mar2025 23:36:43.014] [FastSuite Recipe Lookup Thread: 2/DEBUG] [ModernFix/]: Using cached upgraded version of mvs:well/wells/birch_well
[06Mar2025 23:36:43.015] [FastSuite Recipe Lookup Thread: 2/DEBUG] [ModernFix/]: Using cached upgraded version of mvs:well/wells/desert_well
[06Mar2025 23:36:43.016] [FastSuite Recipe Lookup Thread: 2/DEBUG] [ModernFix/]: Using cached upgraded version of mvs:well/wells/end_well
[06Mar2025 23:36:43.018] [FastSuite Recipe Lookup Thread: 2/DEBUG] [ModernFix/]: Using cached upgraded version of mvs:well/wells/jungle_well
[06Mar2025 23:36:43.020] [FastSuite Recipe Lookup Thread: 1/DEBUG] [ModernFix/]: Using cached upgraded version of mvs:well/wells/mushroom_well
[06Mar2025 23:36:43.022] [FastSuite Recipe Lookup Thread: 1/DEBUG] [ModernFix/]: Using cached upgraded version of mvs:well/wells/nether_well
[06Mar2025 23:36:43.023] [FastSuite Recipe Lookup Thread: 1/DEBUG] [ModernFix/]: Using cached upgraded version of mvs:well/wells/oak_well
[06Mar2025 23:36:43.024] [FastSuite Recipe Lookup Thread: 3/DEBUG] [ModernFix/]: Using cached upgraded version of mvs:well/wells/rocky_well
[06Mar2025 23:36:43.025] [FastSuite Recipe Lookup Thread: 3/DEBUG] [ModernFix/]: Using cached upgraded version of mvs:well/wells/snowy_well
[06Mar2025 23:36:43.026] [FastSuite Recipe Lookup Thread: 3/DEBUG] [ModernFix/]: Using cached upgraded version of mvs:well/wells/spruce_well
[06Mar2025 23:36:43.065] [FastSuite Recipe Lookup Thread: 4/DEBUG] [ModernFix/]: Using cached upgraded version of paraglider:plains_village_horned_statue
[06Mar2025 23:36:43.116] [FastSuite Recipe Lookup Thread: 4/DEBUG] [ModernFix/]: Using cached upgraded version of mvs:railway
[06Mar2025 23:36:43.119] [FastSuite Recipe Lookup Thread: 4/DEBUG] [ModernFix/]: Using cached upgraded version of ribbits:ribbits/ribbit_fisherman
[06Mar2025 23:36:43.131] [FastSuite Recipe Lookup Thread: 4/DEBUG] [ModernFix/]: Using cached upgraded version of ribbits:ribbits/ribbit_gardener
[06Mar2025 23:36:43.132] [FastSuite Recipe Lookup Thread: 4/DEBUG] [ModernFix/]: Using cached upgraded version of ribbits:ribbits/ribbit_merchant
[06Mar2025 23:36:43.132] [FastSuite Recipe Lookup Thread: 4/DEBUG] [ModernFix/]: Using cached upgraded version of ribbits:ribbits/ribbit_nitwit
[06Mar2025 23:36:43.133] [FastSuite Recipe Lookup Thread: 4/DEBUG] [ModernFix/]: Using cached upgraded version of ribbits:ribbits/ribbit_sorcerer
[06Mar2025 23:36:43.138] [FastSuite Recipe Lookup Thread: 4/DEBUG] [ModernFix/]: Using cached upgraded version of paraglider:rito_village_goddess_statue
[06Mar2025 23:36:43.246] [FastSuite Recipe Lookup Thread: 4/DEBUG] [ModernFix/]: Using cached upgraded version of revampedvillages:desert/worker/church
[06Mar2025 23:36:43.344] [FastSuite Recipe Lookup Thread: 3/DEBUG] [ModernFix/]: Using cached upgraded version of mvs:ruins/castle_ruins
[06Mar2025 23:36:43.374] [FastSuite Recipe Lookup Thread: 1/DEBUG] [ModernFix/]: Using cached upgraded version of mvs:ruins/log_ruin
[06Mar2025 23:36:43.390] [FastSuite Recipe Lookup Thread: 3/DEBUG] [ModernFix/]: Using cached upgraded version of mvs:ruins/ruined_beacon
[06Mar2025 23:36:43.396] [FastSuite Recipe Lookup Thread: 3/DEBUG] [ModernFix/]: Using cached upgraded version of mvs:ruins/small_ruin
[06Mar2025 23:36:43.400] [FastSuite Recipe Lookup Thread: 3/DEBUG] [ModernFix/]: Using cached upgraded version of mvs:ruins/statue_ruins
[06Mar2025 23:36:43.419] [FastSuite Recipe Lookup Thread: 1/DEBUG] [ModernFix/]: Using cached upgraded version of mvs:ruins/stone_pillars
[06Mar2025 23:36:43.461] [FastSuite Recipe Lookup Thread: 1/DEBUG] [ModernFix/]: Using cached upgraded version of mvs:ruins/tree_monument
[06Mar2025 23:36:43.462] [FastSuite Recipe Lookup Thread: 4/DEBUG] [ModernFix/]: Using cached upgraded version of paraglider:desert_village_horned_statue
[06Mar2025 23:36:43.939] [FastSuite Recipe Lookup Thread: 4/DEBUG] [ModernFix/]: Using cached upgraded version of plenty_of_golems:first_of_bell_ruins
[06Mar2025 23:36:43.965] [FastSuite Recipe Lookup Thread: 4/DEBUG] [ModernFix/]: Using cached upgraded version of plenty_of_golems:firtst_of_the_dungeon_ruins
[06Mar2025 23:36:44.011] [FastSuite Recipe Lookup Thread: 4/DEBUG] [ModernFix/]: Using cached upgraded version of mvs:other_decoration/mushroom_statue
[06Mar2025 23:36:44.013] [FastSuite Recipe Lookup Thread: 4/DEBUG] [ModernFix/]: Using cached upgraded version of mvs:other_decoration/nether_devil
[06Mar2025 23:36:44.027] [FastSuite Recipe Lookup Thread: 4/DEBUG] [ModernFix/]: Using cached upgraded version of mvs:other_decoration/stone_bee
[06Mar2025 23:36:44.044] [FastSuite Recipe Lookup Thread: 4/DEBUG] [ModernFix/]: Using cached upgraded version of mvs:other_decoration/villager_statue
[06Mar2025 23:36:44.067] [FastSuite Recipe Lookup Thread: 4/DEBUG] [ModernFix/]: Using cached upgraded version of mvs:out_house/out_house
[06Mar2025 23:36:44.067] [FastSuite Recipe Lookup Thread: 4/DEBUG] [ModernFix/]: Using cached upgraded version of mvs:out_house/out_house_lower
[06Mar2025 23:36:44.161] [FastSuite Recipe Lookup Thread: 4/DEBUG] [ModernFix/]: Using cached upgraded version of ribbits:paths/path_3_0
[06Mar2025 23:36:44.162] [FastSuite Recipe Lookup Thread: 4/DEBUG] [ModernFix/]: Using cached upgraded version of ribbits:paths/path_4_0
[06Mar2025 23:36:44.162] [FastSuite Recipe Lookup Thread: 4/DEBUG] [ModernFix/]: Using cached upgraded version of ribbits:paths/path_bridge
[06Mar2025 23:36:44.163] [FastSuite Recipe Lookup Thread: 4/DEBUG] [ModernFix/]: Using cached upgraded version of ribbits:paths/path_deadend_0
[06Mar2025 23:36:44.164] [FastSuite Recipe Lookup Thread: 4/DEBUG] [ModernFix/]: Using cached upgraded version of ribbits:paths/path_deadend_1
[06Mar2025 23:36:44.164] [FastSuite Recipe Lookup Thread: 4/DEBUG] [ModernFix/]: Using cached upgraded version of ribbits:paths/path_deadend_nohouse
[06Mar2025 23:36:44.164] [FastSuite Recipe Lookup Thread: 4/DEBUG] [ModernFix/]: Using cached upgraded version of ribbits:paths/path_straight_0
[06Mar2025 23:36:44.165] [FastSuite Recipe Lookup Thread: 4/DEBUG] [ModernFix/]: Using cached upgraded version of ribbits:paths/path_turn_0
[06Mar2025 23:36:44.165] [FastSuite Recipe Lookup Thread: 4/DEBUG] [ModernFix/]: Using cached upgraded version of ribbits:paths/path_turn_1
[06Mar2025 23:36:44.168] [FastSuite Recipe Lookup Thread: 1/DEBUG] [ModernFix/]: Using cached upgraded version of paraglider:savanna_village_horned_statue
[06Mar2025 23:36:44.176] [FastSuite Recipe Lookup Thread: 1/DEBUG] [ModernFix/]: Using cached upgraded version of gnumus:shamans_hut
[06Mar2025 23:36:44.178] [FastSuite Recipe Lookup Thread: 1/DEBUG] [ModernFix/]: Using cached upgraded version of mvs:shed
[06Mar2025 23:36:44.433] [FastSuite Recipe Lookup Thread: 1/DEBUG] [ModernFix/]: Using cached upgraded version of mvs:nature/large_mushroom
[06Mar2025 23:36:44.576] [FastSuite Recipe Lookup Thread: 1/DEBUG] [ModernFix/]: Using cached upgraded version of paraglider:nether_goddess_statue
[06Mar2025 23:36:44.577] [FastSuite Recipe Lookup Thread: 1/DEBUG] [ModernFix/]: Using cached upgraded version of paraglider:nether_horned_statue
[06Mar2025 23:36:44.580] [FastSuite Recipe Lookup Thread: 1/DEBUG] [ModernFix/]: Using cached upgraded version of plenty_of_golems:obsidian_golem_ruins
[06Mar2025 23:36:44.587] [FastSuite Recipe Lookup Thread: 2/DEBUG] [ModernFix/]: Using cached upgraded version of paraglider:taiga_village_horned_statue
[06Mar2025 23:36:44.588] [FastSuite Recipe Lookup Thread: 2/DEBUG] [ModernFix/]: Using cached upgraded version of paraglider:tarrey_town_goddess_statue
[06Mar2025 23:36:44.590] [FastSuite Recipe Lookup Thread: 2/DEBUG] [ModernFix/]: Using cached upgraded version of plenty_of_golems:the_first_of_sand_ruins
[06Mar2025 23:36:44.592] [FastSuite Recipe Lookup Thread: 2/DEBUG] [ModernFix/]: Using cached upgraded version of gnumus:traders_rest
[06Mar2025 23:36:44.604] [FastSuite Recipe Lookup Thread: 3/DEBUG] [ModernFix/]: Using cached upgraded version of mvs:other_decoration/bee_dome
[06Mar2025 23:36:44.607] [FastSuite Recipe Lookup Thread: 1/DEBUG] [ModernFix/]: Using cached upgraded version of mvs:other_decoration/campsite
[06Mar2025 23:36:44.609] [FastSuite Recipe Lookup Thread: 1/DEBUG] [ModernFix/]: Using cached upgraded version of mvs:other_decoration/crimson_enchanting_table
[06Mar2025 23:36:44.611] [FastSuite Recipe Lookup Thread: 1/DEBUG] [ModernFix/]: Using cached upgraded version of mvs:other_decoration/desert_pump
[06Mar2025 23:36:44.614] [FastSuite Recipe Lookup Thread: 3/DEBUG] [ModernFix/]: Using cached upgraded version of mvs:other_decoration/duck
[06Mar2025 23:36:44.616] [FastSuite Recipe Lookup Thread: 3/DEBUG] [ModernFix/]: Using cached upgraded version of mvs:other_decoration/end_scraps/end_scraps_1
[06Mar2025 23:36:44.617] [FastSuite Recipe Lookup Thread: 3/DEBUG] [ModernFix/]: Using cached upgraded version of mvs:other_decoration/end_scraps/end_scraps_2
[06Mar2025 23:36:44.620] [FastSuite Recipe Lookup Thread: 3/DEBUG] [ModernFix/]: Using cached upgraded version of mvs:other_decoration/end_scraps/end_scraps_3
[06Mar2025 23:36:44.621] [FastSuite Recipe Lookup Thread: 3/DEBUG] [ModernFix/]: Using cached upgraded version of mvs:other_decoration/end_scraps/end_scraps_4
[06Mar2025 23:36:44.623] [FastSuite Recipe Lookup Thread: 1/DEBUG] [ModernFix/]: Using cached upgraded version of mvs:other_decoration/fire_camp
[06Mar2025 23:36:44.624] [FastSuite Recipe Lookup Thread: 1/DEBUG] [ModernFix/]: Using cached upgraded version of mvs:other_decoration/fox_hut
[06Mar2025 23:36:44.628] [FastSuite Recipe Lookup Thread: 1/DEBUG] [ModernFix/]: Using cached upgraded version of mvs:other_decoration/lamp_chest
[06Mar2025 23:36:44.643] [FastSuite Recipe Lookup Thread: 1/DEBUG] [ModernFix/]: Using cached upgraded version of mvs:other_decoration/lecturn_garden
[06Mar2025 23:36:44.822] [FastSuite Recipe Lookup Thread: 2/DEBUG] [ModernFix/]: Using cached upgraded version of gnumus:small_gnumus_settlement
[06Mar2025 23:36:44.828] [FastSuite Recipe Lookup Thread: 3/DEBUG] [ModernFix/]: Using cached upgraded version of gnumus:small_ruins
[06Mar2025 23:36:44.841] [FastSuite Recipe Lookup Thread: 1/DEBUG] [ModernFix/]: Using cached upgraded version of mvs:small_ship
[06Mar2025 23:36:44.936] [FastSuite Recipe Lookup Thread: 4/DEBUG] [oshi.util.FileUtil/]: Reading file /sys/devices/system/cpu/cpu0/topology/core_id
[06Mar2025 23:36:44.936] [FastSuite Recipe Lookup Thread: 4/DEBUG] [oshi.util.FileUtil/]: Reading file /sys/devices/system/cpu/cpu0/topology/core_id
[06Mar2025 23:36:44.936] [FastSuite Recipe Lookup Thread: 4/DEBUG] [oshi.util.FileUtil/]: Reading file /sys/devices/system/cpu/cpu0/topology/physical_package_id
[06Mar2025 23:36:44.937] [FastSuite Recipe Lookup Thread: 4/DEBUG] [oshi.util.FileUtil/]: Reading file /sys/devices/system/cpu/cpu0/topology/physical_package_id
[06Mar2025 23:36:44.937] [FastSuite Recipe Lookup Thread: 4/DEBUG] [oshi.util.FileUtil/]: Reading file /sys/devices/system/cpu/cpu0/cpu_capacity
[06Mar2025 23:36:44.937] [FastSuite Recipe Lookup Thread: 4/DEBUG] [oshi.util.FileUtil/]: Reading file /sys/devices/system/cpu/cpu1/topology/core_id
[06Mar2025 23:36:44.937] [FastSuite Recipe Lookup Thread: 4/DEBUG] [oshi.util.FileUtil/]: Reading file /sys/devices/system/cpu/cpu1/topology/core_id
[06Mar2025 23:36:44.937] [FastSuite Recipe Lookup Thread: 4/DEBUG] [oshi.util.FileUtil/]: Reading file /sys/devices/system/cpu/cpu1/topology/physical_package_id
[06Mar2025 23:36:44.938] [FastSuite Recipe Lookup Thread: 4/DEBUG] [oshi.util.FileUtil/]: Reading file /sys/devices/system/cpu/cpu1/topology/physical_package_id
[06Mar2025 23:36:44.938] [FastSuite Recipe Lookup Thread: 4/DEBUG] [oshi.util.FileUtil/]: Reading file /sys/devices/system/cpu/cpu1/cpu_capacity
[06Mar2025 23:36:44.938] [FastSuite Recipe Lookup Thread: 4/DEBUG] [oshi.util.FileUtil/]: Reading file /proc/cpuinfo
[06Mar2025 23:36:45.000] [FastSuite Recipe Lookup Thread: 4/DEBUG] [oshi.util.FileUtil/]: Reading file /proc/self/auxv
[06Mar2025 23:36:45.002] [FastSuite Recipe Lookup Thread: 4/DEBUG] [oshi.util.FileUtil/]: No oshi.architecture.properties file found from ClassLoader cpw.mods.modlauncher.TransformingClassLoader@52ea0269
[06Mar2025 23:36:45.002] [FastSuite Recipe Lookup Thread: 4/DEBUG] [oshi.util.FileUtil/]: No oshi.architecture.properties file found from ClassLoader jdk.internal.loader.ClassLoaders$AppClassLoader@76ed5528
[06Mar2025 23:36:45.050] [FastSuite Recipe Lookup Thread: 4/DEBUG] [oshi.util.FileUtil/]: Reading file /proc/meminfo
[06Mar2025 23:36:45.051] [FastSuite Recipe Lookup Thread: 4/DEBUG] [oshi.util.FileUtil/]: Reading file /proc/meminfo
[06Mar2025 23:36:45.060] [FastSuite Recipe Lookup Thread: 4/DEBUG] [ModernFix/]: Using cached upgraded version of mvs:houses/desert_house
[06Mar2025 23:36:45.124] [FastSuite Recipe Lookup Thread: 4/DEBUG] [ModernFix/]: Using cached upgraded version of mvs:houses/flower_hole
[06Mar2025 23:36:45.219] [FastSuite Recipe Lookup Thread: 4/DEBUG] [ModernFix/]: Using cached upgraded version of mvs:houses/house
[06Mar2025 23:36:45.441] [FastSuite Recipe Lookup Thread: 4/DEBUG] [ModernFix/]: Using cached upgraded version of ribbits:houses/lg_brown_house_1
[06Mar2025 23:36:45.465] [FastSuite Recipe Lookup Thread: 4/DEBUG] [ModernFix/]: Using cached upgraded version of ribbits:houses/lg_red_house_1
[06Mar2025 23:36:45.499] [FastSuite Recipe Lookup Thread: 4/DEBUG] [ModernFix/]: Using cached upgraded version of ribbits:houses/md_brown_house_1
[06Mar2025 23:36:45.504] [FastSuite Recipe Lookup Thread: 4/DEBUG] [ModernFix/]: Using cached upgraded version of ribbits:houses/md_red_house_1
[06Mar2025 23:36:45.520] [FastSuite Recipe Lookup Thread: 4/DEBUG] [ModernFix/]: Using cached upgraded version of ribbits:houses/red_fishing_house
[06Mar2025 23:36:45.529] [FastSuite Recipe Lookup Thread: 4/DEBUG] [ModernFix/]: Using cached upgraded version of ribbits:houses/red_sorcerer_house
[06Mar2025 23:36:45.542] [FastSuite Recipe Lookup Thread: 3/DEBUG] [ModernFix/]: Using cached upgraded version of paraglider:snowy_village_horned_statue
[06Mar2025 23:36:45.543] [FastSuite Recipe Lookup Thread: 3/DEBUG] [ModernFix/]: Using cached upgraded version of mvs:stall/blue_stall
[06Mar2025 23:36:45.545] [FastSuite Recipe Lookup Thread: 3/DEBUG] [ModernFix/]: Using cached upgraded version of mvs:stall/orange_stall
[06Mar2025 23:36:45.547] [FastSuite Recipe Lookup Thread: 3/DEBUG] [ModernFix/]: Using cached upgraded version of mvs:stall/pink_stall
[06Mar2025 23:36:45.550] [FastSuite Recipe Lookup Thread: 2/DEBUG] [ModernFix/]: Using cached upgraded version of mvs:stall/red_stall
[06Mar2025 23:36:45.552] [FastSuite Recipe Lookup Thread: 4/DEBUG] [ModernFix/]: Using cached upgraded version of ribbits:houses/small_house_brown_1
[06Mar2025 23:36:45.554] [FastSuite Recipe Lookup Thread: 4/DEBUG] [ModernFix/]: Using cached upgraded version of ribbits:houses/small_house_brown_2
[06Mar2025 23:36:45.555] [FastSuite Recipe Lookup Thread: 2/DEBUG] [ModernFix/]: Using cached upgraded version of mvs:stone_fountain
[06Mar2025 23:36:45.566] [FastSuite Recipe Lookup Thread: 2/DEBUG] [ModernFix/]: Using cached upgraded version of mvs:sunzi_gate
[06Mar2025 23:36:45.570] [FastSuite Recipe Lookup Thread: 4/DEBUG] [ModernFix/]: Using cached upgraded version of ribbits:houses/small_house_brown_3
[06Mar2025 23:36:45.572] [FastSuite Recipe Lookup Thread: 4/DEBUG] [ModernFix/]: Using cached upgraded version of ribbits:houses/small_house_red_1
[06Mar2025 23:36:45.597] [FastSuite Recipe Lookup Thread: 4/DEBUG] [ModernFix/]: Using cached upgraded version of ribbits:houses/small_house_red_2
[06Mar2025 23:36:45.600] [FastSuite Recipe Lookup Thread: 4/DEBUG] [ModernFix/]: Using cached upgraded version of ribbits:houses/small_house_red_3
[06Mar2025 23:36:45.603] [FastSuite Recipe Lookup Thread: 4/DEBUG] [ModernFix/]: Using cached upgraded version of mvs:houses/small_swamp_house
[06Mar2025 23:36:45.654] [FastSuite Recipe Lookup Thread: 4/DEBUG] [ModernFix/]: Using cached upgraded version of mvs:houses/tall_house
[06Mar2025 23:36:45.675] [FastSuite Recipe Lookup Thread: 4/DEBUG] [ModernFix/]: Using cached upgraded version of mvs:houses/warped_house
[06Mar2025 23:36:45.736] [FastSuite Recipe Lookup Thread: 1/DEBUG] [oshi.util.FileUtil/]: Reading file /sys/devices/system/cpu/cpu0/topology/core_id
[06Mar2025 23:36:45.736] [FastSuite Recipe Lookup Thread: 1/DEBUG] [oshi.util.FileUtil/]: Reading file /sys/devices/system/cpu/cpu0/topology/core_id
[06Mar2025 23:36:45.736] [FastSuite Recipe Lookup Thread: 1/DEBUG] [oshi.util.FileUtil/]: Reading file /sys/devices/system/cpu/cpu0/topology/physical_package_id
[06Mar2025 23:36:45.737] [FastSuite Recipe Lookup Thread: 1/DEBUG] [oshi.util.FileUtil/]: Reading file /sys/devices/system/cpu/cpu0/topology/physical_package_id
[06Mar2025 23:36:45.737] [FastSuite Recipe Lookup Thread: 1/DEBUG] [oshi.util.FileUtil/]: Reading file /sys/devices/system/cpu/cpu0/cpu_capacity
[06Mar2025 23:36:45.737] [FastSuite Recipe Lookup Thread: 1/DEBUG] [oshi.util.FileUtil/]: Reading file /sys/devices/system/cpu/cpu1/topology/core_id
[06Mar2025 23:36:45.737] [FastSuite Recipe Lookup Thread: 1/DEBUG] [oshi.util.FileUtil/]: Reading file /sys/devices/system/cpu/cpu1/topology/core_id
[06Mar2025 23:36:45.737] [FastSuite Recipe Lookup Thread: 1/DEBUG] [oshi.util.FileUtil/]: Reading file /sys/devices/system/cpu/cpu1/topology/physical_package_id
[06Mar2025 23:36:45.737] [FastSuite Recipe Lookup Thread: 1/DEBUG] [oshi.util.FileUtil/]: Reading file /sys/devices/system/cpu/cpu1/topology/physical_package_id
[06Mar2025 23:36:45.737] [FastSuite Recipe Lookup Thread: 1/DEBUG] [oshi.util.FileUtil/]: Reading file /sys/devices/system/cpu/cpu1/cpu_capacity
[06Mar2025 23:36:45.737] [FastSuite Recipe Lookup Thread: 1/DEBUG] [oshi.util.FileUtil/]: Reading file /proc/cpuinfo
[06Mar2025 23:36:45.748] [FastSuite Recipe Lookup Thread: 4/DEBUG] [ModernFix/]: Using cached upgraded version of plenty_of_golems:ispencer_ruins
[06Mar2025 23:36:45.818] [FastSuite Recipe Lookup Thread: 1/DEBUG] [oshi.util.FileUtil/]: Reading file /proc/self/auxv
[06Mar2025 23:36:45.826] [FastSuite Recipe Lookup Thread: 1/DEBUG] [oshi.util.FileUtil/]: No oshi.architecture.properties file found from ClassLoader cpw.mods.modlauncher.TransformingClassLoader@52ea0269
[06Mar2025 23:36:45.826] [FastSuite Recipe Lookup Thread: 1/DEBUG] [oshi.util.FileUtil/]: No oshi.architecture.properties file found from ClassLoader jdk.internal.loader.ClassLoaders$AppClassLoader@76ed5528
[06Mar2025 23:36:45.869] [FastSuite Recipe Lookup Thread: 1/DEBUG] [oshi.util.FileUtil/]: Reading file /proc/meminfo
[06Mar2025 23:36:45.870] [FastSuite Recipe Lookup Thread: 1/DEBUG] [oshi.util.FileUtil/]: Reading file /proc/meminfo
[06Mar2025 23:36:45.872] [FastSuite Recipe Lookup Thread: 1/DEBUG] [ModernFix/]: Using cached upgraded version of mvs:cathedral/special/dead_end_2
[06Mar2025 23:36:46.009] [FastSuite Recipe Lookup Thread: 4/DEBUG] [ModernFix/]: Using cached upgraded version of mvs:jungle_tower/base
[06Mar2025 23:36:46.077] [FastSuite Recipe Lookup Thread: 2/DEBUG] [ModernFix/]: Using cached upgraded version of mvs:cathedral/special/dead_end_3
[06Mar2025 23:36:46.081] [FastSuite Recipe Lookup Thread: 2/DEBUG] [ModernFix/]: Using cached upgraded version of mvs:cathedral/special/staircase_1
[06Mar2025 23:36:46.085] [FastSuite Recipe Lookup Thread: 3/DEBUG] [ModernFix/]: Using cached upgraded version of mvs:cathedral/special/staircase_2
[06Mar2025 23:36:46.087] [FastSuite Recipe Lookup Thread: 3/DEBUG] [ModernFix/]: Using cached upgraded version of mvs:cathedral/special/staircase_3
[06Mar2025 23:36:46.091] [FastSuite Recipe Lookup Thread: 1/DEBUG] [ModernFix/]: Using cached upgraded version of mvs:cathedral/special/three_way_1
[06Mar2025 23:36:46.094] [FastSuite Recipe Lookup Thread: 1/DEBUG] [ModernFix/]: Using cached upgraded version of mvs:cathedral/special/three_way_2
[06Mar2025 23:36:46.096] [FastSuite Recipe Lookup Thread: 1/DEBUG] [ModernFix/]: Using cached upgraded version of mvs:cathedral/special/three_way_3
[06Mar2025 23:36:46.098] [FastSuite Recipe Lookup Thread: 3/DEBUG] [ModernFix/]: Using cached upgraded version of mvs:cathedral/start_corridors/corridor_1
[06Mar2025 23:36:46.099] [FastSuite Recipe Lookup Thread: 3/DEBUG] [ModernFix/]: Using cached upgraded version of mvs:cathedral/start_corridors/corridor_2
[06Mar2025 23:36:46.102] [FastSuite Recipe Lookup Thread: 3/DEBUG] [ModernFix/]: Using cached upgraded version of mvs:cathedral/start_corridors/corridor_3
[06Mar2025 23:36:46.096] [FastSuite Recipe Lookup Thread: 4/DEBUG] [ModernFix/]: Using cached upgraded version of mvs:jungle_tower/bottom
[06Mar2025 23:36:46.104] [FastSuite Recipe Lookup Thread: 3/DEBUG] [ModernFix/]: Using cached upgraded version of mvs:cathedral/start_corridors/corridor_4
[06Mar2025 23:36:46.113] [FastSuite Recipe Lookup Thread: 2/DEBUG] [ModernFix/]: Using cached upgraded version of mvs:cathedral/start_corridors/corridor_4_temp
[06Mar2025 23:36:46.119] [FastSuite Recipe Lookup Thread: 2/DEBUG] [ModernFix/]: Using cached upgraded version of mvs:cathedral/start_corridors/corridor_7
[06Mar2025 23:36:46.120] [FastSuite Recipe Lookup Thread: 2/DEBUG] [ModernFix/]: Using cached upgraded version of mvs:cathedral/start_corridors/corridor_8
[06Mar2025 23:36:46.125] [FastSuite Recipe Lookup Thread: 1/DEBUG] [ModernFix/]: Using cached upgraded version of mvs:cathedral/start_corridors/corridor_9
[06Mar2025 23:36:46.161] [FastSuite Recipe Lookup Thread: 4/DEBUG] [ModernFix/]: Using cached upgraded version of mvs:jungle_tower/top
[06Mar2025 23:36:46.172] [FastSuite Recipe Lookup Thread: 1/DEBUG] [ModernFix/]: Using cached upgraded version of mvs:crystal/base
[06Mar2025 23:36:46.182] [FastSuite Recipe Lookup Thread: 2/DEBUG] [ModernFix/]: Using cached upgraded version of mvs:crystal/lower
[06Mar2025 23:36:46.187] [FastSuite Recipe Lookup Thread: 2/DEBUG] [ModernFix/]: Using cached upgraded version of plenty_of_golems:dark_oak_golem_ruins
[06Mar2025 23:36:46.187] [FastSuite Recipe Lookup Thread: 4/DEBUG] [ModernFix/]: Using cached upgraded version of paraglider:kakariko_village_goddess_statue
[06Mar2025 23:36:46.202] [FastSuite Recipe Lookup Thread: 3/DEBUG] [ModernFix/]: Using cached upgraded version of ribbits:decor/lamp_post
[06Mar2025 23:36:46.210] [FastSuite Recipe Lookup Thread: 4/DEBUG] [ModernFix/]: Using cached upgraded version of gnumus:large_gnumus_settlement
[06Mar2025 23:36:46.212] [FastSuite Recipe Lookup Thread: 4/DEBUG] [ModernFix/]: Using cached upgraded version of mvs:log_pile/acacia_log_pile
[06Mar2025 23:36:46.212] [FastSuite Recipe Lookup Thread: 4/DEBUG] [ModernFix/]: Using cached upgraded version of mvs:log_pile/birch_log_pile
[06Mar2025 23:36:46.213] [FastSuite Recipe Lookup Thread: 4/DEBUG] [ModernFix/]: Using cached upgraded version of mvs:log_pile/dark_oak_log_pile
[06Mar2025 23:36:46.214] [FastSuite Recipe Lookup Thread: 4/DEBUG] [ModernFix/]: Using cached upgraded version of mvs:log_pile/jungle_log_pile
[06Mar2025 23:36:46.230] [FastSuite Recipe Lookup Thread: 4/DEBUG] [ModernFix/]: Using cached upgraded version of mvs:log_pile/oak_log_pile
[06Mar2025 23:36:46.231] [FastSuite Recipe Lookup Thread: 4/DEBUG] [ModernFix/]: Using cached upgraded version of mvs:log_pile/spruce_log_pile
[06Mar2025 23:36:46.673] [FastSuite Recipe Lookup Thread: 3/DEBUG] [ModernFix/]: Using cached upgraded version of mvs:nature/big_oak_tree
[06Mar2025 23:36:46.677] [FastSuite Recipe Lookup Thread: 1/DEBUG] [ModernFix/]: Using cached upgraded version of mvs:nature/boulder
[06Mar2025 23:36:46.800] [FastSuite Recipe Lookup Thread: 1/DEBUG] [ModernFix/]: Using cached upgraded version of mvs:nature/floating_islands
[06Mar2025 23:36:46.820] [FastSuite Recipe Lookup Thread: 3/DEBUG] [ModernFix/]: Using cached upgraded version of mvs:gallows
[06Mar2025 23:36:46.821] [FastSuite Recipe Lookup Thread: 3/DEBUG] [ModernFix/]: Using cached upgraded version of paraglider:gerudo_village_goddess_statue
[06Mar2025 23:36:46.825] [FastSuite Recipe Lookup Thread: 3/DEBUG] [ModernFix/]: Using cached upgraded version of plenty_of_golems:giant_of_spruce
[06Mar2025 23:36:46.827] [FastSuite Recipe Lookup Thread: 3/DEBUG] [ModernFix/]: Using cached upgraded version of gnumus:gnumus_bonfire
[06Mar2025 23:36:46.832] [FastSuite Recipe Lookup Thread: 3/DEBUG] [ModernFix/]: Using cached upgraded version of gnumus:gnumus_farm
[06Mar2025 23:36:46.849] [FastSuite Recipe Lookup Thread: 1/DEBUG] [ModernFix/]: Using cached upgraded version of gnumus:gnumus_ruins
[06Mar2025 23:36:46.851] [FastSuite Recipe Lookup Thread: 1/DEBUG] [ModernFix/]: Using cached upgraded version of gnumus:gnumus_settlement
[06Mar2025 23:36:46.852] [FastSuite Recipe Lookup Thread: 1/DEBUG] [ModernFix/]: Using cached upgraded version of gnumus:gnumus_small_ruins
[06Mar2025 23:36:46.853] [FastSuite Recipe Lookup Thread: 1/DEBUG] [ModernFix/]: Using cached upgraded version of gnumus:gnumus_statue
[06Mar2025 23:36:47.081] [FastSuite Recipe Lookup Thread: 2/DEBUG] [ModernFix/]: Using cached upgraded version of mvs:beach_bar
[06Mar2025 23:36:47.090] [FastSuite Recipe Lookup Thread: 3/DEBUG] [ModernFix/]: Using cached upgraded version of plenty_of_golems:guardian_of_the_deep_ruins
[06Mar2025 23:36:47.131] [FastSuite Recipe Lookup Thread: 1/DEBUG] [ModernFix/]: Using cached upgraded version of paraglider:hateno_village_goddess_statue
[06Mar2025 23:36:47.136] [FastSuite Recipe Lookup Thread: 1/DEBUG] [ModernFix/]: Using cached upgraded version of paraglider:horned_statue/eat_shit
[06Mar2025 23:36:47.168] [FastSuite Recipe Lookup Thread: 1/DEBUG] [ModernFix/]: Using cached upgraded version of paraglider:horned_statue/no
[06Mar2025 23:36:47.168] [FastSuite Recipe Lookup Thread: 1/DEBUG] [ModernFix/]: Using cached upgraded version of paraglider:horned_statue/yes
[06Mar2025 23:36:47.169] [FastSuite Recipe Lookup Thread: 1/DEBUG] [ModernFix/]: Using cached upgraded version of mvs:horse_pen
[06Mar2025 23:36:47.177] [FastSuite Recipe Lookup Thread: 1/DEBUG] [ModernFix/]: Using cached upgraded version of mvs:houses/azelea_house
[06Mar2025 23:36:47.189] [FastSuite Recipe Lookup Thread: 3/DEBUG] [ModernFix/]: Using cached upgraded version of mvs:houses/barn
[06Mar2025 23:36:47.190] [FastSuite Recipe Lookup Thread: 2/DEBUG] [ModernFix/]: Using cached upgraded version of gnumus:camp_gnumus
[06Mar2025 23:36:47.194] [FastSuite Recipe Lookup Thread: 3/DEBUG] [ModernFix/]: Using cached upgraded version of ribbits:houses/brown_fishing_house
[06Mar2025 23:36:47.217] [FastSuite Recipe Lookup Thread: 2/DEBUG] [ModernFix/]: Using cached upgraded version of mvs:cartographer_tower/base
[06Mar2025 23:36:47.228] [FastSuite Recipe Lookup Thread: 3/DEBUG] [ModernFix/]: Using cached upgraded version of ribbits:houses/brown_sorcerer_house
[06Mar2025 23:36:47.234] [FastSuite Recipe Lookup Thread: 1/DEBUG] [ModernFix/]: Using cached upgraded version of mvs:cartographer_tower/top
[06Mar2025 23:36:47.237] [FastSuite Recipe Lookup Thread: 3/DEBUG] [ModernFix/]: Using cached upgraded version of mvs:carts/cart
[06Mar2025 23:36:47.239] [FastSuite Recipe Lookup Thread: 3/DEBUG] [ModernFix/]: Using cached upgraded version of mvs:carts/large_cart_1
[06Mar2025 23:36:47.240] [FastSuite Recipe Lookup Thread: 3/DEBUG] [ModernFix/]: Using cached upgraded version of mvs:carts/large_cart_2
[06Mar2025 23:36:47.287] [FastSuite Recipe Lookup Thread: 3/DEBUG] [ModernFix/]: Using cached upgraded version of mvs:cathedral/base/base
[06Mar2025 23:36:47.302] [FastSuite Recipe Lookup Thread: 1/DEBUG] [ModernFix/]: Using cached upgraded version of mvs:cathedral/base/bottom
[06Mar2025 23:36:47.304] [FastSuite Recipe Lookup Thread: 2/DEBUG] [ModernFix/]: Using cached upgraded version of mvs:cathedral/blocker/blocker_2
[06Mar2025 23:36:47.304] [FastSuite Recipe Lookup Thread: 2/DEBUG] [ModernFix/]: Using cached upgraded version of mvs:cathedral/cathedral_start
[06Mar2025 23:36:47.305] [FastSuite Recipe Lookup Thread: 2/DEBUG] [ModernFix/]: Using cached upgraded version of mvs:cathedral/corridors/corridor_1
[06Mar2025 23:36:47.306] [FastSuite Recipe Lookup Thread: 2/DEBUG] [ModernFix/]: Using cached upgraded version of mvs:cathedral/corridors/corridor_2
[06Mar2025 23:36:47.307] [FastSuite Recipe Lookup Thread: 2/DEBUG] [ModernFix/]: Using cached upgraded version of mvs:cathedral/corridors/corridor_3
[06Mar2025 23:36:47.312] [FastSuite Recipe Lookup Thread: 1/DEBUG] [ModernFix/]: Using cached upgraded version of mvs:cathedral/corridors/corridor_4
[06Mar2025 23:36:47.313] [FastSuite Recipe Lookup Thread: 1/DEBUG] [ModernFix/]: Using cached upgraded version of mvs:cathedral/corridors/corridor_5
[06Mar2025 23:36:47.319] [FastSuite Recipe Lookup Thread: 1/DEBUG] [ModernFix/]: Using cached upgraded version of mvs:cathedral/corridors/corridor_6
[06Mar2025 23:36:47.320] [FastSuite Recipe Lookup Thread: 1/DEBUG] [ModernFix/]: Using cached upgraded version of mvs:cathedral/corridors/corridor_7
[06Mar2025 23:36:47.321] [FastSuite Recipe Lookup Thread: 1/DEBUG] [ModernFix/]: Using cached upgraded version of mvs:cathedral/corridors/corridor_8
[06Mar2025 23:36:47.323] [FastSuite Recipe Lookup Thread: 2/DEBUG] [ModernFix/]: Using cached upgraded version of mvs:cathedral/special/corner_1
[06Mar2025 23:36:47.324] [FastSuite Recipe Lookup Thread: 2/DEBUG] [ModernFix/]: Using cached upgraded version of mvs:cathedral/special/corner_2
[06Mar2025 23:36:47.326] [FastSuite Recipe Lookup Thread: 2/DEBUG] [ModernFix/]: Using cached upgraded version of mvs:cathedral/special/corner_3
[06Mar2025 23:36:47.327] [FastSuite Recipe Lookup Thread: 2/DEBUG] [ModernFix/]: Using cached upgraded version of mvs:cathedral/special/corner_4
[06Mar2025 23:36:47.403] [FastSuite Recipe Lookup Thread: 4/DEBUG] [ModernFix/]: Using cached upgraded version of plenty_of_golems:ancientofprismarine_ruins
[06Mar2025 23:36:47.407] [FastSuite Recipe Lookup Thread: 1/DEBUG] [ModernFix/]: Using cached upgraded version of plenty_of_golems:basalt_ruins
[06Mar2025 23:37:00.239] [Netty Epoll Server IO #1/DEBUG] [net.minecraftforge.coremod.transformer.CoreModBaseTransformer/COREMOD]: Transforming net/minecraft/network/protocol/game/ClientboundSectionBlocksUpdatePacket
[06Mar2025 23:37:00.611] [Netty Epoll Server IO #1/DEBUG] [io.netty.util.Recycler/]: -Dio.netty.recycler.maxCapacityPerThread: 4096
[06Mar2025 23:37:00.611] [Netty Epoll Server IO #1/DEBUG] [io.netty.util.Recycler/]: -Dio.netty.recycler.ratio: 8
[06Mar2025 23:37:00.612] [Netty Epoll Server IO #1/DEBUG] [io.netty.util.Recycler/]: -Dio.netty.recycler.chunkSize: 32
[06Mar2025 23:37:00.612] [Netty Epoll Server IO #1/DEBUG] [io.netty.util.Recycler/]: -Dio.netty.recycler.blocking: false
[06Mar2025 23:37:00.623] [Netty Epoll Server IO #1/DEBUG] [mixin/]: Mixing core.NetworkHooksMixin from modernfix-forge.mixins.json into net.minecraftforge.network.NetworkHooks
[06Mar2025 23:37:02.989] [Netty Epoll Server IO #2/DEBUG] [net.minecraftforge.network.HandshakeHandler/FMLHANDSHAKE]: Starting new modded impl connection. Found 30 messages to dispatch.
[06Mar2025 23:37:03.005] [Server thread/DEBUG] [net.minecraftforge.network.HandshakeHandler/FMLHANDSHAKE]: Sending ticking packet info 'FrameworkConfig refurbished_furniture:server' to 'framework:handshake' sequence 0
[06Mar2025 23:37:03.055] [Server thread/DEBUG] [net.minecraftforge.network.HandshakeHandler/FMLHANDSHAKE]: Sending ticking packet info 'FrameworkConfig backpacked:server' to 'framework:handshake' sequence 1
[06Mar2025 23:37:03.106] [Server thread/DEBUG] [net.minecraftforge.network.HandshakeHandler/FMLHANDSHAKE]: Sending ticking packet info 'net.minecraftforge.network.HandshakeMessages$S2CModData' to 'fml:handshake' sequence 2
[06Mar2025 23:37:03.155] [Server thread/DEBUG] [net.minecraftforge.network.HandshakeHandler/FMLHANDSHAKE]: Sending ticking packet info 'net.minecraftforge.network.HandshakeMessages$S2CModList' to 'fml:handshake' sequence 3
[06Mar2025 23:37:03.206] [Server thread/DEBUG] [net.minecraftforge.network.HandshakeHandler/FMLHANDSHAKE]: Sending ticking packet info 'Registry minecraft:command_argument_type' to 'fml:handshake' sequence 4
[06Mar2025 23:37:03.228] [Netty Epoll Server IO #2/DEBUG] [net.minecraftforge.network.LoginWrapper/FMLHANDSHAKE]: Recieved login wrapper packet event for channel framework:handshake with index 0
[06Mar2025 23:37:03.231] [Netty Epoll Server IO #2/DEBUG] [net.minecraftforge.network.HandshakeHandler/FMLHANDSHAKE]: Received client indexed reply 0 of type com.mrcrayfish.framework.api.network.message.HandshakeMessage$Acknowledge
[06Mar2025 23:37:03.231] [Netty Epoll Server IO #2/DEBUG] [Framework/FRAMEWORK_HANDSHAKE]: Received acknowledgement from client
[06Mar2025 23:37:03.255] [Server thread/DEBUG] [net.minecraftforge.network.HandshakeHandler/FMLHANDSHAKE]: Sending ticking packet info 'Registry minecraft:recipe_serializer' to 'fml:handshake' sequence 5
[06Mar2025 23:37:03.305] [Server thread/DEBUG] [net.minecraftforge.network.HandshakeHandler/FMLHANDSHAKE]: Sending ticking packet info 'Registry minecraft:sound_event' to 'fml:handshake' sequence 6
[06Mar2025 23:37:03.355] [Server thread/DEBUG] [net.minecraftforge.network.HandshakeHandler/FMLHANDSHAKE]: Sending ticking packet info 'Registry minecraft:particle_type' to 'fml:handshake' sequence 7
[06Mar2025 23:37:03.394] [Netty Epoll Server IO #2/DEBUG] [net.minecraftforge.network.LoginWrapper/FMLHANDSHAKE]: Recieved login wrapper packet event for channel framework:handshake with index 1
[06Mar2025 23:37:03.394] [Netty Epoll Server IO #2/DEBUG] [net.minecraftforge.network.HandshakeHandler/FMLHANDSHAKE]: Received client indexed reply 1 of type com.mrcrayfish.framework.api.network.message.HandshakeMessage$Acknowledge
[06Mar2025 23:37:03.394] [Netty Epoll Server IO #2/DEBUG] [Framework/FRAMEWORK_HANDSHAKE]: Received acknowledgement from client
[06Mar2025 23:37:03.404] [Server thread/DEBUG] [net.minecraftforge.network.HandshakeHandler/FMLHANDSHAKE]: Sending ticking packet info 'Registry minecraft:villager_profession' to 'fml:handshake' sequence 8
[06Mar2025 23:37:03.405] [Netty Epoll Server IO #2/DEBUG] [net.minecraftforge.network.LoginWrapper/FMLHANDSHAKE]: Recieved login wrapper packet event for channel fml:handshake with index 3
[06Mar2025 23:37:03.406] [Netty Epoll Server IO #2/DEBUG] [net.minecraftforge.network.HandshakeHandler/FMLHANDSHAKE]: Received client indexed reply 3 of type net.minecraftforge.network.HandshakeMessages$C2SModListReply
[06Mar2025 23:37:03.406] [Netty Epoll Server IO #2/DEBUG] [net.minecraftforge.network.HandshakeHandler/FMLHANDSHAKE]: Received client connection with modlist [geckolib, recrafted_creatures, duclib, gnumus, modernfix, jei, citadel, alexsmobs, yungsapi, mixinextras, mr_lukis_grandcapitals, paraglider, forge, embeddium, rubidium, minecraft, butcher, farmersdelight, entity_model_features, entity_texture_features, terrablender, mysticsbiomes, jade, displaydelight, special_drops, astikorcarts, ribbits, curios, patchouli, xaerominimap, oculus, gravestone, backpacked, canary, mvs, architectury, doapi, terraform, vinery, farm_and_charm, alexsdelight, moremobvariants, lootr, ferritecore, ancient_golems, refurbished_furniture, decent_biomes, framework, goblins_tyranny, plenty_of_golems, cosmeticarmorreworked]
[06Mar2025 23:37:03.408] [Netty Epoll Server IO #2/DEBUG] [net.minecraftforge.network.NetworkRegistry/NETREGISTRY]: Channel 'ancient_golems:ancient_golems' : Version test of '1' from client : ACCEPTED
[06Mar2025 23:37:03.408] [Netty Epoll Server IO #2/DEBUG] [net.minecraftforge.network.NetworkRegistry/NETREGISTRY]: Channel 'architectury:network' : Version test of '1' from client : ACCEPTED
[06Mar2025 23:37:03.408] [Netty Epoll Server IO #2/DEBUG] [net.minecraftforge.network.NetworkRegistry/NETREGISTRY]: Channel 'jei:channel' : Version test of '1.0.0' from client : ACCEPTED
[06Mar2025 23:37:03.408] [Netty Epoll Server IO #2/DEBUG] [net.minecraftforge.network.NetworkRegistry/NETREGISTRY]: Channel 'minecraft:unregister' : Version test of 'FML3' from client : ACCEPTED
[06Mar2025 23:37:03.408] [Netty Epoll Server IO #2/DEBUG] [net.minecraftforge.network.NetworkRegistry/NETREGISTRY]: Channel 'xaerominimap:main' : Version test of '1.0' from client : ACCEPTED
[06Mar2025 23:37:03.408] [Netty Epoll Server IO #2/DEBUG] [net.minecraftforge.network.NetworkRegistry/NETREGISTRY]: Channel 'citadel:main_channel' : Version test of '1' from client : ACCEPTED
[06Mar2025 23:37:03.408] [Netty Epoll Server IO #2/DEBUG] [net.minecraftforge.network.NetworkRegistry/NETREGISTRY]: Channel 'framework:play' : Version test of '1' from client : ACCEPTED
[06Mar2025 23:37:03.408] [Netty Epoll Server IO #2/DEBUG] [net.minecraftforge.network.NetworkRegistry/NETREGISTRY]: Channel 'modernfix:main' : Version test of '1' from client : ACCEPTED
[06Mar2025 23:37:03.408] [Netty Epoll Server IO #2/DEBUG] [net.minecraftforge.network.NetworkRegistry/NETREGISTRY]: Channel 'curios:main' : Version test of '1' from client : ACCEPTED
[06Mar2025 23:37:03.408] [Netty Epoll Server IO #2/DEBUG] [net.minecraftforge.network.NetworkRegistry/NETREGISTRY]: Channel 'framework:handshake' : Version test of '1' from client : ACCEPTED
[06Mar2025 23:37:03.408] [Netty Epoll Server IO #2/DEBUG] [net.minecraftforge.network.NetworkRegistry/NETREGISTRY]: Channel 'fml:loginwrapper' : Version test of 'FML3' from client : ACCEPTED
[06Mar2025 23:37:03.408] [Netty Epoll Server IO #2/DEBUG] [net.minecraftforge.network.NetworkRegistry/NETREGISTRY]: Channel 'ribbits:messages' : Version test of '1.0' from client : ACCEPTED
[06Mar2025 23:37:03.408] [Netty Epoll Server IO #2/DEBUG] [net.minecraftforge.network.NetworkRegistry/NETREGISTRY]: Channel 'forge:tier_sorting' : Version test of '1.0' from client : ACCEPTED
[06Mar2025 23:37:03.408] [Netty Epoll Server IO #2/DEBUG] [net.minecraftforge.network.NetworkRegistry/NETREGISTRY]: Channel 'gnumus:gnumus' : Version test of '1' from client : ACCEPTED
[06Mar2025 23:37:03.409] [Netty Epoll Server IO #2/DEBUG] [net.minecraftforge.network.NetworkRegistry/NETREGISTRY]: Channel 'special_drops:special_drops' : Version test of '1' from client : ACCEPTED
[06Mar2025 23:37:03.409] [Netty Epoll Server IO #2/DEBUG] [net.minecraftforge.network.NetworkRegistry/NETREGISTRY]: Channel 'alexsmobs:main_channel' : Version test of '1' from client : ACCEPTED
[06Mar2025 23:37:03.409] [Netty Epoll Server IO #2/DEBUG] [net.minecraftforge.network.NetworkRegistry/NETREGISTRY]: Channel 'decent_biomes:decent_biomes' : Version test of '1' from client : ACCEPTED
[06Mar2025 23:37:03.409] [Netty Epoll Server IO #2/DEBUG] [net.minecraftforge.network.NetworkRegistry/NETREGISTRY]: Channel 'astikorcarts:main' : Version test of '1' from client : ACCEPTED
[06Mar2025 23:37:03.409] [Netty Epoll Server IO #2/DEBUG] [net.minecraftforge.network.NetworkRegistry/NETREGISTRY]: Channel 'goblins_tyranny:goblins_tyranny' : Version test of '1' from client : ACCEPTED
[06Mar2025 23:37:03.409] [Netty Epoll Server IO #2/DEBUG] [net.minecraftforge.network.NetworkRegistry/NETREGISTRY]: Channel 'cosmeticarmorreworked:main' : Version test of '2' from client : ACCEPTED
[06Mar2025 23:37:03.409] [Netty Epoll Server IO #2/DEBUG] [net.minecraftforge.network.NetworkRegistry/NETREGISTRY]: Channel 'fml:play' : Version test of 'FML3' from client : ACCEPTED
[06Mar2025 23:37:03.409] [Netty Epoll Server IO #2/DEBUG] [net.minecraftforge.network.NetworkRegistry/NETREGISTRY]: Channel 'paraglider:master' : Version test of '2.0' from client : ACCEPTED
[06Mar2025 23:37:03.410] [Netty Epoll Server IO #2/DEBUG] [net.minecraftforge.network.NetworkRegistry/NETREGISTRY]: Channel 'recrafted_creatures:main_channel' : Version test of '1' from client : ACCEPTED
[06Mar2025 23:37:03.410] [Netty Epoll Server IO #2/DEBUG] [net.minecraftforge.network.NetworkRegistry/NETREGISTRY]: Channel 'moremobvariants:main' : Version test of '1' from client : ACCEPTED
[06Mar2025 23:37:03.410] [Netty Epoll Server IO #2/DEBUG] [net.minecraftforge.network.NetworkRegistry/NETREGISTRY]: Channel 'gravestone:default' : Version test of '1.0.0' from client : ACCEPTED
[06Mar2025 23:37:03.410] [Netty Epoll Server IO #2/DEBUG] [net.minecraftforge.network.NetworkRegistry/NETREGISTRY]: Channel 'patchouli:main' : Version test of '1' from client : ACCEPTED
[06Mar2025 23:37:03.410] [Netty Epoll Server IO #2/DEBUG] [net.minecraftforge.network.NetworkRegistry/NETREGISTRY]: Channel 'plenty_of_golems:plenty_of_golems' : Version test of '1' from client : ACCEPTED
[06Mar2025 23:37:03.410] [Netty Epoll Server IO #2/DEBUG] [net.minecraftforge.network.NetworkRegistry/NETREGISTRY]: Channel 'fml:handshake' : Version test of 'FML3' from client : ACCEPTED
[06Mar2025 23:37:03.410] [Netty Epoll Server IO #2/DEBUG] [net.minecraftforge.network.NetworkRegistry/NETREGISTRY]: Channel 'lootr:main_network_channel' : Version test of '2' from client : ACCEPTED
[06Mar2025 23:37:03.411] [Netty Epoll Server IO #2/DEBUG] [net.minecraftforge.network.NetworkRegistry/NETREGISTRY]: Channel 'minecraft:register' : Version test of 'FML3' from client : ACCEPTED
[06Mar2025 23:37:03.411] [Netty Epoll Server IO #2/DEBUG] [net.minecraftforge.network.NetworkRegistry/NETREGISTRY]: Channel 'forge:split' : Version test of '1.1' from client : ACCEPTED
[06Mar2025 23:37:03.411] [Netty Epoll Server IO #2/DEBUG] [net.minecraftforge.network.NetworkRegistry/NETREGISTRY]: Channel 'backpacked:play' : Version test of '1' from client : ACCEPTED
[06Mar2025 23:37:03.411] [Netty Epoll Server IO #2/DEBUG] [net.minecraftforge.network.NetworkRegistry/NETREGISTRY]: Channel 'butcher:butcher' : Version test of '1' from client : ACCEPTED
[06Mar2025 23:37:03.411] [Netty Epoll Server IO #2/DEBUG] [net.minecraftforge.network.NetworkRegistry/NETREGISTRY]: Channel 'geckolib:main' : Version test of '1' from client : ACCEPTED
[06Mar2025 23:37:03.411] [Netty Epoll Server IO #2/DEBUG] [net.minecraftforge.network.NetworkRegistry/NETREGISTRY]: Channel 'jade:networking' : Version test of '2' from client : ACCEPTED
[06Mar2025 23:37:03.411] [Netty Epoll Server IO #2/DEBUG] [net.minecraftforge.network.NetworkRegistry/NETREGISTRY]: Channel 'refurbished_furniture:play' : Version test of '1' from client : ACCEPTED
[06Mar2025 23:37:03.411] [Netty Epoll Server IO #2/DEBUG] [net.minecraftforge.network.NetworkRegistry/NETREGISTRY]: Accepting channel list from client
[06Mar2025 23:37:03.412] [Netty Epoll Server IO #2/DEBUG] [net.minecraftforge.network.HandshakeHandler/FMLHANDSHAKE]: Accepted client connection mod list
[06Mar2025 23:37:03.447] [Netty Epoll Server IO #2/DEBUG] [net.minecraftforge.network.LoginWrapper/FMLHANDSHAKE]: Recieved login wrapper packet event for channel fml:handshake with index 4
[06Mar2025 23:37:03.448] [Netty Epoll Server IO #2/DEBUG] [net.minecraftforge.network.HandshakeHandler/FMLHANDSHAKE]: Received client indexed reply 4 of type net.minecraftforge.network.HandshakeMessages$C2SAcknowledge
[06Mar2025 23:37:03.448] [Netty Epoll Server IO #2/DEBUG] [net.minecraftforge.network.HandshakeHandler/FMLHANDSHAKE]: Received acknowledgement from client
[06Mar2025 23:37:03.455] [Server thread/DEBUG] [net.minecraftforge.network.HandshakeHandler/FMLHANDSHAKE]: Sending ticking packet info 'Registry minecraft:item' to 'fml:handshake' sequence 9
[06Mar2025 23:37:03.494] [Netty Epoll Server IO #2/DEBUG] [net.minecraftforge.network.LoginWrapper/FMLHANDSHAKE]: Recieved login wrapper packet event for channel fml:handshake with index 5
[06Mar2025 23:37:03.494] [Netty Epoll Server IO #2/DEBUG] [net.minecraftforge.network.HandshakeHandler/FMLHANDSHAKE]: Received client indexed reply 5 of type net.minecraftforge.network.HandshakeMessages$C2SAcknowledge
[06Mar2025 23:37:03.494] [Netty Epoll Server IO #2/DEBUG] [net.minecraftforge.network.HandshakeHandler/FMLHANDSHAKE]: Received acknowledgement from client
[06Mar2025 23:37:03.505] [Server thread/DEBUG] [net.minecraftforge.network.HandshakeHandler/FMLHANDSHAKE]: Sending ticking packet info 'Registry minecraft:potion' to 'fml:handshake' sequence 10
[06Mar2025 23:37:03.556] [Server thread/DEBUG] [net.minecraftforge.network.HandshakeHandler/FMLHANDSHAKE]: Sending ticking packet info 'Registry minecraft:painting_variant' to 'fml:handshake' sequence 11
[06Mar2025 23:37:03.605] [Server thread/DEBUG] [net.minecraftforge.network.HandshakeHandler/FMLHANDSHAKE]: Sending ticking packet info 'Registry forge:fluid_type' to 'fml:handshake' sequence 12
[06Mar2025 23:37:03.655] [Server thread/DEBUG] [net.minecraftforge.network.HandshakeHandler/FMLHANDSHAKE]: Sending ticking packet info 'Registry minecraft:block_entity_type' to 'fml:handshake' sequence 13
[06Mar2025 23:37:03.704] [Server thread/DEBUG] [net.minecraftforge.network.HandshakeHandler/FMLHANDSHAKE]: Sending ticking packet info 'Registry forge:display_contexts' to 'fml:handshake' sequence 14
[06Mar2025 23:37:03.754] [Server thread/DEBUG] [net.minecraftforge.network.HandshakeHandler/FMLHANDSHAKE]: Sending ticking packet info 'Registry minecraft:block' to 'fml:handshake' sequence 15
[06Mar2025 23:37:03.763] [Netty Epoll Server IO #2/DEBUG] [net.minecraftforge.network.LoginWrapper/FMLHANDSHAKE]: Recieved login wrapper packet event for channel fml:handshake with index 6
[06Mar2025 23:37:03.763] [Netty Epoll Server IO #2/DEBUG] [net.minecraftforge.network.HandshakeHandler/FMLHANDSHAKE]: Received client indexed reply 6 of type net.minecraftforge.network.HandshakeMessages$C2SAcknowledge
[06Mar2025 23:37:03.764] [Netty Epoll Server IO #2/DEBUG] [net.minecraftforge.network.HandshakeHandler/FMLHANDSHAKE]: Received acknowledgement from client
[06Mar2025 23:37:03.805] [Server thread/DEBUG] [net.minecraftforge.network.HandshakeHandler/FMLHANDSHAKE]: Sending ticking packet info 'Registry forge:entity_data_serializers' to 'fml:handshake' sequence 16
[06Mar2025 23:37:03.805] [Netty Epoll Server IO #2/DEBUG] [net.minecraftforge.network.LoginWrapper/FMLHANDSHAKE]: Recieved login wrapper packet event for channel fml:handshake with index 7
[06Mar2025 23:37:03.805] [Netty Epoll Server IO #2/DEBUG] [net.minecraftforge.network.HandshakeHandler/FMLHANDSHAKE]: Received client indexed reply 7 of type net.minecraftforge.network.HandshakeMessages$C2SAcknowledge
[06Mar2025 23:37:03.805] [Netty Epoll Server IO #2/DEBUG] [net.minecraftforge.network.HandshakeHandler/FMLHANDSHAKE]: Received acknowledgement from client
[06Mar2025 23:37:03.806] [Netty Epoll Server IO #2/DEBUG] [net.minecraftforge.network.LoginWrapper/FMLHANDSHAKE]: Recieved login wrapper packet event for channel fml:handshake with index 8
[06Mar2025 23:37:03.806] [Netty Epoll Server IO #2/DEBUG] [net.minecraftforge.network.HandshakeHandler/FMLHANDSHAKE]: Received client indexed reply 8 of type net.minecraftforge.network.HandshakeMessages$C2SAcknowledge
[06Mar2025 23:37:03.806] [Netty Epoll Server IO #2/DEBUG] [net.minecraftforge.network.HandshakeHandler/FMLHANDSHAKE]: Received acknowledgement from client
[06Mar2025 23:37:03.855] [Server thread/DEBUG] [net.minecraftforge.network.HandshakeHandler/FMLHANDSHAKE]: Sending ticking packet info 'Registry minecraft:mob_effect' to 'fml:handshake' sequence 17
[06Mar2025 23:37:03.904] [Server thread/DEBUG] [net.minecraftforge.network.HandshakeHandler/FMLHANDSHAKE]: Sending ticking packet info 'Registry minecraft:stat_type' to 'fml:handshake' sequence 18
[06Mar2025 23:37:03.955] [Server thread/DEBUG] [net.minecraftforge.network.HandshakeHandler/FMLHANDSHAKE]: Sending ticking packet info 'Registry minecraft:menu' to 'fml:handshake' sequence 19
[06Mar2025 23:37:03.992] [Netty Epoll Server IO #2/DEBUG] [net.minecraftforge.network.LoginWrapper/FMLHANDSHAKE]: Recieved login wrapper packet event for channel fml:handshake with index 9
[06Mar2025 23:37:03.993] [Netty Epoll Server IO #2/DEBUG] [net.minecraftforge.network.HandshakeHandler/FMLHANDSHAKE]: Received client indexed reply 9 of type net.minecraftforge.network.HandshakeMessages$C2SAcknowledge
[06Mar2025 23:37:03.993] [Netty Epoll Server IO #2/DEBUG] [net.minecraftforge.network.HandshakeHandler/FMLHANDSHAKE]: Received acknowledgement from client
[06Mar2025 23:37:03.993] [Netty Epoll Server IO #2/DEBUG] [net.minecraftforge.network.LoginWrapper/FMLHANDSHAKE]: Recieved login wrapper packet event for channel fml:handshake with index 10
[06Mar2025 23:37:03.993] [Netty Epoll Server IO #2/DEBUG] [net.minecraftforge.network.HandshakeHandler/FMLHANDSHAKE]: Received client indexed reply 10 of type net.minecraftforge.network.HandshakeMessages$C2SAcknowledge
[06Mar2025 23:37:03.993] [Netty Epoll Server IO #2/DEBUG] [net.minecraftforge.network.HandshakeHandler/FMLHANDSHAKE]: Received acknowledgement from client
[06Mar2025 23:37:03.993] [Netty Epoll Server IO #2/DEBUG] [net.minecraftforge.network.LoginWrapper/FMLHANDSHAKE]: Recieved login wrapper packet event for channel fml:handshake with index 11
[06Mar2025 23:37:03.993] [Netty Epoll Server IO #2/DEBUG] [net.minecraftforge.network.HandshakeHandler/FMLHANDSHAKE]: Received client indexed reply 11 of type net.minecraftforge.network.HandshakeMessages$C2SAcknowledge
[06Mar2025 23:37:03.993] [Netty Epoll Server IO #2/DEBUG] [net.minecraftforge.network.HandshakeHandler/FMLHANDSHAKE]: Received acknowledgement from client
[06Mar2025 23:37:03.994] [Netty Epoll Server IO #2/DEBUG] [net.minecraftforge.network.LoginWrapper/FMLHANDSHAKE]: Recieved login wrapper packet event for channel fml:handshake with index 12
[06Mar2025 23:37:03.994] [Netty Epoll Server IO #2/DEBUG] [net.minecraftforge.network.HandshakeHandler/FMLHANDSHAKE]: Received client indexed reply 12 of type net.minecraftforge.network.HandshakeMessages$C2SAcknowledge
[06Mar2025 23:37:03.995] [Netty Epoll Server IO #2/DEBUG] [net.minecraftforge.network.HandshakeHandler/FMLHANDSHAKE]: Received acknowledgement from client
[06Mar2025 23:37:04.004] [Server thread/DEBUG] [net.minecraftforge.network.HandshakeHandler/FMLHANDSHAKE]: Sending ticking packet info 'Registry minecraft:enchantment' to 'fml:handshake' sequence 20
[06Mar2025 23:37:04.055] [Server thread/DEBUG] [net.minecraftforge.network.HandshakeHandler/FMLHANDSHAKE]: Sending ticking packet info 'Registry minecraft:fluid' to 'fml:handshake' sequence 21
[06Mar2025 23:37:04.059] [Netty Epoll Server IO #2/DEBUG] [net.minecraftforge.network.LoginWrapper/FMLHANDSHAKE]: Recieved login wrapper packet event for channel fml:handshake with index 13
[06Mar2025 23:37:04.060] [Netty Epoll Server IO #2/DEBUG] [net.minecraftforge.network.HandshakeHandler/FMLHANDSHAKE]: Received client indexed reply 13 of type net.minecraftforge.network.HandshakeMessages$C2SAcknowledge
[06Mar2025 23:37:04.060] [Netty Epoll Server IO #2/DEBUG] [net.minecraftforge.network.HandshakeHandler/FMLHANDSHAKE]: Received acknowledgement from client
[06Mar2025 23:37:04.103] [Netty Epoll Server IO #2/DEBUG] [net.minecraftforge.network.LoginWrapper/FMLHANDSHAKE]: Recieved login wrapper packet event for channel fml:handshake with index 14
[06Mar2025 23:37:04.103] [Netty Epoll Server IO #2/DEBUG] [net.minecraftforge.network.HandshakeHandler/FMLHANDSHAKE]: Received client indexed reply 14 of type net.minecraftforge.network.HandshakeMessages$C2SAcknowledge
[06Mar2025 23:37:04.103] [Netty Epoll Server IO #2/DEBUG] [net.minecraftforge.network.HandshakeHandler/FMLHANDSHAKE]: Received acknowledgement from client
[06Mar2025 23:37:04.105] [Server thread/DEBUG] [net.minecraftforge.network.HandshakeHandler/FMLHANDSHAKE]: Sending ticking packet info 'Registry minecraft:entity_type' to 'fml:handshake' sequence 22
[06Mar2025 23:37:04.156] [Server thread/DEBUG] [net.minecraftforge.network.HandshakeHandler/FMLHANDSHAKE]: Sending ticking packet info 'Config curios-server.toml' to 'fml:handshake' sequence 23
[06Mar2025 23:37:04.173] [Netty Epoll Server IO #2/DEBUG] [net.minecraftforge.network.LoginWrapper/FMLHANDSHAKE]: Recieved login wrapper packet event for channel fml:handshake with index 15
[06Mar2025 23:37:04.173] [Netty Epoll Server IO #2/DEBUG] [net.minecraftforge.network.HandshakeHandler/FMLHANDSHAKE]: Received client indexed reply 15 of type net.minecraftforge.network.HandshakeMessages$C2SAcknowledge
[06Mar2025 23:37:04.173] [Netty Epoll Server IO #2/DEBUG] [net.minecraftforge.network.HandshakeHandler/FMLHANDSHAKE]: Received acknowledgement from client
[06Mar2025 23:37:04.205] [Server thread/DEBUG] [net.minecraftforge.network.HandshakeHandler/FMLHANDSHAKE]: Sending ticking packet info 'Config paraglider-server.toml' to 'fml:handshake' sequence 24
[06Mar2025 23:37:04.206] [Netty Epoll Server IO #2/DEBUG] [net.minecraftforge.network.LoginWrapper/FMLHANDSHAKE]: Recieved login wrapper packet event for channel fml:handshake with index 16
[06Mar2025 23:37:04.206] [Netty Epoll Server IO #2/DEBUG] [net.minecraftforge.network.HandshakeHandler/FMLHANDSHAKE]: Received client indexed reply 16 of type net.minecraftforge.network.HandshakeMessages$C2SAcknowledge
[06Mar2025 23:37:04.206] [Netty Epoll Server IO #2/DEBUG] [net.minecraftforge.network.HandshakeHandler/FMLHANDSHAKE]: Received acknowledgement from client
[06Mar2025 23:37:04.206] [Netty Epoll Server IO #2/DEBUG] [net.minecraftforge.network.LoginWrapper/FMLHANDSHAKE]: Recieved login wrapper packet event for channel fml:handshake with index 17
[06Mar2025 23:37:04.206] [Netty Epoll Server IO #2/DEBUG] [net.minecraftforge.network.HandshakeHandler/FMLHANDSHAKE]: Received client indexed reply 17 of type net.minecraftforge.network.HandshakeMessages$C2SAcknowledge
[06Mar2025 23:37:04.206] [Netty Epoll Server IO #2/DEBUG] [net.minecraftforge.network.HandshakeHandler/FMLHANDSHAKE]: Received acknowledgement from client
[06Mar2025 23:37:04.206] [Netty Epoll Server IO #2/DEBUG] [net.minecraftforge.network.LoginWrapper/FMLHANDSHAKE]: Recieved login wrapper packet event for channel fml:handshake with index 18
[06Mar2025 23:37:04.206] [Netty Epoll Server IO #2/DEBUG] [net.minecraftforge.network.HandshakeHandler/FMLHANDSHAKE]: Received client indexed reply 18 of type net.minecraftforge.network.HandshakeMessages$C2SAcknowledge
[06Mar2025 23:37:04.206] [Netty Epoll Server IO #2/DEBUG] [net.minecraftforge.network.HandshakeHandler/FMLHANDSHAKE]: Received acknowledgement from client
[06Mar2025 23:37:04.207] [Netty Epoll Server IO #2/DEBUG] [net.minecraftforge.network.LoginWrapper/FMLHANDSHAKE]: Recieved login wrapper packet event for channel fml:handshake with index 19
[06Mar2025 23:37:04.207] [Netty Epoll Server IO #2/DEBUG] [net.minecraftforge.network.HandshakeHandler/FMLHANDSHAKE]: Received client indexed reply 19 of type net.minecraftforge.network.HandshakeMessages$C2SAcknowledge
[06Mar2025 23:37:04.207] [Netty Epoll Server IO #2/DEBUG] [net.minecraftforge.network.HandshakeHandler/FMLHANDSHAKE]: Received acknowledgement from client
[06Mar2025 23:37:04.247] [Netty Epoll Server IO #2/DEBUG] [net.minecraftforge.network.LoginWrapper/FMLHANDSHAKE]: Recieved login wrapper packet event for channel fml:handshake with index 20
[06Mar2025 23:37:04.247] [Netty Epoll Server IO #2/DEBUG] [net.minecraftforge.network.HandshakeHandler/FMLHANDSHAKE]: Received client indexed reply 20 of type net.minecraftforge.network.HandshakeMessages$C2SAcknowledge
[06Mar2025 23:37:04.248] [Netty Epoll Server IO #2/DEBUG] [net.minecraftforge.network.HandshakeHandler/FMLHANDSHAKE]: Received acknowledgement from client
[06Mar2025 23:37:04.255] [Server thread/DEBUG] [net.minecraftforge.network.HandshakeHandler/FMLHANDSHAKE]: Sending ticking packet info 'Config recrafted_creatures-server.toml' to 'fml:handshake' sequence 25
[06Mar2025 23:37:04.294] [Netty Epoll Server IO #2/DEBUG] [net.minecraftforge.network.LoginWrapper/FMLHANDSHAKE]: Recieved login wrapper packet event for channel fml:handshake with index 21
[06Mar2025 23:37:04.294] [Netty Epoll Server IO #2/DEBUG] [net.minecraftforge.network.HandshakeHandler/FMLHANDSHAKE]: Received client indexed reply 21 of type net.minecraftforge.network.HandshakeMessages$C2SAcknowledge
[06Mar2025 23:37:04.294] [Netty Epoll Server IO #2/DEBUG] [net.minecraftforge.network.HandshakeHandler/FMLHANDSHAKE]: Received acknowledgement from client
[06Mar2025 23:37:04.304] [Server thread/DEBUG] [net.minecraftforge.network.HandshakeHandler/FMLHANDSHAKE]: Sending ticking packet info 'Config gravestone-server.toml' to 'fml:handshake' sequence 26
[06Mar2025 23:37:04.355] [Server thread/DEBUG] [net.minecraftforge.network.HandshakeHandler/FMLHANDSHAKE]: Sending ticking packet info 'Config jei-server.toml' to 'fml:handshake' sequence 27
[06Mar2025 23:37:04.404] [Server thread/DEBUG] [net.minecraftforge.network.HandshakeHandler/FMLHANDSHAKE]: Sending ticking packet info 'Config forge-server.toml' to 'fml:handshake' sequence 28
[06Mar2025 23:37:04.455] [Server thread/DEBUG] [net.minecraftforge.network.HandshakeHandler/FMLHANDSHAKE]: Sending ticking packet info 'Backpacks' to 'backpacked:play' sequence 29
[06Mar2025 23:37:04.509] [Netty Epoll Server IO #2/DEBUG] [net.minecraftforge.network.LoginWrapper/FMLHANDSHAKE]: Recieved login wrapper packet event for channel fml:handshake with index 22
[06Mar2025 23:37:04.509] [Netty Epoll Server IO #2/DEBUG] [net.minecraftforge.network.HandshakeHandler/FMLHANDSHAKE]: Received client indexed reply 22 of type net.minecraftforge.network.HandshakeMessages$C2SAcknowledge
[06Mar2025 23:37:04.509] [Netty Epoll Server IO #2/DEBUG] [net.minecraftforge.network.HandshakeHandler/FMLHANDSHAKE]: Received acknowledgement from client
[06Mar2025 23:37:04.551] [Netty Epoll Server IO #2/DEBUG] [net.minecraftforge.network.LoginWrapper/FMLHANDSHAKE]: Recieved login wrapper packet event for channel fml:handshake with index 23
[06Mar2025 23:37:04.551] [Netty Epoll Server IO #2/DEBUG] [net.minecraftforge.network.HandshakeHandler/FMLHANDSHAKE]: Received client indexed reply 23 of type net.minecraftforge.network.HandshakeMessages$C2SAcknowledge
[06Mar2025 23:37:04.552] [Netty Epoll Server IO #2/DEBUG] [net.minecraftforge.network.HandshakeHandler/FMLHANDSHAKE]: Received acknowledgement from client
[06Mar2025 23:37:04.552] [Netty Epoll Server IO #2/DEBUG] [net.minecraftforge.network.LoginWrapper/FMLHANDSHAKE]: Recieved login wrapper packet event for channel fml:handshake with index 24
[06Mar2025 23:37:04.552] [Netty Epoll Server IO #2/DEBUG] [net.minecraftforge.network.HandshakeHandler/FMLHANDSHAKE]: Received client indexed reply 24 of type net.minecraftforge.network.HandshakeMessages$C2SAcknowledge
[06Mar2025 23:37:04.552] [Netty Epoll Server IO #2/DEBUG] [net.minecraftforge.network.HandshakeHandler/FMLHANDSHAKE]: Received acknowledgement from client
[06Mar2025 23:37:04.552] [Netty Epoll Server IO #2/DEBUG] [net.minecraftforge.network.LoginWrapper/FMLHANDSHAKE]: Recieved login wrapper packet event for channel fml:handshake with index 25
[06Mar2025 23:37:04.553] [Netty Epoll Server IO #2/DEBUG] [net.minecraftforge.network.HandshakeHandler/FMLHANDSHAKE]: Received client indexed reply 25 of type net.minecraftforge.network.HandshakeMessages$C2SAcknowledge
[06Mar2025 23:37:04.553] [Netty Epoll Server IO #2/DEBUG] [net.minecraftforge.network.HandshakeHandler/FMLHANDSHAKE]: Received acknowledgement from client
[06Mar2025 23:37:04.584] [Netty Epoll Server IO #2/DEBUG] [net.minecraftforge.network.LoginWrapper/FMLHANDSHAKE]: Recieved login wrapper packet event for channel fml:handshake with index 26
[06Mar2025 23:37:04.584] [Netty Epoll Server IO #2/DEBUG] [net.minecraftforge.network.HandshakeHandler/FMLHANDSHAKE]: Received client indexed reply 26 of type net.minecraftforge.network.HandshakeMessages$C2SAcknowledge
[06Mar2025 23:37:04.584] [Netty Epoll Server IO #2/DEBUG] [net.minecraftforge.network.HandshakeHandler/FMLHANDSHAKE]: Received acknowledgement from client
[06Mar2025 23:37:04.585] [Netty Epoll Server IO #2/DEBUG] [net.minecraftforge.network.LoginWrapper/FMLHANDSHAKE]: Recieved login wrapper packet event for channel fml:handshake with index 27
[06Mar2025 23:37:04.585] [Netty Epoll Server IO #2/DEBUG] [net.minecraftforge.network.HandshakeHandler/FMLHANDSHAKE]: Received client indexed reply 27 of type net.minecraftforge.network.HandshakeMessages$C2SAcknowledge
[06Mar2025 23:37:04.585] [Netty Epoll Server IO #2/DEBUG] [net.minecraftforge.network.HandshakeHandler/FMLHANDSHAKE]: Received acknowledgement from client
[06Mar2025 23:37:04.768] [Netty Epoll Server IO #2/DEBUG] [net.minecraftforge.network.LoginWrapper/FMLHANDSHAKE]: Recieved login wrapper packet event for channel fml:handshake with index 28
[06Mar2025 23:37:04.768] [Netty Epoll Server IO #2/DEBUG] [net.minecraftforge.network.HandshakeHandler/FMLHANDSHAKE]: Received client indexed reply 28 of type net.minecraftforge.network.HandshakeMessages$C2SAcknowledge
[06Mar2025 23:37:04.768] [Netty Epoll Server IO #2/DEBUG] [net.minecraftforge.network.HandshakeHandler/FMLHANDSHAKE]: Received acknowledgement from client
[06Mar2025 23:37:04.782] [Netty Epoll Server IO #2/DEBUG] [net.minecraftforge.network.LoginWrapper/FMLHANDSHAKE]: Recieved login wrapper packet event for channel backpacked:play with index 29
[06Mar2025 23:37:04.782] [Netty Epoll Server IO #2/DEBUG] [net.minecraftforge.network.HandshakeHandler/FMLHANDSHAKE]: Received client indexed reply 29 of type com.mrcrayfish.framework.api.network.message.HandshakeMessage$Acknowledge
[06Mar2025 23:37:04.782] [Netty Epoll Server IO #2/DEBUG] [Framework/FRAMEWORK_HANDSHAKE]: Received acknowledgement from client
[06Mar2025 23:37:04.805] [Server thread/DEBUG] [net.minecraftforge.network.HandshakeHandler/FMLHANDSHAKE]: Handshake complete!
[06Mar2025 23:37:05.058] [Server thread/INFO] [net.minecraft.server.players.PlayerList/]: matiyes[/127.128.205.37:44923] logged in with entity id 307 at (333.4914113884291, 65.0, 1502.070272465949)
[06Mar2025 23:37:05.070] [Server thread/DEBUG] [net.minecraftforge.network.filters.NetworkFilters/]: Injected net.minecraftforge.network.filters.ForgeConnectionNetworkFilter@54856f7b into net.minecraft.network.Connection@58224d8c
[06Mar2025 23:37:05.118] [Server thread/DEBUG] [ModernFix/]: Sending ID correction packet to client with 300 classes
[06Mar2025 23:37:05.124] [Server thread/DEBUG] [Paraglider/]: Start adding village structures
[06Mar2025 23:37:05.124] [Server thread/DEBUG] [Paraglider/]: Added 2 elements to template pool 'minecraft:village/desert/houses'
[06Mar2025 23:37:05.124] [Server thread/DEBUG] [Paraglider/]: Added 2 elements to template pool 'minecraft:village/plains/houses'
[06Mar2025 23:37:05.125] [Server thread/DEBUG] [Paraglider/]: Added 2 elements to template pool 'minecraft:village/savanna/houses'
[06Mar2025 23:37:05.125] [Server thread/DEBUG] [Paraglider/]: Added 1 elements to template pool 'minecraft:village/snowy/houses'
[06Mar2025 23:37:05.125] [Server thread/DEBUG] [Paraglider/]: Added 2 elements to template pool 'minecraft:village/taiga/houses'
[06Mar2025 23:37:05.125] [Server thread/DEBUG] [Paraglider/]: Finished adding village structures
[06Mar2025 23:37:05.244] [Server thread/INFO] [net.minecraft.server.MinecraftServer/]: matiyes joined the game
[06Mar2025 23:37:05.354] [Server thread/INFO] [Jade/]: Syncing config to matiyes (25ecc0b0-e651-34f5-9def-320f522113b4)
[06Mar2025 23:37:06.208] [Server thread/DEBUG] [mixin/]: Mixing ai.task.memory_change_counting.BehaviorMixin from canary.mixins.json into net.minecraft.world.entity.ai.behavior.Behavior
[06Mar2025 23:37:06.240] [Server thread/DEBUG] [mixin/]: Mixing ai.task.replace_streams.GateBehaviorMixin from canary.mixins.json into net.minecraft.world.entity.ai.behavior.GateBehavior
[06Mar2025 23:37:06.261] [Server thread/DEBUG] [mixin/]: Mixing ai.task.replace_streams.ShufflingListMixin from canary.mixins.json into net.minecraft.world.entity.ai.behavior.ShufflingList
[06Mar2025 23:37:06.658] [Server thread/DEBUG] [io.netty.util.internal.ThreadLocalRandom/]: -Dio.netty.initialSeedUniquifier: 0x12ccde97b5e950fa
[06Mar2025 23:37:08.626] [Server thread/DEBUG] [mixin/]: Mixing ai.poi.tasks.LocateHidingPlaceMixin from canary.mixins.json into net.minecraft.world.entity.ai.behavior.LocateHidingPlace
[06Mar2025 23:37:09.655] [Server thread/DEBUG] [mixin/]: Mixing cached_hashcode.BlockStatePairKeyMixin from canary.mixins.json into net.minecraft.world.level.block.Block$BlockStatePairKey
[06Mar2025 23:37:11.856] [Worker-Main-1/DEBUG] [mixin/]: Mixing gen.chunk_region.WorldGenRegionMixin from canary.mixins.json into net.minecraft.server.level.WorldGenRegion
[06Mar2025 23:37:11.857] [Worker-Main-1/DEBUG] [mixin/]: Mixing world.WorldGenRegionAccessor from mvs-common.mixins.json into net.minecraft.server.level.WorldGenRegion
[06Mar2025 23:37:12.547] [Worker-Main-1/DEBUG] [mixin/]: Mixing BeardifierMixin from yungsapi.mixins.json into net.minecraft.world.level.levelgen.Beardifier
[06Mar2025 23:37:12.549] [Worker-Main-1/DEBUG] [mixin/]: Mixing accessor.BeardifierAccessor from yungsapi.mixins.json into net.minecraft.world.level.levelgen.Beardifier
[06Mar2025 23:38:17.269] [Server thread/DEBUG] [mixin/]: Mixing MixinPiglinAi from curios.mixins.json into net.minecraft.world.entity.monster.piglin.PiglinAi
[06Mar2025 23:38:43.022] [Server thread/DEBUG] [mixin/]: Generating mapped inner class net/minecraft/world/level/chunk/storage/SectionStorage$Anonymous$1fda74cdfc4246a39b1c60e9159e24d6 (originally com/abdelaziz/canary/mixin/ai/poi/SectionStorageMixin$1)
[06Mar2025 23:41:42.143] [Server thread/DEBUG] [net.minecraftforge.common.ForgeHooks/WP]: Gathering id map for writing to world save world
[06Mar2025 23:41:42.164] [Server thread/DEBUG] [net.minecraftforge.common.ForgeHooks/WP]: ID Map collection complete world
[06Mar2025 23:46:42.041] [Server thread/DEBUG] [net.minecraftforge.common.ForgeHooks/WP]: Gathering id map for writing to world save world
[06Mar2025 23:46:42.075] [Server thread/DEBUG] [net.minecraftforge.common.ForgeHooks/WP]: ID Map collection complete world
[06Mar2025 23:47:11.365] [Server thread/DEBUG] [MrCrayfish's Furniture Mod: Refurbished/]: Stopping ticking node at BlockPos{x=357, y=71, z=1512}
[06Mar2025 23:47:11.366] [Server thread/DEBUG] [MrCrayfish's Furniture Mod: Refurbished/]: Stopping ticking node at BlockPos{x=358, y=71, z=1512}
[06Mar2025 23:47:11.366] [Server thread/DEBUG] [MrCrayfish's Furniture Mod: Refurbished/]: Stopping ticking node at BlockPos{x=361, y=70, z=1517}
[06Mar2025 23:47:11.366] [Server thread/DEBUG] [MrCrayfish's Furniture Mod: Refurbished/]: Stopping ticking node at BlockPos{x=355, y=68, z=1519}
[06Mar2025 23:47:16.502] [Server thread/DEBUG] [MrCrayfish's Furniture Mod: Refurbished/]: Stopping ticking node at BlockPos{x=357, y=69, z=1520}
[06Mar2025 23:47:16.513] [Server thread/DEBUG] [MrCrayfish's Furniture Mod: Refurbished/]: Stopping ticking node at BlockPos{x=355, y=67, z=1521}
[06Mar2025 23:47:16.513] [Server thread/DEBUG] [MrCrayfish's Furniture Mod: Refurbished/]: Stopping ticking node at BlockPos{x=356, y=67, z=1521}
[06Mar2025 23:47:24.209] [Worker-Main-12/WARN] [net.minecraft.world.level.levelgen.structure.pools.JigsawPlacement/]: Empty or non-existent pool: revampedvillages:outpost/points
[06Mar2025 23:47:24.362] [Worker-Main-12/WARN] [net.minecraft.world.level.levelgen.structure.pools.JigsawPlacement/]: Empty or non-existent pool: revampedvillages:outpost/points
[06Mar2025 23:47:24.435] [Worker-Main-12/WARN] [net.minecraft.world.level.levelgen.structure.pools.JigsawPlacement/]: Empty or non-existent pool: revampedvillages:outpost/points
[06Mar2025 23:47:24.436] [Worker-Main-12/WARN] [net.minecraft.world.level.levelgen.structure.pools.JigsawPlacement/]: Empty or non-existent pool: revampedvillages:outpost/points
[06Mar2025 23:47:24.440] [Worker-Main-12/WARN] [net.minecraft.world.level.levelgen.structure.pools.JigsawPlacement/]: Empty or non-existent pool: revampedvillages:outpost/points
[06Mar2025 23:48:55.082] [Worker-Main-19/WARN] [net.minecraft.world.entity.ai.attributes.AttributeMap/]: Ignoring unknown attribute 'caelus:fall_flying'
[06Mar2025 23:48:55.092] [Worker-Main-19/WARN] [net.minecraft.world.entity.ai.attributes.AttributeMap/]: Ignoring unknown attribute 'irons_spellbooks:blood_spell_power'
[06Mar2025 23:48:55.092] [Worker-Main-19/WARN] [net.minecraft.world.entity.ai.attributes.AttributeMap/]: Ignoring unknown attribute 'irons_spellbooks:max_mana'
[06Mar2025 23:48:55.093] [Worker-Main-19/WARN] [net.minecraft.world.entity.ai.attributes.AttributeMap/]: Ignoring unknown attribute 'caelus:fall_flying'
[06Mar2025 23:48:55.094] [Worker-Main-19/WARN] [net.minecraft.world.entity.ai.attributes.AttributeMap/]: Ignoring unknown attribute 'caelus:fall_flying'
[06Mar2025 23:48:55.558] [Worker-Main-12/ERROR] [net.minecraft.world.entity.decoration.HangingEntity/]: Hanging entity at invalid position: BlockPos{x=-7, y=-53, z=74}
[06Mar2025 23:48:55.567] [Worker-Main-12/ERROR] [net.minecraft.world.entity.decoration.HangingEntity/]: Hanging entity at invalid position: BlockPos{x=-7, y=-53, z=75}
[06Mar2025 23:48:55.568] [Worker-Main-12/WARN] [net.minecraft.world.entity.ai.attributes.AttributeMap/]: Ignoring unknown attribute 'obscure_api:regeneration'
[06Mar2025 23:48:55.569] [Worker-Main-12/WARN] [net.minecraft.world.entity.ai.attributes.AttributeMap/]: Ignoring unknown attribute 'caelus:fall_flying'
[06Mar2025 23:48:55.570] [Worker-Main-12/WARN] [net.minecraft.world.entity.ai.attributes.AttributeMap/]: Ignoring unknown attribute 'obscure_api:regeneration'
[06Mar2025 23:48:55.570] [Worker-Main-12/WARN] [net.minecraft.world.entity.ai.attributes.AttributeMap/]: Ignoring unknown attribute 'caelus:fall_flying'
[06Mar2025 23:48:55.571] [Worker-Main-12/WARN] [net.minecraft.world.entity.ai.attributes.AttributeMap/]: Ignoring unknown attribute 'obscure_api:regeneration'
[06Mar2025 23:48:55.571] [Worker-Main-12/WARN] [net.minecraft.world.entity.ai.attributes.AttributeMap/]: Ignoring unknown attribute 'caelus:fall_flying'
[06Mar2025 23:48:55.573] [Worker-Main-12/ERROR] [net.minecraft.world.entity.decoration.HangingEntity/]: Hanging entity at invalid position: BlockPos{x=-3, y=-59, z=80}
[06Mar2025 23:48:55.574] [Worker-Main-12/WARN] [net.minecraft.world.entity.ai.attributes.AttributeMap/]: Ignoring unknown attribute 'obscure_api:regeneration'
[06Mar2025 23:48:55.575] [Worker-Main-12/WARN] [net.minecraft.world.entity.ai.attributes.AttributeMap/]: Ignoring unknown attribute 'caelus:fall_flying'
[06Mar2025 23:49:08.224] [Worker-Main-19/WARN] [net.minecraft.world.entity.ai.attributes.AttributeMap/]: Ignoring unknown attribute 'caelus:fall_flying'
[06Mar2025 23:49:08.238] [Worker-Main-18/WARN] [net.minecraft.world.entity.ai.attributes.AttributeMap/]: Ignoring unknown attribute 'caelus:fall_flying'
[06Mar2025 23:49:08.266] [Worker-Main-19/WARN] [net.minecraft.world.entity.ai.attributes.AttributeMap/]: Ignoring unknown attribute 'caelus:fall_flying'
[06Mar2025 23:49:08.269] [Worker-Main-19/WARN] [net.minecraft.world.entity.ai.attributes.AttributeMap/]: Ignoring unknown attribute 'caelus:fall_flying'
[06Mar2025 23:49:08.272] [Worker-Main-19/WARN] [net.minecraft.world.entity.ai.attributes.AttributeMap/]: Ignoring unknown attribute 'caelus:fall_flying'
[06Mar2025 23:49:08.274] [Worker-Main-19/WARN] [net.minecraft.world.entity.ai.attributes.AttributeMap/]: Ignoring unknown attribute 'caelus:fall_flying'
[06Mar2025 23:49:12.576] [Worker-Main-19/WARN] [net.minecraft.world.entity.ai.attributes.AttributeMap/]: Ignoring unknown attribute 'caelus:fall_flying'
[06Mar2025 23:49:13.424] [Worker-Main-19/WARN] [net.minecraft.world.entity.ai.attributes.AttributeMap/]: Ignoring unknown attribute 'caelus:fall_flying'
[06Mar2025 23:49:13.426] [Worker-Main-19/WARN] [net.minecraft.world.entity.ai.attributes.AttributeMap/]: Ignoring unknown attribute 'caelus:fall_flying'
[06Mar2025 23:49:13.471] [Worker-Main-18/WARN] [net.minecraft.world.entity.ai.attributes.AttributeMap/]: Ignoring unknown attribute 'caelus:fall_flying'
[06Mar2025 23:49:13.472] [Worker-Main-18/ERROR] [net.minecraft.world.entity.decoration.HangingEntity/]: Hanging entity at invalid position: BlockPos{x=1, y=-58, z=32}
[06Mar2025 23:49:13.473] [Worker-Main-18/ERROR] [net.minecraft.world.entity.decoration.HangingEntity/]: Hanging entity at invalid position: BlockPos{x=1, y=-58, z=36}
[06Mar2025 23:49:50.281] [Worker-Main-19/WARN] [net.minecraft.world.entity.ai.attributes.AttributeMap/]: Ignoring unknown attribute 'caelus:fall_flying'
[06Mar2025 23:51:12.168] [Worker-Main-18/WARN] [net.minecraft.world.level.levelgen.structure.pools.JigsawPlacement/]: Empty or non-existent pool: revampedvillages:mansion/bottom_back_left
[06Mar2025 23:51:12.182] [Worker-Main-18/WARN] [net.minecraft.world.level.levelgen.structure.pools.JigsawPlacement/]: Empty or non-existent pool: revampedvillages:mansion/bottom_back_left
[06Mar2025 23:51:41.885] [Server thread/DEBUG] [net.minecraftforge.common.ForgeHooks/WP]: Gathering id map for writing to world save world
[06Mar2025 23:51:41.902] [Server thread/DEBUG] [net.minecraftforge.common.ForgeHooks/WP]: ID Map collection complete world
[06Mar2025 23:52:20.113] [Server thread/INFO] [net.minecraft.server.MinecraftServer/]: Made matiyes a server operator
[06Mar2025 23:52:29.131] [Server thread/INFO] [net.minecraft.server.MinecraftServer/]: [matiyes: Set the time to 1000]
[06Mar2025 23:53:26.733] [Worker-Main-19/ERROR] [net.minecraft.world.entity.decoration.HangingEntity/]: Hanging entity at invalid position: BlockPos{x=256, y=-1, z=335}
[06Mar2025 23:53:26.734] [Worker-Main-19/ERROR] [net.minecraft.world.entity.decoration.HangingEntity/]: Hanging entity at invalid position: BlockPos{x=256, y=0, z=336}
[06Mar2025 23:53:26.774] [Worker-Main-18/ERROR] [net.minecraft.world.entity.decoration.HangingEntity/]: Hanging entity at invalid position: BlockPos{x=247, y=0, z=326}
[06Mar2025 23:53:26.775] [Worker-Main-18/ERROR] [net.minecraft.world.entity.decoration.HangingEntity/]: Hanging entity at invalid position: BlockPos{x=246, y=1, z=326}
[06Mar2025 23:53:26.776] [Worker-Main-18/ERROR] [net.minecraft.world.entity.decoration.HangingEntity/]: Hanging entity at invalid position: BlockPos{x=246, y=2, z=327}
[06Mar2025 23:53:26.776] [Worker-Main-18/ERROR] [net.minecraft.world.entity.decoration.HangingEntity/]: Hanging entity at invalid position: BlockPos{x=251, y=2, z=326}
[06Mar2025 23:53:26.777] [Worker-Main-18/ERROR] [net.minecraft.world.entity.decoration.HangingEntity/]: Hanging entity at invalid position: BlockPos{x=251, y=0, z=332}
[06Mar2025 23:53:26.778] [Worker-Main-18/ERROR] [net.minecraft.world.entity.decoration.HangingEntity/]: Hanging entity at invalid position: BlockPos{x=252, y=1, z=326}
[06Mar2025 23:53:26.778] [Worker-Main-18/ERROR] [net.minecraft.world.entity.decoration.HangingEntity/]: Hanging entity at invalid position: BlockPos{x=249, y=2, z=326}
[06Mar2025 23:53:26.779] [Worker-Main-18/ERROR] [net.minecraft.world.entity.decoration.HangingEntity/]: Hanging entity at invalid position: BlockPos{x=253, y=2, z=332}
[06Mar2025 23:53:26.780] [Worker-Main-18/ERROR] [net.minecraft.world.entity.decoration.HangingEntity/]: Hanging entity at invalid position: BlockPos{x=251, y=2, z=332}
[06Mar2025 23:53:26.784] [Worker-Main-18/ERROR] [net.minecraft.world.entity.decoration.HangingEntity/]: Hanging entity at invalid position: BlockPos{x=250, y=-1, z=332}
[06Mar2025 23:53:26.785] [Worker-Main-18/ERROR] [net.minecraft.world.entity.decoration.HangingEntity/]: Hanging entity at invalid position: BlockPos{x=253, y=-2, z=332}
[06Mar2025 23:53:26.788] [Worker-Main-18/ERROR] [net.minecraft.world.entity.decoration.HangingEntity/]: Hanging entity at invalid position: BlockPos{x=256, y=0, z=321}
[06Mar2025 23:53:26.788] [Worker-Main-18/ERROR] [net.minecraft.world.entity.decoration.HangingEntity/]: Hanging entity at invalid position: BlockPos{x=256, y=0, z=320}
[06Mar2025 23:53:26.789] [Worker-Main-18/ERROR] [net.minecraft.world.entity.decoration.HangingEntity/]: Hanging entity at invalid position: BlockPos{x=258, y=0, z=324}
[06Mar2025 23:53:26.790] [Worker-Main-18/ERROR] [net.minecraft.world.entity.decoration.HangingEntity/]: Hanging entity at invalid position: BlockPos{x=258, y=1, z=326}
[06Mar2025 23:53:26.791] [Worker-Main-18/ERROR] [net.minecraft.world.entity.decoration.HangingEntity/]: Hanging entity at invalid position: BlockPos{x=256, y=0, z=326}
[06Mar2025 23:53:26.793] [Worker-Main-18/ERROR] [net.minecraft.world.entity.decoration.HangingEntity/]: Hanging entity at invalid position: BlockPos{x=256, y=-1, z=320}
[06Mar2025 23:53:26.793] [Worker-Main-18/ERROR] [net.minecraft.world.entity.decoration.HangingEntity/]: Hanging entity at invalid position: BlockPos{x=256, y=-1, z=321}
[06Mar2025 23:53:27.279] [Worker-Main-19/ERROR] [net.minecraft.world.entity.decoration.HangingEntity/]: Hanging entity at invalid position: BlockPos{x=256, y=-1, z=314}
[06Mar2025 23:53:27.280] [Worker-Main-19/ERROR] [net.minecraft.world.entity.decoration.HangingEntity/]: Hanging entity at invalid position: BlockPos{x=256, y=-1, z=313}
[06Mar2025 23:53:27.280] [Worker-Main-19/ERROR] [net.minecraft.world.entity.decoration.HangingEntity/]: Hanging entity at invalid position: BlockPos{x=257, y=-1, z=311}
[06Mar2025 23:53:27.281] [Worker-Main-19/ERROR] [net.minecraft.world.entity.decoration.HangingEntity/]: Hanging entity at invalid position: BlockPos{x=257, y=-2, z=311}
[06Mar2025 23:53:28.043] [Worker-Main-18/ERROR] [net.minecraft.world.entity.decoration.HangingEntity/]: Hanging entity at invalid position: BlockPos{x=247, y=2, z=301}
[06Mar2025 23:53:28.043] [Worker-Main-18/ERROR] [net.minecraft.world.entity.decoration.HangingEntity/]: Hanging entity at invalid position: BlockPos{x=247, y=3, z=295}
[06Mar2025 23:53:28.044] [Worker-Main-18/ERROR] [net.minecraft.world.entity.decoration.HangingEntity/]: Hanging entity at invalid position: BlockPos{x=251, y=1, z=301}
[06Mar2025 23:53:28.044] [Worker-Main-18/ERROR] [net.minecraft.world.entity.decoration.HangingEntity/]: Hanging entity at invalid position: BlockPos{x=248, y=1, z=301}
[06Mar2025 23:53:28.044] [Worker-Main-18/ERROR] [net.minecraft.world.entity.decoration.HangingEntity/]: Hanging entity at invalid position: BlockPos{x=249, y=2, z=295}
[06Mar2025 23:53:28.044] [Worker-Main-18/ERROR] [net.minecraft.world.entity.decoration.HangingEntity/]: Hanging entity at invalid position: BlockPos{x=251, y=2, z=295}
[06Mar2025 23:53:28.045] [Worker-Main-18/ERROR] [net.minecraft.world.entity.decoration.HangingEntity/]: Hanging entity at invalid position: BlockPos{x=253, y=1, z=295}
[06Mar2025 23:53:28.045] [Worker-Main-18/ERROR] [net.minecraft.world.entity.decoration.HangingEntity/]: Hanging entity at invalid position: BlockPos{x=254, y=2, z=295}
[06Mar2025 23:53:28.045] [Worker-Main-18/ERROR] [net.minecraft.world.entity.decoration.HangingEntity/]: Hanging entity at invalid position: BlockPos{x=248, y=3, z=301}
[06Mar2025 23:53:28.046] [Worker-Main-18/ERROR] [net.minecraft.world.entity.decoration.HangingEntity/]: Hanging entity at invalid position: BlockPos{x=249, y=4, z=295}
[06Mar2025 23:53:28.047] [Worker-Main-18/ERROR] [net.minecraft.world.entity.decoration.HangingEntity/]: Hanging entity at invalid position: BlockPos{x=253, y=3, z=295}
[06Mar2025 23:53:28.047] [Worker-Main-18/ERROR] [net.minecraft.world.entity.decoration.HangingEntity/]: Hanging entity at invalid position: BlockPos{x=250, y=3, z=295}
[06Mar2025 23:53:28.047] [Worker-Main-18/ERROR] [net.minecraft.world.entity.decoration.HangingEntity/]: Hanging entity at invalid position: BlockPos{x=250, y=-1, z=295}
[06Mar2025 23:53:28.048] [Worker-Main-18/ERROR] [net.minecraft.world.entity.decoration.HangingEntity/]: Hanging entity at invalid position: BlockPos{x=251, y=-2, z=295}
[06Mar2025 23:53:28.048] [Worker-Main-18/ERROR] [net.minecraft.world.entity.decoration.HangingEntity/]: Hanging entity at invalid position: BlockPos{x=251, y=-1, z=295}
[06Mar2025 23:53:28.049] [Worker-Main-18/ERROR] [net.minecraft.world.entity.decoration.HangingEntity/]: Hanging entity at invalid position: BlockPos{x=250, y=-2, z=295}
[06Mar2025 23:53:28.050] [Worker-Main-18/ERROR] [net.minecraft.world.entity.decoration.HangingEntity/]: Hanging entity at invalid position: BlockPos{x=257, y=0, z=295}
[06Mar2025 23:53:28.051] [Worker-Main-18/ERROR] [net.minecraft.world.entity.decoration.HangingEntity/]: Hanging entity at invalid position: BlockPos{x=256, y=1, z=295}
[06Mar2025 23:53:28.052] [Worker-Main-18/ERROR] [net.minecraft.world.entity.decoration.HangingEntity/]: Hanging entity at invalid position: BlockPos{x=258, y=-1, z=295}
[06Mar2025 23:54:09.399] [Worker-Main-18/ERROR] [net.minecraft.world.entity.decoration.HangingEntity/]: Hanging entity at invalid position: BlockPos{x=263, y=1, z=335}
[06Mar2025 23:54:09.401] [Worker-Main-18/ERROR] [net.minecraft.world.entity.decoration.HangingEntity/]: Hanging entity at invalid position: BlockPos{x=262, y=0, z=335}
[06Mar2025 23:54:09.401] [Worker-Main-18/ERROR] [net.minecraft.world.entity.decoration.HangingEntity/]: Hanging entity at invalid position: BlockPos{x=266, y=0, z=335}
[06Mar2025 23:54:09.402] [Worker-Main-18/ERROR] [net.minecraft.world.entity.decoration.HangingEntity/]: Hanging entity at invalid position: BlockPos{x=264, y=7, z=335}
[06Mar2025 23:54:09.405] [Worker-Main-18/ERROR] [net.minecraft.world.entity.decoration.HangingEntity/]: Hanging entity at invalid position: BlockPos{x=265, y=6, z=335}
[06Mar2025 23:54:09.406] [Worker-Main-18/ERROR] [net.minecraft.world.entity.decoration.HangingEntity/]: Hanging entity at invalid position: BlockPos{x=265, y=8, z=335}
[06Mar2025 23:54:09.407] [Worker-Main-18/ERROR] [net.minecraft.world.entity.decoration.HangingEntity/]: Hanging entity at invalid position: BlockPos{x=269, y=7, z=334}
[06Mar2025 23:54:09.408] [Worker-Main-18/ERROR] [net.minecraft.world.entity.decoration.HangingEntity/]: Hanging entity at invalid position: BlockPos{x=271, y=9, z=335}
[06Mar2025 23:54:09.410] [Worker-Main-18/ERROR] [net.minecraft.world.entity.decoration.HangingEntity/]: Hanging entity at invalid position: BlockPos{x=270, y=13, z=334}
[06Mar2025 23:54:09.411] [Worker-Main-18/ERROR] [net.minecraft.world.entity.decoration.HangingEntity/]: Hanging entity at invalid position: BlockPos{x=269, y=15, z=334}
[06Mar2025 23:54:09.413] [Worker-Main-18/ERROR] [net.minecraft.world.entity.decoration.HangingEntity/]: Hanging entity at invalid position: BlockPos{x=263, y=-1, z=335}
[06Mar2025 23:54:09.414] [Worker-Main-18/ERROR] [net.minecraft.world.entity.decoration.HangingEntity/]: Hanging entity at invalid position: BlockPos{x=259, y=-1, z=335}
[06Mar2025 23:54:09.417] [Worker-Main-18/ERROR] [net.minecraft.world.entity.decoration.HangingEntity/]: Hanging entity at invalid position: BlockPos{x=259, y=-3, z=335}
[06Mar2025 23:54:09.417] [Worker-Main-18/ERROR] [net.minecraft.world.entity.decoration.HangingEntity/]: Hanging entity at invalid position: BlockPos{x=271, y=-2, z=335}
[06Mar2025 23:54:09.418] [Worker-Main-18/ERROR] [net.minecraft.world.entity.decoration.HangingEntity/]: Hanging entity at invalid position: BlockPos{x=266, y=-2, z=334}
[06Mar2025 23:54:09.419] [Worker-Main-18/ERROR] [net.minecraft.world.entity.decoration.HangingEntity/]: Hanging entity at invalid position: BlockPos{x=266, y=-1, z=334}
[06Mar2025 23:54:09.421] [Worker-Main-18/ERROR] [net.minecraft.world.entity.decoration.HangingEntity/]: Hanging entity at invalid position: BlockPos{x=259, y=0, z=336}
[06Mar2025 23:54:09.422] [Worker-Main-18/ERROR] [net.minecraft.world.entity.decoration.HangingEntity/]: Hanging entity at invalid position: BlockPos{x=266, y=0, z=337}
[06Mar2025 23:54:09.423] [Worker-Main-18/ERROR] [net.minecraft.world.entity.decoration.HangingEntity/]: Hanging entity at invalid position: BlockPos{x=267, y=1, z=337}
[06Mar2025 23:54:09.424] [Worker-Main-18/ERROR] [net.minecraft.world.entity.decoration.HangingEntity/]: Hanging entity at invalid position: BlockPos{x=269, y=8, z=337}
[06Mar2025 23:54:09.425] [Worker-Main-18/ERROR] [net.minecraft.world.entity.decoration.HangingEntity/]: Hanging entity at invalid position: BlockPos{x=271, y=10, z=336}
[06Mar2025 23:54:09.426] [Worker-Main-18/ERROR] [net.minecraft.world.entity.decoration.HangingEntity/]: Hanging entity at invalid position: BlockPos{x=270, y=14, z=336}
[06Mar2025 23:54:09.426] [Worker-Main-18/ERROR] [net.minecraft.world.entity.decoration.HangingEntity/]: Hanging entity at invalid position: BlockPos{x=265, y=-1, z=340}
[06Mar2025 23:54:09.429] [Worker-Main-18/ERROR] [net.minecraft.world.entity.decoration.HangingEntity/]: Hanging entity at invalid position: BlockPos{x=271, y=0, z=340}
[06Mar2025 23:54:09.429] [Worker-Main-18/ERROR] [net.minecraft.world.entity.decoration.HangingEntity/]: Hanging entity at invalid position: BlockPos{x=270, y=1, z=340}
[06Mar2025 23:54:09.431] [Worker-Main-18/ERROR] [net.minecraft.world.entity.decoration.HangingEntity/]: Hanging entity at invalid position: BlockPos{x=269, y=0, z=340}
[06Mar2025 23:54:09.433] [Worker-Main-18/ERROR] [net.minecraft.world.entity.decoration.HangingEntity/]: Hanging entity at invalid position: BlockPos{x=259, y=-2, z=336}
[06Mar2025 23:54:09.434] [Worker-Main-18/ERROR] [net.minecraft.world.entity.decoration.HangingEntity/]: Hanging entity at invalid position: BlockPos{x=263, y=-1, z=340}
[06Mar2025 23:54:09.434] [Worker-Main-18/ERROR] [net.minecraft.world.entity.decoration.HangingEntity/]: Hanging entity at invalid position: BlockPos{x=266, y=-2, z=340}
[06Mar2025 23:54:09.435] [Worker-Main-18/ERROR] [net.minecraft.world.entity.decoration.HangingEntity/]: Hanging entity at invalid position: BlockPos{x=273, y=-1, z=335}
[06Mar2025 23:54:09.435] [Worker-Main-18/ERROR] [net.minecraft.world.entity.decoration.HangingEntity/]: Hanging entity at invalid position: BlockPos{x=274, y=-2, z=335}
[06Mar2025 23:54:11.947] [Worker-Main-18/ERROR] [net.minecraft.world.entity.decoration.HangingEntity/]: Hanging entity at invalid position: BlockPos{x=271, y=10, z=303}
[06Mar2025 23:54:11.948] [Worker-Main-18/ERROR] [net.minecraft.world.entity.decoration.HangingEntity/]: Hanging entity at invalid position: BlockPos{x=271, y=21, z=303}
[06Mar2025 23:54:11.948] [Worker-Main-18/ERROR] [net.minecraft.world.entity.decoration.HangingEntity/]: Hanging entity at invalid position: BlockPos{x=271, y=19, z=303}
[06Mar2025 23:54:11.949] [Worker-Main-18/ERROR] [net.minecraft.world.entity.decoration.HangingEntity/]: Hanging entity at invalid position: BlockPos{x=261, y=0, z=309}
[06Mar2025 23:54:11.949] [Worker-Main-18/ERROR] [net.minecraft.world.entity.decoration.HangingEntity/]: Hanging entity at invalid position: BlockPos{x=261, y=0, z=316}
[06Mar2025 23:54:11.949] [Worker-Main-18/ERROR] [net.minecraft.world.entity.decoration.HangingEntity/]: Hanging entity at invalid position: BlockPos{x=261, y=0, z=307}
[06Mar2025 23:54:11.949] [Worker-Main-18/ERROR] [net.minecraft.world.entity.decoration.HangingEntity/]: Hanging entity at invalid position: BlockPos{x=271, y=15, z=304}
[06Mar2025 23:54:11.950] [Worker-Main-18/ERROR] [net.minecraft.world.entity.decoration.HangingEntity/]: Hanging entity at invalid position: BlockPos{x=266, y=0, z=311}
[06Mar2025 23:54:11.950] [Worker-Main-18/ERROR] [net.minecraft.world.entity.decoration.HangingEntity/]: Hanging entity at invalid position: BlockPos{x=266, y=1, z=312}
[06Mar2025 23:54:11.950] [Worker-Main-18/ERROR] [net.minecraft.world.entity.decoration.HangingEntity/]: Hanging entity at invalid position: BlockPos{x=266, y=0, z=308}
[06Mar2025 23:54:11.950] [Worker-Main-18/ERROR] [net.minecraft.world.entity.decoration.HangingEntity/]: Hanging entity at invalid position: BlockPos{x=268, y=2, z=310}
[06Mar2025 23:54:11.951] [Worker-Main-18/ERROR] [net.minecraft.world.entity.decoration.HangingEntity/]: Hanging entity at invalid position: BlockPos{x=268, y=2, z=311}
[06Mar2025 23:54:11.951] [Worker-Main-18/ERROR] [net.minecraft.world.entity.decoration.HangingEntity/]: Hanging entity at invalid position: BlockPos{x=268, y=1, z=308}
[06Mar2025 23:54:11.951] [Worker-Main-18/ERROR] [net.minecraft.world.entity.decoration.HangingEntity/]: Hanging entity at invalid position: BlockPos{x=271, y=8, z=307}
[06Mar2025 23:54:11.951] [Worker-Main-18/ERROR] [net.minecraft.world.entity.decoration.HangingEntity/]: Hanging entity at invalid position: BlockPos{x=271, y=7, z=308}
[06Mar2025 23:54:11.952] [Worker-Main-18/ERROR] [net.minecraft.world.entity.decoration.HangingEntity/]: Hanging entity at invalid position: BlockPos{x=271, y=7, z=311}
[06Mar2025 23:54:11.952] [Worker-Main-18/ERROR] [net.minecraft.world.entity.decoration.HangingEntity/]: Hanging entity at invalid position: BlockPos{x=271, y=9, z=313}
[06Mar2025 23:54:11.952] [Worker-Main-18/ERROR] [net.minecraft.world.entity.decoration.HangingEntity/]: Hanging entity at invalid position: BlockPos{x=271, y=7, z=314}
[06Mar2025 23:54:11.952] [Worker-Main-18/ERROR] [net.minecraft.world.entity.decoration.HangingEntity/]: Hanging entity at invalid position: BlockPos{x=267, y=10, z=313}
[06Mar2025 23:54:11.952] [Worker-Main-18/ERROR] [net.minecraft.world.entity.decoration.HangingEntity/]: Hanging entity at invalid position: BlockPos{x=267, y=9, z=312}
[06Mar2025 23:54:11.952] [Worker-Main-18/ERROR] [net.minecraft.world.entity.decoration.HangingEntity/]: Hanging entity at invalid position: BlockPos{x=267, y=14, z=312}
[06Mar2025 23:54:11.953] [Worker-Main-18/ERROR] [net.minecraft.world.entity.decoration.HangingEntity/]: Hanging entity at invalid position: BlockPos{x=267, y=14, z=311}
[06Mar2025 23:54:11.953] [Worker-Main-18/ERROR] [net.minecraft.world.entity.decoration.HangingEntity/]: Hanging entity at invalid position: BlockPos{x=264, y=15, z=311}
[06Mar2025 23:54:11.954] [Worker-Main-18/ERROR] [net.minecraft.world.entity.decoration.HangingEntity/]: Hanging entity at invalid position: BlockPos{x=263, y=18, z=316}
[06Mar2025 23:54:11.954] [Worker-Main-18/ERROR] [net.minecraft.world.entity.decoration.HangingEntity/]: Hanging entity at invalid position: BlockPos{x=263, y=18, z=315}
[06Mar2025 23:54:11.954] [Worker-Main-18/ERROR] [net.minecraft.world.entity.decoration.HangingEntity/]: Hanging entity at invalid position: BlockPos{x=267, y=18, z=315}
[06Mar2025 23:54:11.955] [Worker-Main-18/ERROR] [net.minecraft.world.entity.decoration.HangingEntity/]: Hanging entity at invalid position: BlockPos{x=271, y=19, z=311}
[06Mar2025 23:54:11.955] [Worker-Main-18/ERROR] [net.minecraft.world.entity.decoration.HangingEntity/]: Hanging entity at invalid position: BlockPos{x=271, y=20, z=313}
[06Mar2025 23:54:11.955] [Worker-Main-18/ERROR] [net.minecraft.world.entity.decoration.HangingEntity/]: Hanging entity at invalid position: BlockPos{x=261, y=-2, z=304}
[06Mar2025 23:54:11.956] [Worker-Main-18/ERROR] [net.minecraft.world.entity.decoration.HangingEntity/]: Hanging entity at invalid position: BlockPos{x=261, y=-1, z=310}
[06Mar2025 23:54:11.956] [Worker-Main-18/ERROR] [net.minecraft.world.entity.decoration.HangingEntity/]: Hanging entity at invalid position: BlockPos{x=261, y=-1, z=314}
[06Mar2025 23:54:11.956] [Worker-Main-18/ERROR] [net.minecraft.world.entity.decoration.HangingEntity/]: Hanging entity at invalid position: BlockPos{x=259, y=-1, z=315}
[06Mar2025 23:54:11.956] [Worker-Main-18/ERROR] [net.minecraft.world.entity.decoration.HangingEntity/]: Hanging entity at invalid position: BlockPos{x=259, y=-2, z=316}
[06Mar2025 23:54:11.957] [Worker-Main-18/ERROR] [net.minecraft.world.entity.decoration.HangingEntity/]: Hanging entity at invalid position: BlockPos{x=269, y=-2, z=315}
[06Mar2025 23:54:11.957] [Worker-Main-18/ERROR] [net.minecraft.world.entity.decoration.HangingEntity/]: Hanging entity at invalid position: BlockPos{x=267, y=-1, z=315}
[06Mar2025 23:54:11.958] [Worker-Main-18/ERROR] [net.minecraft.world.entity.decoration.HangingEntity/]: Hanging entity at invalid position: BlockPos{x=272, y=15, z=302}
[06Mar2025 23:54:11.958] [Worker-Main-18/ERROR] [net.minecraft.world.entity.decoration.HangingEntity/]: Hanging entity at invalid position: BlockPos{x=274, y=2, z=304}
[06Mar2025 23:54:11.958] [Worker-Main-18/ERROR] [net.minecraft.world.entity.decoration.HangingEntity/]: Hanging entity at invalid position: BlockPos{x=274, y=0, z=306}
[06Mar2025 23:54:11.959] [Worker-Main-18/ERROR] [net.minecraft.world.entity.decoration.HangingEntity/]: Hanging entity at invalid position: BlockPos{x=273, y=6, z=311}
[06Mar2025 23:54:11.959] [Worker-Main-18/ERROR] [net.minecraft.world.entity.decoration.HangingEntity/]: Hanging entity at invalid position: BlockPos{x=272, y=15, z=306}
[06Mar2025 23:54:11.959] [Worker-Main-18/ERROR] [net.minecraft.world.entity.decoration.HangingEntity/]: Hanging entity at invalid position: BlockPos{x=274, y=15, z=311}
[06Mar2025 23:54:11.959] [Worker-Main-18/ERROR] [net.minecraft.world.entity.decoration.HangingEntity/]: Hanging entity at invalid position: BlockPos{x=274, y=14, z=312}
[06Mar2025 23:54:11.959] [Worker-Main-18/ERROR] [net.minecraft.world.entity.decoration.HangingEntity/]: Hanging entity at invalid position: BlockPos{x=274, y=15, z=313}
[06Mar2025 23:54:11.967] [Worker-Main-18/ERROR] [net.minecraft.world.entity.decoration.HangingEntity/]: Hanging entity at invalid position: BlockPos{x=261, y=0, z=317}
[06Mar2025 23:54:11.967] [Worker-Main-18/ERROR] [net.minecraft.world.entity.decoration.HangingEntity/]: Hanging entity at invalid position: BlockPos{x=271, y=18, z=317}
[06Mar2025 23:54:11.968] [Worker-Main-18/ERROR] [net.minecraft.world.entity.decoration.HangingEntity/]: Hanging entity at invalid position: BlockPos{x=259, y=-1, z=317}
[06Mar2025 23:54:11.989] [Worker-Main-18/ERROR] [net.minecraft.world.entity.decoration.HangingEntity/]: Hanging entity at invalid position: BlockPos{x=267, y=9, z=319}
[06Mar2025 23:54:11.992] [Worker-Main-18/ERROR] [net.minecraft.world.entity.decoration.HangingEntity/]: Hanging entity at invalid position: BlockPos{x=269, y=9, z=318}
[06Mar2025 23:54:11.994] [Worker-Main-18/ERROR] [net.minecraft.world.entity.decoration.HangingEntity/]: Hanging entity at invalid position: BlockPos{x=270, y=10, z=318}
[06Mar2025 23:54:11.997] [Worker-Main-18/ERROR] [net.minecraft.world.entity.decoration.HangingEntity/]: Hanging entity at invalid position: BlockPos{x=269, y=15, z=319}
[06Mar2025 23:54:11.997] [Worker-Main-18/ERROR] [net.minecraft.world.entity.decoration.HangingEntity/]: Hanging entity at invalid position: BlockPos{x=269, y=14, z=318}
[06Mar2025 23:54:11.998] [Worker-Main-18/ERROR] [net.minecraft.world.entity.decoration.HangingEntity/]: Hanging entity at invalid position: BlockPos{x=267, y=14, z=319}
[06Mar2025 23:54:11.999] [Worker-Main-18/ERROR] [net.minecraft.world.entity.decoration.HangingEntity/]: Hanging entity at invalid position: BlockPos{x=259, y=-2, z=318}
[06Mar2025 23:54:12.000] [Worker-Main-18/ERROR] [net.minecraft.world.entity.decoration.HangingEntity/]: Hanging entity at invalid position: BlockPos{x=259, y=-1, z=319}
[06Mar2025 23:54:12.001] [Worker-Main-18/ERROR] [net.minecraft.world.entity.decoration.HangingEntity/]: Hanging entity at invalid position: BlockPos{x=269, y=-2, z=319}
[06Mar2025 23:54:12.002] [Worker-Main-18/ERROR] [net.minecraft.world.entity.decoration.HangingEntity/]: Hanging entity at invalid position: BlockPos{x=268, y=-3, z=319}
[06Mar2025 23:54:12.002] [Worker-Main-18/ERROR] [net.minecraft.world.entity.decoration.HangingEntity/]: Hanging entity at invalid position: BlockPos{x=267, y=-2, z=319}
[06Mar2025 23:54:12.003] [Worker-Main-18/ERROR] [net.minecraft.world.entity.decoration.HangingEntity/]: Hanging entity at invalid position: BlockPos{x=259, y=0, z=330}
[06Mar2025 23:54:12.004] [Worker-Main-18/ERROR] [net.minecraft.world.entity.decoration.HangingEntity/]: Hanging entity at invalid position: BlockPos{x=259, y=0, z=331}
[06Mar2025 23:54:12.004] [Worker-Main-18/ERROR] [net.minecraft.world.entity.decoration.HangingEntity/]: Hanging entity at invalid position: BlockPos{x=263, y=1, z=329}
[06Mar2025 23:54:12.005] [Worker-Main-18/ERROR] [net.minecraft.world.entity.decoration.HangingEntity/]: Hanging entity at invalid position: BlockPos{x=261, y=0, z=330}
[06Mar2025 23:54:12.006] [Worker-Main-18/ERROR] [net.minecraft.world.entity.decoration.HangingEntity/]: Hanging entity at invalid position: BlockPos{x=261, y=0, z=331}
[06Mar2025 23:54:12.007] [Worker-Main-18/ERROR] [net.minecraft.world.entity.decoration.HangingEntity/]: Hanging entity at invalid position: BlockPos{x=267, y=9, z=321}
[06Mar2025 23:54:12.007] [Worker-Main-18/ERROR] [net.minecraft.world.entity.decoration.HangingEntity/]: Hanging entity at invalid position: BlockPos{x=267, y=8, z=320}
[06Mar2025 23:54:12.008] [Worker-Main-18/ERROR] [net.minecraft.world.entity.decoration.HangingEntity/]: Hanging entity at invalid position: BlockPos{x=270, y=8, z=320}
[06Mar2025 23:54:12.009] [Worker-Main-18/ERROR] [net.minecraft.world.entity.decoration.HangingEntity/]: Hanging entity at invalid position: BlockPos{x=271, y=7, z=320}
[06Mar2025 23:54:12.009] [Worker-Main-18/ERROR] [net.minecraft.world.entity.decoration.HangingEntity/]: Hanging entity at invalid position: BlockPos{x=266, y=14, z=321}
[06Mar2025 23:54:12.010] [Worker-Main-18/ERROR] [net.minecraft.world.entity.decoration.HangingEntity/]: Hanging entity at invalid position: BlockPos{x=264, y=13, z=321}
[06Mar2025 23:54:12.011] [Worker-Main-18/ERROR] [net.minecraft.world.entity.decoration.HangingEntity/]: Hanging entity at invalid position: BlockPos{x=264, y=1, z=329}
[06Mar2025 23:54:12.011] [Worker-Main-18/ERROR] [net.minecraft.world.entity.decoration.HangingEntity/]: Hanging entity at invalid position: BlockPos{x=269, y=7, z=328}
[06Mar2025 23:54:12.012] [Worker-Main-18/ERROR] [net.minecraft.world.entity.decoration.HangingEntity/]: Hanging entity at invalid position: BlockPos{x=269, y=6, z=329}
[06Mar2025 23:54:12.013] [Worker-Main-18/ERROR] [net.minecraft.world.entity.decoration.HangingEntity/]: Hanging entity at invalid position: BlockPos{x=269, y=7, z=330}
[06Mar2025 23:54:12.013] [Worker-Main-18/ERROR] [net.minecraft.world.entity.decoration.HangingEntity/]: Hanging entity at invalid position: BlockPos{x=268, y=8, z=324}
[06Mar2025 23:54:12.014] [Worker-Main-18/ERROR] [net.minecraft.world.entity.decoration.HangingEntity/]: Hanging entity at invalid position: BlockPos{x=264, y=8, z=327}
[06Mar2025 23:54:12.015] [Worker-Main-18/ERROR] [net.minecraft.world.entity.decoration.HangingEntity/]: Hanging entity at invalid position: BlockPos{x=265, y=7, z=327}
[06Mar2025 23:54:12.016] [Worker-Main-18/ERROR] [net.minecraft.world.entity.decoration.HangingEntity/]: Hanging entity at invalid position: BlockPos{x=269, y=8, z=333}
[06Mar2025 23:54:12.017] [Worker-Main-18/ERROR] [net.minecraft.world.entity.decoration.HangingEntity/]: Hanging entity at invalid position: BlockPos{x=269, y=7, z=332}
[06Mar2025 23:54:12.017] [Worker-Main-18/ERROR] [net.minecraft.world.entity.decoration.HangingEntity/]: Hanging entity at invalid position: BlockPos{x=271, y=8, z=325}
[06Mar2025 23:54:12.017] [Worker-Main-18/ERROR] [net.minecraft.world.entity.decoration.HangingEntity/]: Hanging entity at invalid position: BlockPos{x=271, y=10, z=323}
[06Mar2025 23:54:12.017] [Worker-Main-18/ERROR] [net.minecraft.world.entity.decoration.HangingEntity/]: Hanging entity at invalid position: BlockPos{x=271, y=9, z=322}
[06Mar2025 23:54:12.018] [Worker-Main-18/ERROR] [net.minecraft.world.entity.decoration.HangingEntity/]: Hanging entity at invalid position: BlockPos{x=271, y=9, z=326}
[06Mar2025 23:54:12.018] [Worker-Main-18/ERROR] [net.minecraft.world.entity.decoration.HangingEntity/]: Hanging entity at invalid position: BlockPos{x=271, y=10, z=329}
[06Mar2025 23:54:12.018] [Worker-Main-18/ERROR] [net.minecraft.world.entity.decoration.HangingEntity/]: Hanging entity at invalid position: BlockPos{x=269, y=15, z=329}
[06Mar2025 23:54:12.019] [Worker-Main-18/ERROR] [net.minecraft.world.entity.decoration.HangingEntity/]: Hanging entity at invalid position: BlockPos{x=269, y=13, z=329}
[06Mar2025 23:54:12.019] [Worker-Main-18/ERROR] [net.minecraft.world.entity.decoration.HangingEntity/]: Hanging entity at invalid position: BlockPos{x=269, y=15, z=322}
[06Mar2025 23:54:12.019] [Worker-Main-18/ERROR] [net.minecraft.world.entity.decoration.HangingEntity/]: Hanging entity at invalid position: BlockPos{x=264, y=14, z=332}
[06Mar2025 23:54:12.019] [Worker-Main-18/ERROR] [net.minecraft.world.entity.decoration.HangingEntity/]: Hanging entity at invalid position: BlockPos{x=265, y=14, z=330}
[06Mar2025 23:54:12.019] [Worker-Main-18/ERROR] [net.minecraft.world.entity.decoration.HangingEntity/]: Hanging entity at invalid position: BlockPos{x=266, y=13, z=330}
[06Mar2025 23:54:12.020] [Worker-Main-18/ERROR] [net.minecraft.world.entity.decoration.HangingEntity/]: Hanging entity at invalid position: BlockPos{x=264, y=13, z=330}
[06Mar2025 23:54:12.022] [Worker-Main-18/ERROR] [net.minecraft.world.entity.decoration.HangingEntity/]: Hanging entity at invalid position: BlockPos{x=266, y=-1, z=333}
[06Mar2025 23:54:12.023] [Worker-Main-18/ERROR] [net.minecraft.world.entity.decoration.HangingEntity/]: Hanging entity at invalid position: BlockPos{x=272, y=9, z=318}
[06Mar2025 23:54:12.023] [Worker-Main-18/ERROR] [net.minecraft.world.entity.decoration.HangingEntity/]: Hanging entity at invalid position: BlockPos{x=273, y=9, z=318}
[06Mar2025 23:54:12.023] [Worker-Main-18/ERROR] [net.minecraft.world.entity.decoration.HangingEntity/]: Hanging entity at invalid position: BlockPos{x=272, y=8, z=318}
[06Mar2025 23:54:12.024] [Worker-Main-18/ERROR] [net.minecraft.world.entity.decoration.HangingEntity/]: Hanging entity at invalid position: BlockPos{x=273, y=-1, z=319}
[06Mar2025 23:54:12.024] [Worker-Main-18/ERROR] [net.minecraft.world.entity.decoration.HangingEntity/]: Hanging entity at invalid position: BlockPos{x=272, y=2, z=321}
[06Mar2025 23:54:12.024] [Worker-Main-18/ERROR] [net.minecraft.world.entity.decoration.HangingEntity/]: Hanging entity at invalid position: BlockPos{x=272, y=9, z=320}
[06Mar2025 23:54:12.025] [Worker-Main-18/ERROR] [net.minecraft.world.entity.decoration.HangingEntity/]: Hanging entity at invalid position: BlockPos{x=274, y=10, z=327}
[06Mar2025 23:54:12.025] [Worker-Main-18/ERROR] [net.minecraft.world.entity.decoration.HangingEntity/]: Hanging entity at invalid position: BlockPos{x=272, y=10, z=322}
[06Mar2025 23:54:12.025] [Worker-Main-18/ERROR] [net.minecraft.world.entity.decoration.HangingEntity/]: Hanging entity at invalid position: BlockPos{x=274, y=9, z=330}
[06Mar2025 23:54:12.025] [Worker-Main-18/ERROR] [net.minecraft.world.entity.decoration.HangingEntity/]: Hanging entity at invalid position: BlockPos{x=274, y=13, z=327}
[06Mar2025 23:54:12.025] [Worker-Main-18/ERROR] [net.minecraft.world.entity.decoration.HangingEntity/]: Hanging entity at invalid position: BlockPos{x=274, y=13, z=326}
[06Mar2025 23:54:12.026] [Worker-Main-18/ERROR] [net.minecraft.world.entity.decoration.HangingEntity/]: Hanging entity at invalid position: BlockPos{x=274, y=14, z=328}
[06Mar2025 23:54:12.026] [Worker-Main-18/ERROR] [net.minecraft.world.entity.decoration.HangingEntity/]: Hanging entity at invalid position: BlockPos{x=274, y=15, z=331}
[06Mar2025 23:54:12.027] [Worker-Main-18/ERROR] [net.minecraft.world.entity.decoration.HangingEntity/]: Hanging entity at invalid position: BlockPos{x=274, y=21, z=320}
[06Mar2025 23:54:18.684] [Server thread/WARN] [net.minecraft.server.network.ServerGamePacketListenerImpl/]: matiyes moved too quickly! -1.4876173872685285,-1.252203340253729,10.037997880513558
[06Mar2025 23:54:18.709] [Server thread/WARN] [net.minecraft.server.MinecraftServer/]: Can't keep up! Is the server overloaded? Running 44405ms or 888 ticks behind
[06Mar2025 23:54:30.747] [Worker-Main-12/ERROR] [net.minecraft.world.entity.decoration.HangingEntity/]: Hanging entity at invalid position: BlockPos{x=286, y=21, z=334}
[06Mar2025 23:54:30.748] [Worker-Main-12/ERROR] [net.minecraft.world.entity.decoration.HangingEntity/]: Hanging entity at invalid position: BlockPos{x=285, y=20, z=334}
[06Mar2025 23:54:30.748] [Worker-Main-12/ERROR] [net.minecraft.world.entity.decoration.HangingEntity/]: Hanging entity at invalid position: BlockPos{x=285, y=-1, z=337}
[06Mar2025 23:54:30.749] [Worker-Main-12/ERROR] [net.minecraft.world.entity.decoration.HangingEntity/]: Hanging entity at invalid position: BlockPos{x=287, y=0, z=337}
[06Mar2025 23:54:30.750] [Worker-Main-12/ERROR] [net.minecraft.world.entity.decoration.HangingEntity/]: Hanging entity at invalid position: BlockPos{x=283, y=-1, z=337}
[06Mar2025 23:54:30.750] [Worker-Main-12/ERROR] [net.minecraft.world.entity.decoration.HangingEntity/]: Hanging entity at invalid position: BlockPos{x=286, y=-2, z=337}
[06Mar2025 23:54:30.751] [Worker-Main-12/ERROR] [net.minecraft.world.entity.decoration.HangingEntity/]: Hanging entity at invalid position: BlockPos{x=288, y=1, z=337}
[06Mar2025 23:54:30.751] [Worker-Main-12/ERROR] [net.minecraft.world.entity.decoration.HangingEntity/]: Hanging entity at invalid position: BlockPos{x=290, y=0, z=340}
[06Mar2025 23:54:30.752] [Worker-Main-12/ERROR] [net.minecraft.world.entity.decoration.HangingEntity/]: Hanging entity at invalid position: BlockPos{x=288, y=1, z=340}
[06Mar2025 23:54:30.753] [Worker-Main-12/ERROR] [net.minecraft.world.entity.decoration.HangingEntity/]: Hanging entity at invalid position: BlockPos{x=290, y=-2, z=337}
[06Mar2025 23:54:30.773] [Worker-Main-12/ERROR] [net.minecraft.world.entity.decoration.HangingEntity/]: Hanging entity at invalid position: BlockPos{x=280, y=2, z=335}
[06Mar2025 23:54:30.795] [Worker-Main-12/ERROR] [net.minecraft.world.entity.decoration.HangingEntity/]: Hanging entity at invalid position: BlockPos{x=275, y=18, z=334}
[06Mar2025 23:54:30.795] [Worker-Main-12/ERROR] [net.minecraft.world.entity.decoration.HangingEntity/]: Hanging entity at invalid position: BlockPos{x=278, y=0, z=340}
[06Mar2025 23:54:30.798] [Worker-Main-12/ERROR] [net.minecraft.world.entity.decoration.HangingEntity/]: Hanging entity at invalid position: BlockPos{x=280, y=0, z=340}
[06Mar2025 23:54:30.799] [Worker-Main-12/ERROR] [net.minecraft.world.entity.decoration.HangingEntity/]: Hanging entity at invalid position: BlockPos{x=275, y=-2, z=337}
[06Mar2025 23:54:30.800] [Worker-Main-12/ERROR] [net.minecraft.world.entity.decoration.HangingEntity/]: Hanging entity at invalid position: BlockPos{x=278, y=-8, z=341}
[06Mar2025 23:54:30.803] [Worker-Main-12/ERROR] [net.minecraft.world.entity.decoration.HangingEntity/]: Hanging entity at invalid position: BlockPos{x=279, y=-1, z=340}
[06Mar2025 23:54:30.804] [Worker-Main-12/ERROR] [net.minecraft.world.entity.decoration.HangingEntity/]: Hanging entity at invalid position: BlockPos{x=282, y=-2, z=347}
[06Mar2025 23:54:33.565] [Worker-Main-12/ERROR] [net.minecraft.world.entity.decoration.HangingEntity/]: Hanging entity at invalid position: BlockPos{x=292, y=15, z=334}
[06Mar2025 23:54:33.566] [Worker-Main-12/ERROR] [net.minecraft.world.entity.decoration.HangingEntity/]: Hanging entity at invalid position: BlockPos{x=296, y=0, z=334}
[06Mar2025 23:54:33.566] [Worker-Main-12/ERROR] [net.minecraft.world.entity.decoration.HangingEntity/]: Hanging entity at invalid position: BlockPos{x=296, y=9, z=334}
[06Mar2025 23:54:33.570] [Worker-Main-12/ERROR] [net.minecraft.world.entity.decoration.HangingEntity/]: Hanging entity at invalid position: BlockPos{x=296, y=9, z=335}
[06Mar2025 23:54:33.570] [Worker-Main-12/ERROR] [net.minecraft.world.entity.decoration.HangingEntity/]: Hanging entity at invalid position: BlockPos{x=295, y=21, z=334}
[06Mar2025 23:54:33.570] [Worker-Main-12/ERROR] [net.minecraft.world.entity.decoration.HangingEntity/]: Hanging entity at invalid position: BlockPos{x=295, y=20, z=335}
[06Mar2025 23:54:33.571] [Worker-Main-12/ERROR] [net.minecraft.world.entity.decoration.HangingEntity/]: Hanging entity at invalid position: BlockPos{x=291, y=-2, z=334}
[06Mar2025 23:54:33.571] [Worker-Main-12/ERROR] [net.minecraft.world.entity.decoration.HangingEntity/]: Hanging entity at invalid position: BlockPos{x=292, y=1, z=340}
[06Mar2025 23:54:33.571] [Worker-Main-12/ERROR] [net.minecraft.world.entity.decoration.HangingEntity/]: Hanging entity at invalid position: BlockPos{x=293, y=1, z=340}
[06Mar2025 23:54:33.571] [Worker-Main-12/ERROR] [net.minecraft.world.entity.decoration.HangingEntity/]: Hanging entity at invalid position: BlockPos{x=296, y=10, z=336}
[06Mar2025 23:54:33.572] [Worker-Main-12/ERROR] [net.minecraft.world.entity.decoration.HangingEntity/]: Hanging entity at invalid position: BlockPos{x=293, y=-1, z=337}
[06Mar2025 23:54:33.572] [Worker-Main-12/ERROR] [net.minecraft.world.entity.decoration.HangingEntity/]: Hanging entity at invalid position: BlockPos{x=291, y=-1, z=340}
[06Mar2025 23:54:36.967] [Worker-Main-12/ERROR] [net.minecraft.world.entity.decoration.HangingEntity/]: Hanging entity at invalid position: BlockPos{x=286, y=6, z=319}
[06Mar2025 23:54:36.968] [Worker-Main-12/ERROR] [net.minecraft.world.entity.decoration.HangingEntity/]: Hanging entity at invalid position: BlockPos{x=286, y=7, z=319}
[06Mar2025 23:54:36.968] [Worker-Main-12/ERROR] [net.minecraft.world.entity.decoration.HangingEntity/]: Hanging entity at invalid position: BlockPos{x=287, y=9, z=319}
[06Mar2025 23:54:36.970] [Worker-Main-12/ERROR] [net.minecraft.world.entity.decoration.HangingEntity/]: Hanging entity at invalid position: BlockPos{x=283, y=9, z=319}
[06Mar2025 23:54:36.970] [Worker-Main-12/ERROR] [net.minecraft.world.entity.decoration.HangingEntity/]: Hanging entity at invalid position: BlockPos{x=283, y=-1, z=319}
[06Mar2025 23:54:36.971] [Worker-Main-12/ERROR] [net.minecraft.world.entity.decoration.HangingEntity/]: Hanging entity at invalid position: BlockPos{x=286, y=-2, z=319}
[06Mar2025 23:54:36.976] [Worker-Main-12/ERROR] [net.minecraft.world.entity.decoration.HangingEntity/]: Hanging entity at invalid position: BlockPos{x=286, y=0, z=331}
[06Mar2025 23:54:36.976] [Worker-Main-12/ERROR] [net.minecraft.world.entity.decoration.HangingEntity/]: Hanging entity at invalid position: BlockPos{x=286, y=0, z=329}
[06Mar2025 23:54:36.976] [Worker-Main-12/ERROR] [net.minecraft.world.entity.decoration.HangingEntity/]: Hanging entity at invalid position: BlockPos{x=286, y=9, z=333}
[06Mar2025 23:54:36.977] [Worker-Main-12/ERROR] [net.minecraft.world.entity.decoration.HangingEntity/]: Hanging entity at invalid position: BlockPos{x=287, y=8, z=333}
[06Mar2025 23:54:36.978] [Worker-Main-12/ERROR] [net.minecraft.world.entity.decoration.HangingEntity/]: Hanging entity at invalid position: BlockPos{x=286, y=20, z=325}
[06Mar2025 23:54:36.978] [Worker-Main-12/ERROR] [net.minecraft.world.entity.decoration.HangingEntity/]: Hanging entity at invalid position: BlockPos{x=286, y=21, z=324}
[06Mar2025 23:54:36.978] [Worker-Main-12/ERROR] [net.minecraft.world.entity.decoration.HangingEntity/]: Hanging entity at invalid position: BlockPos{x=283, y=21, z=325}
[06Mar2025 23:54:36.979] [Worker-Main-12/ERROR] [net.minecraft.world.entity.decoration.HangingEntity/]: Hanging entity at invalid position: BlockPos{x=283, y=21, z=328}
[06Mar2025 23:54:36.979] [Worker-Main-12/ERROR] [net.minecraft.world.entity.decoration.HangingEntity/]: Hanging entity at invalid position: BlockPos{x=283, y=21, z=330}
[06Mar2025 23:54:36.979] [Worker-Main-12/ERROR] [net.minecraft.world.entity.decoration.HangingEntity/]: Hanging entity at invalid position: BlockPos{x=283, y=19, z=333}
[06Mar2025 23:54:36.980] [Worker-Main-12/ERROR] [net.minecraft.world.entity.decoration.HangingEntity/]: Hanging entity at invalid position: BlockPos{x=286, y=-1, z=330}
[06Mar2025 23:54:36.981] [Worker-Main-12/ERROR] [net.minecraft.world.entity.decoration.HangingEntity/]: Hanging entity at invalid position: BlockPos{x=288, y=9, z=319}
[06Mar2025 23:54:36.981] [Worker-Main-12/ERROR] [net.minecraft.world.entity.decoration.HangingEntity/]: Hanging entity at invalid position: BlockPos{x=290, y=15, z=321}
[06Mar2025 23:54:36.982] [Worker-Main-12/ERROR] [net.minecraft.world.entity.decoration.HangingEntity/]: Hanging entity at invalid position: BlockPos{x=288, y=0, z=328}
[06Mar2025 23:54:36.983] [Worker-Main-12/ERROR] [net.minecraft.world.entity.decoration.HangingEntity/]: Hanging entity at invalid position: BlockPos{x=290, y=9, z=326}
[06Mar2025 23:54:36.983] [Worker-Main-12/ERROR] [net.minecraft.world.entity.decoration.HangingEntity/]: Hanging entity at invalid position: BlockPos{x=290, y=8, z=325}
[06Mar2025 23:54:36.983] [Worker-Main-12/ERROR] [net.minecraft.world.entity.decoration.HangingEntity/]: Hanging entity at invalid position: BlockPos{x=290, y=9, z=324}
[06Mar2025 23:54:36.983] [Worker-Main-12/ERROR] [net.minecraft.world.entity.decoration.HangingEntity/]: Hanging entity at invalid position: BlockPos{x=290, y=8, z=323}
[06Mar2025 23:54:36.984] [Worker-Main-12/ERROR] [net.minecraft.world.entity.decoration.HangingEntity/]: Hanging entity at invalid position: BlockPos{x=290, y=15, z=331}
[06Mar2025 23:54:36.984] [Worker-Main-12/ERROR] [net.minecraft.world.entity.decoration.HangingEntity/]: Hanging entity at invalid position: BlockPos{x=290, y=15, z=329}
[06Mar2025 23:54:36.984] [Worker-Main-12/ERROR] [net.minecraft.world.entity.decoration.HangingEntity/]: Hanging entity at invalid position: BlockPos{x=290, y=14, z=322}
[06Mar2025 23:54:36.985] [Worker-Main-12/ERROR] [net.minecraft.world.entity.decoration.HangingEntity/]: Hanging entity at invalid position: BlockPos{x=288, y=19, z=320}
[06Mar2025 23:54:36.986] [Worker-Main-12/ERROR] [net.minecraft.world.entity.decoration.HangingEntity/]: Hanging entity at invalid position: BlockPos{x=288, y=19, z=331}
[06Mar2025 23:54:36.986] [Worker-Main-12/ERROR] [net.minecraft.world.entity.decoration.HangingEntity/]: Hanging entity at invalid position: BlockPos{x=288, y=21, z=330}
[06Mar2025 23:54:36.986] [Worker-Main-12/ERROR] [net.minecraft.world.entity.decoration.HangingEntity/]: Hanging entity at invalid position: BlockPos{x=288, y=19, z=328}
[06Mar2025 23:54:36.987] [Worker-Main-12/ERROR] [net.minecraft.world.entity.decoration.HangingEntity/]: Hanging entity at invalid position: BlockPos{x=290, y=21, z=328}
[06Mar2025 23:54:36.988] [Worker-Main-12/ERROR] [net.minecraft.world.entity.decoration.HangingEntity/]: Hanging entity at invalid position: BlockPos{x=290, y=-3, z=326}
[06Mar2025 23:54:37.001] [Worker-Main-12/ERROR] [net.minecraft.world.entity.decoration.HangingEntity/]: Hanging entity at invalid position: BlockPos{x=275, y=-1, z=319}
[06Mar2025 23:54:37.002] [Worker-Main-12/ERROR] [net.minecraft.world.entity.decoration.HangingEntity/]: Hanging entity at invalid position: BlockPos{x=275, y=1, z=319}
[06Mar2025 23:54:37.003] [Worker-Main-12/ERROR] [net.minecraft.world.entity.decoration.HangingEntity/]: Hanging entity at invalid position: BlockPos{x=277, y=7, z=319}
[06Mar2025 23:54:37.003] [Worker-Main-12/ERROR] [net.minecraft.world.entity.decoration.HangingEntity/]: Hanging entity at invalid position: BlockPos{x=279, y=7, z=319}
[06Mar2025 23:54:37.007] [Worker-Main-12/ERROR] [net.minecraft.world.entity.decoration.HangingEntity/]: Hanging entity at invalid position: BlockPos{x=275, y=-3, z=319}
[06Mar2025 23:54:37.008] [Worker-Main-12/ERROR] [net.minecraft.world.entity.decoration.HangingEntity/]: Hanging entity at invalid position: BlockPos{x=276, y=-2, z=319}
[06Mar2025 23:54:37.009] [Worker-Main-12/ERROR] [net.minecraft.world.entity.decoration.HangingEntity/]: Hanging entity at invalid position: BlockPos{x=276, y=8, z=321}
[06Mar2025 23:54:37.010] [Worker-Main-12/ERROR] [net.minecraft.world.entity.decoration.HangingEntity/]: Hanging entity at invalid position: BlockPos{x=277, y=7, z=333}
[06Mar2025 23:54:37.010] [Worker-Main-12/ERROR] [net.minecraft.world.entity.decoration.HangingEntity/]: Hanging entity at invalid position: BlockPos{x=278, y=6, z=333}
[06Mar2025 23:54:37.013] [Worker-Main-12/ERROR] [net.minecraft.world.entity.decoration.HangingEntity/]: Hanging entity at invalid position: BlockPos{x=279, y=7, z=333}
[06Mar2025 23:54:37.014] [Worker-Main-12/ERROR] [net.minecraft.world.entity.decoration.HangingEntity/]: Hanging entity at invalid position: BlockPos{x=276, y=9, z=322}
[06Mar2025 23:54:37.015] [Worker-Main-12/ERROR] [net.minecraft.world.entity.decoration.HangingEntity/]: Hanging entity at invalid position: BlockPos{x=276, y=9, z=328}
[06Mar2025 23:54:37.015] [Worker-Main-12/ERROR] [net.minecraft.world.entity.decoration.HangingEntity/]: Hanging entity at invalid position: BlockPos{x=276, y=9, z=330}
[06Mar2025 23:54:37.015] [Worker-Main-12/ERROR] [net.minecraft.world.entity.decoration.HangingEntity/]: Hanging entity at invalid position: BlockPos{x=276, y=15, z=323}
[06Mar2025 23:54:37.016] [Worker-Main-12/ERROR] [net.minecraft.world.entity.decoration.HangingEntity/]: Hanging entity at invalid position: BlockPos{x=276, y=15, z=327}
[06Mar2025 23:54:37.016] [Worker-Main-12/ERROR] [net.minecraft.world.entity.decoration.HangingEntity/]: Hanging entity at invalid position: BlockPos{x=276, y=14, z=328}
[06Mar2025 23:54:37.016] [Worker-Main-12/ERROR] [net.minecraft.world.entity.decoration.HangingEntity/]: Hanging entity at invalid position: BlockPos{x=276, y=15, z=331}
[06Mar2025 23:54:37.017] [Worker-Main-12/ERROR] [net.minecraft.world.entity.decoration.HangingEntity/]: Hanging entity at invalid position: BlockPos{x=276, y=14, z=332}
[06Mar2025 23:54:37.018] [Worker-Main-12/ERROR] [net.minecraft.world.entity.decoration.HangingEntity/]: Hanging entity at invalid position: BlockPos{x=275, y=20, z=320}
[06Mar2025 23:54:37.018] [Worker-Main-12/ERROR] [net.minecraft.world.entity.decoration.HangingEntity/]: Hanging entity at invalid position: BlockPos{x=279, y=21, z=328}
[06Mar2025 23:54:37.019] [Worker-Main-12/ERROR] [net.minecraft.world.entity.decoration.HangingEntity/]: Hanging entity at invalid position: BlockPos{x=277, y=21, z=323}
[06Mar2025 23:54:37.019] [Worker-Main-12/ERROR] [net.minecraft.world.entity.decoration.HangingEntity/]: Hanging entity at invalid position: BlockPos{x=277, y=20, z=322}
[06Mar2025 23:54:37.020] [Worker-Main-12/ERROR] [net.minecraft.world.entity.decoration.HangingEntity/]: Hanging entity at invalid position: BlockPos{x=277, y=19, z=323}
[06Mar2025 23:54:37.021] [Worker-Main-12/ERROR] [net.minecraft.world.entity.decoration.HangingEntity/]: Hanging entity at invalid position: BlockPos{x=281, y=21, z=333}
[06Mar2025 23:54:37.021] [Worker-Main-12/ERROR] [net.minecraft.world.entity.decoration.HangingEntity/]: Hanging entity at invalid position: BlockPos{x=281, y=20, z=322}
[06Mar2025 23:54:37.021] [Worker-Main-12/ERROR] [net.minecraft.world.entity.decoration.HangingEntity/]: Hanging entity at invalid position: BlockPos{x=281, y=19, z=323}
[06Mar2025 23:54:37.021] [Worker-Main-12/ERROR] [net.minecraft.world.entity.decoration.HangingEntity/]: Hanging entity at invalid position: BlockPos{x=281, y=20, z=324}
[06Mar2025 23:54:37.022] [Worker-Main-12/ERROR] [net.minecraft.world.entity.decoration.HangingEntity/]: Hanging entity at invalid position: BlockPos{x=279, y=-2, z=321}
[06Mar2025 23:54:37.022] [Worker-Main-12/ERROR] [net.minecraft.world.entity.decoration.HangingEntity/]: Hanging entity at invalid position: BlockPos{x=280, y=-1, z=321}
[06Mar2025 23:54:37.022] [Worker-Main-12/ERROR] [net.minecraft.world.entity.decoration.HangingEntity/]: Hanging entity at invalid position: BlockPos{x=281, y=-2, z=321}
[06Mar2025 23:54:37.888] [Worker-Main-18/ERROR] [net.minecraft.world.entity.decoration.HangingEntity/]: Hanging entity at invalid position: BlockPos{x=293, y=0, z=319}
[06Mar2025 23:54:37.889] [Worker-Main-18/ERROR] [net.minecraft.world.entity.decoration.HangingEntity/]: Hanging entity at invalid position: BlockPos{x=292, y=10, z=318}
[06Mar2025 23:54:37.890] [Worker-Main-18/ERROR] [net.minecraft.world.entity.decoration.HangingEntity/]: Hanging entity at invalid position: BlockPos{x=299, y=0, z=319}
[06Mar2025 23:54:37.890] [Worker-Main-18/ERROR] [net.minecraft.world.entity.decoration.HangingEntity/]: Hanging entity at invalid position: BlockPos{x=297, y=8, z=319}
[06Mar2025 23:54:37.892] [Worker-Main-18/ERROR] [net.minecraft.world.entity.decoration.HangingEntity/]: Hanging entity at invalid position: BlockPos{x=292, y=9, z=320}
[06Mar2025 23:54:37.892] [Worker-Main-18/ERROR] [net.minecraft.world.entity.decoration.HangingEntity/]: Hanging entity at invalid position: BlockPos{x=291, y=0, z=330}
[06Mar2025 23:54:37.893] [Worker-Main-18/ERROR] [net.minecraft.world.entity.decoration.HangingEntity/]: Hanging entity at invalid position: BlockPos{x=295, y=0, z=325}
[06Mar2025 23:54:37.894] [Worker-Main-18/ERROR] [net.minecraft.world.entity.decoration.HangingEntity/]: Hanging entity at invalid position: BlockPos{x=294, y=1, z=325}
[06Mar2025 23:54:37.894] [Worker-Main-18/ERROR] [net.minecraft.world.entity.decoration.HangingEntity/]: Hanging entity at invalid position: BlockPos{x=293, y=0, z=330}
[06Mar2025 23:54:37.900] [Worker-Main-18/ERROR] [net.minecraft.world.entity.decoration.HangingEntity/]: Hanging entity at invalid position: BlockPos{x=292, y=8, z=325}
[06Mar2025 23:54:37.900] [Worker-Main-18/ERROR] [net.minecraft.world.entity.decoration.HangingEntity/]: Hanging entity at invalid position: BlockPos{x=292, y=8, z=323}
[06Mar2025 23:54:37.901] [Worker-Main-18/ERROR] [net.minecraft.world.entity.decoration.HangingEntity/]: Hanging entity at invalid position: BlockPos{x=292, y=6, z=324}
[06Mar2025 23:54:37.901] [Worker-Main-18/ERROR] [net.minecraft.world.entity.decoration.HangingEntity/]: Hanging entity at invalid position: BlockPos{x=292, y=7, z=326}
[06Mar2025 23:54:37.901] [Worker-Main-18/ERROR] [net.minecraft.world.entity.decoration.HangingEntity/]: Hanging entity at invalid position: BlockPos{x=292, y=10, z=322}
[06Mar2025 23:54:37.901] [Worker-Main-18/ERROR] [net.minecraft.world.entity.decoration.HangingEntity/]: Hanging entity at invalid position: BlockPos{x=292, y=9, z=333}
[06Mar2025 23:54:37.901] [Worker-Main-18/ERROR] [net.minecraft.world.entity.decoration.HangingEntity/]: Hanging entity at invalid position: BlockPos{x=292, y=10, z=332}
[06Mar2025 23:54:37.902] [Worker-Main-18/ERROR] [net.minecraft.world.entity.decoration.HangingEntity/]: Hanging entity at invalid position: BlockPos{x=292, y=9, z=331}
[06Mar2025 23:54:37.902] [Worker-Main-18/ERROR] [net.minecraft.world.entity.decoration.HangingEntity/]: Hanging entity at invalid position: BlockPos{x=294, y=9, z=330}
[06Mar2025 23:54:37.902] [Worker-Main-18/ERROR] [net.minecraft.world.entity.decoration.HangingEntity/]: Hanging entity at invalid position: BlockPos{x=293, y=10, z=330}
[06Mar2025 23:54:37.902] [Worker-Main-18/ERROR] [net.minecraft.world.entity.decoration.HangingEntity/]: Hanging entity at invalid position: BlockPos{x=295, y=10, z=330}
[06Mar2025 23:54:37.902] [Worker-Main-18/ERROR] [net.minecraft.world.entity.decoration.HangingEntity/]: Hanging entity at invalid position: BlockPos{x=294, y=13, z=327}
[06Mar2025 23:54:37.902] [Worker-Main-18/ERROR] [net.minecraft.world.entity.decoration.HangingEntity/]: Hanging entity at invalid position: BlockPos{x=294, y=14, z=327}
[06Mar2025 23:54:37.902] [Worker-Main-18/ERROR] [net.minecraft.world.entity.decoration.HangingEntity/]: Hanging entity at invalid position: BlockPos{x=292, y=14, z=332}
[06Mar2025 23:54:37.904] [Worker-Main-18/ERROR] [net.minecraft.world.entity.decoration.HangingEntity/]: Hanging entity at invalid position: BlockPos{x=294, y=13, z=325}
[06Mar2025 23:54:37.905] [Worker-Main-18/ERROR] [net.minecraft.world.entity.decoration.HangingEntity/]: Hanging entity at invalid position: BlockPos{x=294, y=15, z=322}
[06Mar2025 23:54:37.905] [Worker-Main-18/ERROR] [net.minecraft.world.entity.decoration.HangingEntity/]: Hanging entity at invalid position: BlockPos{x=292, y=15, z=322}
[06Mar2025 23:54:37.906] [Worker-Main-18/ERROR] [net.minecraft.world.entity.decoration.HangingEntity/]: Hanging entity at invalid position: BlockPos{x=296, y=9, z=320}
[06Mar2025 23:54:37.906] [Worker-Main-18/ERROR] [net.minecraft.world.entity.decoration.HangingEntity/]: Hanging entity at invalid position: BlockPos{x=298, y=0, z=323}
[06Mar2025 23:54:37.906] [Worker-Main-18/ERROR] [net.minecraft.world.entity.decoration.HangingEntity/]: Hanging entity at invalid position: BlockPos{x=296, y=0, z=332}
[06Mar2025 23:54:37.906] [Worker-Main-18/ERROR] [net.minecraft.world.entity.decoration.HangingEntity/]: Hanging entity at invalid position: BlockPos{x=296, y=9, z=327}
[06Mar2025 23:54:37.907] [Worker-Main-18/ERROR] [net.minecraft.world.entity.decoration.HangingEntity/]: Hanging entity at invalid position: BlockPos{x=296, y=8, z=328}
[06Mar2025 23:54:37.911] [Worker-Main-18/ERROR] [net.minecraft.world.entity.decoration.HangingEntity/]: Hanging entity at invalid position: BlockPos{x=296, y=7, z=327}
[06Mar2025 23:54:37.912] [Worker-Main-18/ERROR] [net.minecraft.world.entity.decoration.HangingEntity/]: Hanging entity at invalid position: BlockPos{x=296, y=10, z=333}
[06Mar2025 23:54:37.912] [Worker-Main-18/ERROR] [net.minecraft.world.entity.decoration.HangingEntity/]: Hanging entity at invalid position: BlockPos{x=296, y=13, z=331}
[06Mar2025 23:54:37.912] [Worker-Main-18/ERROR] [net.minecraft.world.entity.decoration.HangingEntity/]: Hanging entity at invalid position: BlockPos{x=296, y=15, z=324}
[06Mar2025 23:54:37.914] [Worker-Main-18/ERROR] [net.minecraft.world.entity.decoration.HangingEntity/]: Hanging entity at invalid position: BlockPos{x=296, y=14, z=323}
[06Mar2025 23:54:37.915] [Worker-Main-18/ERROR] [net.minecraft.world.entity.decoration.HangingEntity/]: Hanging entity at invalid position: BlockPos{x=291, y=18, z=325}
[06Mar2025 23:54:37.916] [Worker-Main-18/ERROR] [net.minecraft.world.entity.decoration.HangingEntity/]: Hanging entity at invalid position: BlockPos{x=295, y=19, z=332}
[06Mar2025 23:54:37.916] [Worker-Main-18/ERROR] [net.minecraft.world.entity.decoration.HangingEntity/]: Hanging entity at invalid position: BlockPos{x=294, y=19, z=325}
[06Mar2025 23:54:37.921] [Worker-Main-18/ERROR] [net.minecraft.world.entity.decoration.HangingEntity/]: Hanging entity at invalid position: BlockPos{x=293, y=21, z=322}
[06Mar2025 23:54:37.923] [Worker-Main-18/ERROR] [net.minecraft.world.entity.decoration.HangingEntity/]: Hanging entity at invalid position: BlockPos{x=293, y=19, z=322}
[06Mar2025 23:54:37.923] [Worker-Main-18/ERROR] [net.minecraft.world.entity.decoration.HangingEntity/]: Hanging entity at invalid position: BlockPos{x=292, y=20, z=322}
[06Mar2025 23:54:37.923] [Worker-Main-18/ERROR] [net.minecraft.world.entity.decoration.HangingEntity/]: Hanging entity at invalid position: BlockPos{x=293, y=-1, z=320}
[06Mar2025 23:54:37.923] [Worker-Main-18/ERROR] [net.minecraft.world.entity.decoration.HangingEntity/]: Hanging entity at invalid position: BlockPos{x=295, y=-1, z=323}
[06Mar2025 23:54:37.923] [Worker-Main-18/ERROR] [net.minecraft.world.entity.decoration.HangingEntity/]: Hanging entity at invalid position: BlockPos{x=291, y=-1, z=331}
[06Mar2025 23:54:37.924] [Worker-Main-18/ERROR] [net.minecraft.world.entity.decoration.HangingEntity/]: Hanging entity at invalid position: BlockPos{x=291, y=-1, z=332}
[06Mar2025 23:54:37.924] [Worker-Main-18/ERROR] [net.minecraft.world.entity.decoration.HangingEntity/]: Hanging entity at invalid position: BlockPos{x=294, y=-2, z=325}
[06Mar2025 23:54:37.927] [Worker-Main-18/ERROR] [net.minecraft.world.entity.decoration.HangingEntity/]: Hanging entity at invalid position: BlockPos{x=293, y=-2, z=330}
[06Mar2025 23:54:37.927] [Worker-Main-18/ERROR] [net.minecraft.world.entity.decoration.HangingEntity/]: Hanging entity at invalid position: BlockPos{x=293, y=-1, z=331}
[06Mar2025 23:54:37.928] [Worker-Main-18/ERROR] [net.minecraft.world.entity.decoration.HangingEntity/]: Hanging entity at invalid position: BlockPos{x=299, y=-2, z=321}
[06Mar2025 23:54:37.928] [Worker-Main-18/ERROR] [net.minecraft.world.entity.decoration.HangingEntity/]: Hanging entity at invalid position: BlockPos{x=299, y=-3, z=320}
[06Mar2025 23:54:37.929] [Worker-Main-18/ERROR] [net.minecraft.world.entity.decoration.HangingEntity/]: Hanging entity at invalid position: BlockPos{x=296, y=-1, z=325}
[06Mar2025 23:54:37.929] [Worker-Main-18/ERROR] [net.minecraft.world.entity.decoration.HangingEntity/]: Hanging entity at invalid position: BlockPos{x=296, y=-1, z=333}
[06Mar2025 23:54:37.930] [Worker-Main-18/ERROR] [net.minecraft.world.entity.decoration.HangingEntity/]: Hanging entity at invalid position: BlockPos{x=296, y=-2, z=332}
[06Mar2025 23:54:50.197] [Worker-Main-18/ERROR] [net.minecraft.world.entity.decoration.HangingEntity/]: Hanging entity at invalid position: BlockPos{x=280, y=15, z=302}
[06Mar2025 23:54:50.198] [Worker-Main-18/ERROR] [net.minecraft.world.entity.decoration.HangingEntity/]: Hanging entity at invalid position: BlockPos{x=276, y=0, z=305}
[06Mar2025 23:54:50.198] [Worker-Main-18/ERROR] [net.minecraft.world.entity.decoration.HangingEntity/]: Hanging entity at invalid position: BlockPos{x=276, y=0, z=304}
[06Mar2025 23:54:50.199] [Worker-Main-18/ERROR] [net.minecraft.world.entity.decoration.HangingEntity/]: Hanging entity at invalid position: BlockPos{x=276, y=15, z=304}
[06Mar2025 23:54:50.199] [Worker-Main-18/ERROR] [net.minecraft.world.entity.decoration.HangingEntity/]: Hanging entity at invalid position: BlockPos{x=275, y=2, z=313}
[06Mar2025 23:54:50.199] [Worker-Main-18/ERROR] [net.minecraft.world.entity.decoration.HangingEntity/]: Hanging entity at invalid position: BlockPos{x=278, y=2, z=307}
[06Mar2025 23:54:50.200] [Worker-Main-18/ERROR] [net.minecraft.world.entity.decoration.HangingEntity/]: Hanging entity at invalid position: BlockPos{x=276, y=0, z=307}
[06Mar2025 23:54:50.200] [Worker-Main-18/ERROR] [net.minecraft.world.entity.decoration.HangingEntity/]: Hanging entity at invalid position: BlockPos{x=275, y=1, z=307}
[06Mar2025 23:54:50.200] [Worker-Main-18/ERROR] [net.minecraft.world.entity.decoration.HangingEntity/]: Hanging entity at invalid position: BlockPos{x=279, y=10, z=308}
[06Mar2025 23:54:50.200] [Worker-Main-18/ERROR] [net.minecraft.world.entity.decoration.HangingEntity/]: Hanging entity at invalid position: BlockPos{x=276, y=10, z=308}
[06Mar2025 23:54:50.201] [Worker-Main-18/ERROR] [net.minecraft.world.entity.decoration.HangingEntity/]: Hanging entity at invalid position: BlockPos{x=276, y=3, z=313}
[06Mar2025 23:54:50.201] [Worker-Main-18/ERROR] [net.minecraft.world.entity.decoration.HangingEntity/]: Hanging entity at invalid position: BlockPos{x=278, y=6, z=314}
[06Mar2025 23:54:50.201] [Worker-Main-18/ERROR] [net.minecraft.world.entity.decoration.HangingEntity/]: Hanging entity at invalid position: BlockPos{x=278, y=7, z=315}
[06Mar2025 23:54:50.202] [Worker-Main-18/ERROR] [net.minecraft.world.entity.decoration.HangingEntity/]: Hanging entity at invalid position: BlockPos{x=278, y=8, z=314}
[06Mar2025 23:54:50.202] [Worker-Main-18/ERROR] [net.minecraft.world.entity.decoration.HangingEntity/]: Hanging entity at invalid position: BlockPos{x=277, y=8, z=310}
[06Mar2025 23:54:50.203] [Worker-Main-18/ERROR] [net.minecraft.world.entity.decoration.HangingEntity/]: Hanging entity at invalid position: BlockPos{x=276, y=15, z=314}
[06Mar2025 23:54:50.217] [Worker-Main-18/ERROR] [net.minecraft.world.entity.decoration.HangingEntity/]: Hanging entity at invalid position: BlockPos{x=280, y=14, z=303}
[06Mar2025 23:54:50.217] [Worker-Main-18/ERROR] [net.minecraft.world.entity.decoration.HangingEntity/]: Hanging entity at invalid position: BlockPos{x=280, y=13, z=304}
[06Mar2025 23:54:50.218] [Worker-Main-18/ERROR] [net.minecraft.world.entity.decoration.HangingEntity/]: Hanging entity at invalid position: BlockPos{x=280, y=2, z=307}
[06Mar2025 23:54:50.219] [Worker-Main-18/ERROR] [net.minecraft.world.entity.decoration.HangingEntity/]: Hanging entity at invalid position: BlockPos{x=281, y=1, z=307}
[06Mar2025 23:54:50.220] [Worker-Main-18/ERROR] [net.minecraft.world.entity.decoration.HangingEntity/]: Hanging entity at invalid position: BlockPos{x=280, y=0, z=307}
[06Mar2025 23:54:50.220] [Worker-Main-18/ERROR] [net.minecraft.world.entity.decoration.HangingEntity/]: Hanging entity at invalid position: BlockPos{x=280, y=8, z=308}
[06Mar2025 23:54:50.221] [Worker-Main-18/ERROR] [net.minecraft.world.entity.decoration.HangingEntity/]: Hanging entity at invalid position: BlockPos{x=280, y=15, z=310}
[06Mar2025 23:54:50.222] [Worker-Main-18/ERROR] [net.minecraft.world.entity.decoration.HangingEntity/]: Hanging entity at invalid position: BlockPos{x=280, y=14, z=312}
[06Mar2025 23:54:50.224] [Worker-Main-18/ERROR] [net.minecraft.world.entity.decoration.HangingEntity/]: Hanging entity at invalid position: BlockPos{x=281, y=15, z=312}
[06Mar2025 23:54:50.226] [Worker-Main-18/ERROR] [net.minecraft.world.entity.decoration.HangingEntity/]: Hanging entity at invalid position: BlockPos{x=275, y=21, z=306}
[06Mar2025 23:54:50.227] [Worker-Main-18/ERROR] [net.minecraft.world.entity.decoration.HangingEntity/]: Hanging entity at invalid position: BlockPos{x=277, y=21, z=309}
[06Mar2025 23:54:50.239] [Worker-Main-18/ERROR] [net.minecraft.world.entity.decoration.HangingEntity/]: Hanging entity at invalid position: BlockPos{x=284, y=15, z=304}
[06Mar2025 23:54:50.239] [Worker-Main-18/ERROR] [net.minecraft.world.entity.decoration.HangingEntity/]: Hanging entity at invalid position: BlockPos{x=286, y=0, z=315}
[06Mar2025 23:54:50.240] [Worker-Main-18/ERROR] [net.minecraft.world.entity.decoration.HangingEntity/]: Hanging entity at invalid position: BlockPos{x=283, y=1, z=315}
[06Mar2025 23:54:50.241] [Worker-Main-18/ERROR] [net.minecraft.world.entity.decoration.HangingEntity/]: Hanging entity at invalid position: BlockPos{x=287, y=10, z=308}
[06Mar2025 23:54:50.241] [Worker-Main-18/ERROR] [net.minecraft.world.entity.decoration.HangingEntity/]: Hanging entity at invalid position: BlockPos{x=287, y=8, z=308}
[06Mar2025 23:54:50.241] [Worker-Main-18/ERROR] [net.minecraft.world.entity.decoration.HangingEntity/]: Hanging entity at invalid position: BlockPos{x=285, y=9, z=310}
[06Mar2025 23:54:50.241] [Worker-Main-18/ERROR] [net.minecraft.world.entity.decoration.HangingEntity/]: Hanging entity at invalid position: BlockPos{x=286, y=7, z=310}
[06Mar2025 23:54:50.242] [Worker-Main-18/ERROR] [net.minecraft.world.entity.decoration.HangingEntity/]: Hanging entity at invalid position: BlockPos{x=284, y=15, z=306}
[06Mar2025 23:54:50.242] [Worker-Main-18/ERROR] [net.minecraft.world.entity.decoration.HangingEntity/]: Hanging entity at invalid position: BlockPos{x=285, y=14, z=306}
[06Mar2025 23:54:50.242] [Worker-Main-18/ERROR] [net.minecraft.world.entity.decoration.HangingEntity/]: Hanging entity at invalid position: BlockPos{x=286, y=14, z=306}
[06Mar2025 23:54:50.242] [Worker-Main-18/ERROR] [net.minecraft.world.entity.decoration.HangingEntity/]: Hanging entity at invalid position: BlockPos{x=287, y=15, z=306}
[06Mar2025 23:54:50.242] [Worker-Main-18/ERROR] [net.minecraft.world.entity.decoration.HangingEntity/]: Hanging entity at invalid position: BlockPos{x=283, y=14, z=310}
[06Mar2025 23:54:50.242] [Worker-Main-18/ERROR] [net.minecraft.world.entity.decoration.HangingEntity/]: Hanging entity at invalid position: BlockPos{x=283, y=15, z=316}
[06Mar2025 23:54:50.242] [Worker-Main-18/ERROR] [net.minecraft.world.entity.decoration.HangingEntity/]: Hanging entity at invalid position: BlockPos{x=285, y=14, z=316}
[06Mar2025 23:54:50.243] [Worker-Main-18/ERROR] [net.minecraft.world.entity.decoration.HangingEntity/]: Hanging entity at invalid position: BlockPos{x=285, y=13, z=314}
[06Mar2025 23:54:50.243] [Worker-Main-18/ERROR] [net.minecraft.world.entity.decoration.HangingEntity/]: Hanging entity at invalid position: BlockPos{x=284, y=21, z=305}
[06Mar2025 23:54:50.243] [Worker-Main-18/ERROR] [net.minecraft.world.entity.decoration.HangingEntity/]: Hanging entity at invalid position: BlockPos{x=284, y=18, z=311}
[06Mar2025 23:54:50.244] [Worker-Main-18/ERROR] [net.minecraft.world.entity.decoration.HangingEntity/]: Hanging entity at invalid position: BlockPos{x=284, y=20, z=313}
[06Mar2025 23:54:50.245] [Worker-Main-18/ERROR] [net.minecraft.world.entity.decoration.HangingEntity/]: Hanging entity at invalid position: BlockPos{x=284, y=21, z=311}
[06Mar2025 23:54:50.247] [Worker-Main-18/ERROR] [net.minecraft.world.entity.decoration.HangingEntity/]: Hanging entity at invalid position: BlockPos{x=287, y=-3, z=315}
[06Mar2025 23:54:50.248] [Worker-Main-18/ERROR] [net.minecraft.world.entity.decoration.HangingEntity/]: Hanging entity at invalid position: BlockPos{x=287, y=-2, z=315}
[06Mar2025 23:54:50.249] [Worker-Main-18/ERROR] [net.minecraft.world.entity.decoration.HangingEntity/]: Hanging entity at invalid position: BlockPos{x=290, y=10, z=308}
[06Mar2025 23:54:50.249] [Worker-Main-18/ERROR] [net.minecraft.world.entity.decoration.HangingEntity/]: Hanging entity at invalid position: BlockPos{x=287, y=9, z=310}
[06Mar2025 23:54:50.249] [Worker-Main-18/ERROR] [net.minecraft.world.entity.decoration.HangingEntity/]: Hanging entity at invalid position: BlockPos{x=289, y=10, z=314}
[06Mar2025 23:54:50.250] [Worker-Main-18/ERROR] [net.minecraft.world.entity.decoration.HangingEntity/]: Hanging entity at invalid position: BlockPos{x=288, y=8, z=310}
[06Mar2025 23:54:50.250] [Worker-Main-18/ERROR] [net.minecraft.world.entity.decoration.HangingEntity/]: Hanging entity at invalid position: BlockPos{x=290, y=14, z=309}
[06Mar2025 23:54:50.250] [Worker-Main-18/ERROR] [net.minecraft.world.entity.decoration.HangingEntity/]: Hanging entity at invalid position: BlockPos{x=290, y=13, z=308}
[06Mar2025 23:54:50.251] [Worker-Main-18/ERROR] [net.minecraft.world.entity.decoration.HangingEntity/]: Hanging entity at invalid position: BlockPos{x=290, y=20, z=310}
[06Mar2025 23:54:50.252] [Worker-Main-18/ERROR] [net.minecraft.world.entity.decoration.HangingEntity/]: Hanging entity at invalid position: BlockPos{x=288, y=20, z=311}
[06Mar2025 23:54:50.252] [Worker-Main-18/ERROR] [net.minecraft.world.entity.decoration.HangingEntity/]: Hanging entity at invalid position: BlockPos{x=288, y=21, z=314}
[06Mar2025 23:54:50.263] [Worker-Main-18/ERROR] [net.minecraft.world.entity.decoration.HangingEntity/]: Hanging entity at invalid position: BlockPos{x=283, y=14, z=317}
[06Mar2025 23:54:50.268] [Worker-Main-18/ERROR] [net.minecraft.world.entity.decoration.HangingEntity/]: Hanging entity at invalid position: BlockPos{x=280, y=15, z=317}
[06Mar2025 23:54:50.269] [Worker-Main-18/ERROR] [net.minecraft.world.entity.decoration.HangingEntity/]: Hanging entity at invalid position: BlockPos{x=275, y=21, z=317}
[06Mar2025 23:54:50.450] [Worker-Main-18/ERROR] [net.minecraft.world.entity.decoration.HangingEntity/]: Hanging entity at invalid position: BlockPos{x=309, y=0, z=303}
[06Mar2025 23:54:50.450] [Worker-Main-18/ERROR] [net.minecraft.world.entity.decoration.HangingEntity/]: Hanging entity at invalid position: BlockPos{x=309, y=0, z=302}
[06Mar2025 23:54:50.451] [Worker-Main-18/ERROR] [net.minecraft.world.entity.decoration.HangingEntity/]: Hanging entity at invalid position: BlockPos{x=309, y=1, z=302}
[06Mar2025 23:54:50.451] [Worker-Main-18/ERROR] [net.minecraft.world.entity.decoration.HangingEntity/]: Hanging entity at invalid position: BlockPos{x=309, y=1, z=303}
[06Mar2025 23:54:50.452] [Worker-Main-18/ERROR] [net.minecraft.world.entity.decoration.HangingEntity/]: Hanging entity at invalid position: BlockPos{x=316, y=0, z=305}
[06Mar2025 23:54:50.452] [Worker-Main-18/ERROR] [net.minecraft.world.entity.decoration.HangingEntity/]: Hanging entity at invalid position: BlockPos{x=316, y=0, z=309}
[06Mar2025 23:54:50.453] [Worker-Main-18/ERROR] [net.minecraft.world.entity.decoration.HangingEntity/]: Hanging entity at invalid position: BlockPos{x=316, y=0, z=306}
[06Mar2025 23:54:50.453] [Worker-Main-18/ERROR] [net.minecraft.world.entity.decoration.HangingEntity/]: Hanging entity at invalid position: BlockPos{x=316, y=0, z=310}
[06Mar2025 23:54:50.465] [Worker-Main-18/ERROR] [net.minecraft.world.entity.decoration.HangingEntity/]: Hanging entity at invalid position: BlockPos{x=316, y=-1, z=306}
[06Mar2025 23:54:50.465] [Worker-Main-18/ERROR] [net.minecraft.world.entity.decoration.HangingEntity/]: Hanging entity at invalid position: BlockPos{x=316, y=-1, z=309}
[06Mar2025 23:54:50.493] [Worker-Main-18/ERROR] [net.minecraft.world.entity.decoration.HangingEntity/]: Hanging entity at invalid position: BlockPos{x=295, y=1, z=303}
[06Mar2025 23:54:50.494] [Worker-Main-18/ERROR] [net.minecraft.world.entity.decoration.HangingEntity/]: Hanging entity at invalid position: BlockPos{x=295, y=1, z=302}
[06Mar2025 23:54:50.494] [Worker-Main-18/ERROR] [net.minecraft.world.entity.decoration.HangingEntity/]: Hanging entity at invalid position: BlockPos{x=301, y=11, z=302}
[06Mar2025 23:54:50.495] [Worker-Main-18/ERROR] [net.minecraft.world.entity.decoration.HangingEntity/]: Hanging entity at invalid position: BlockPos{x=301, y=9, z=302}
[06Mar2025 23:54:50.495] [Worker-Main-18/ERROR] [net.minecraft.world.entity.decoration.HangingEntity/]: Hanging entity at invalid position: BlockPos{x=299, y=-1, z=302}
[06Mar2025 23:54:50.496] [Worker-Main-18/ERROR] [net.minecraft.world.entity.decoration.HangingEntity/]: Hanging entity at invalid position: BlockPos{x=292, y=15, z=304}
[06Mar2025 23:54:50.496] [Worker-Main-18/ERROR] [net.minecraft.world.entity.decoration.HangingEntity/]: Hanging entity at invalid position: BlockPos{x=293, y=0, z=314}
[06Mar2025 23:54:50.497] [Worker-Main-18/ERROR] [net.minecraft.world.entity.decoration.HangingEntity/]: Hanging entity at invalid position: BlockPos{x=291, y=9, z=314}
[06Mar2025 23:54:50.498] [Worker-Main-18/ERROR] [net.minecraft.world.entity.decoration.HangingEntity/]: Hanging entity at invalid position: BlockPos{x=292, y=8, z=314}
[06Mar2025 23:54:50.498] [Worker-Main-18/ERROR] [net.minecraft.world.entity.decoration.HangingEntity/]: Hanging entity at invalid position: BlockPos{x=291, y=7, z=314}
[06Mar2025 23:54:50.498] [Worker-Main-18/ERROR] [net.minecraft.world.entity.decoration.HangingEntity/]: Hanging entity at invalid position: BlockPos{x=291, y=10, z=310}
[06Mar2025 23:54:50.499] [Worker-Main-18/ERROR] [net.minecraft.world.entity.decoration.HangingEntity/]: Hanging entity at invalid position: BlockPos{x=292, y=9, z=310}
[06Mar2025 23:54:50.499] [Worker-Main-18/ERROR] [net.minecraft.world.entity.decoration.HangingEntity/]: Hanging entity at invalid position: BlockPos{x=293, y=9, z=316}
[06Mar2025 23:54:50.500] [Worker-Main-18/ERROR] [net.minecraft.world.entity.decoration.HangingEntity/]: Hanging entity at invalid position: BlockPos{x=295, y=15, z=307}
[06Mar2025 23:54:50.500] [Worker-Main-18/ERROR] [net.minecraft.world.entity.decoration.HangingEntity/]: Hanging entity at invalid position: BlockPos{x=299, y=8, z=305}
[06Mar2025 23:54:50.501] [Worker-Main-18/ERROR] [net.minecraft.world.entity.decoration.HangingEntity/]: Hanging entity at invalid position: BlockPos{x=301, y=0, z=308}
[06Mar2025 23:54:50.501] [Worker-Main-18/ERROR] [net.minecraft.world.entity.decoration.HangingEntity/]: Hanging entity at invalid position: BlockPos{x=299, y=0, z=316}
[06Mar2025 23:54:50.502] [Worker-Main-18/ERROR] [net.minecraft.world.entity.decoration.HangingEntity/]: Hanging entity at invalid position: BlockPos{x=299, y=0, z=314}
[06Mar2025 23:54:50.502] [Worker-Main-18/ERROR] [net.minecraft.world.entity.decoration.HangingEntity/]: Hanging entity at invalid position: BlockPos{x=299, y=9, z=308}
[06Mar2025 23:54:50.502] [Worker-Main-18/ERROR] [net.minecraft.world.entity.decoration.HangingEntity/]: Hanging entity at invalid position: BlockPos{x=299, y=7, z=307}
[06Mar2025 23:54:50.503] [Worker-Main-18/ERROR] [net.minecraft.world.entity.decoration.HangingEntity/]: Hanging entity at invalid position: BlockPos{x=301, y=10, z=308}
[06Mar2025 23:54:50.503] [Worker-Main-18/ERROR] [net.minecraft.world.entity.decoration.HangingEntity/]: Hanging entity at invalid position: BlockPos{x=301, y=11, z=306}
[06Mar2025 23:54:50.504] [Worker-Main-18/ERROR] [net.minecraft.world.entity.decoration.HangingEntity/]: Hanging entity at invalid position: BlockPos{x=301, y=11, z=312}
[06Mar2025 23:54:50.504] [Worker-Main-18/ERROR] [net.minecraft.world.entity.decoration.HangingEntity/]: Hanging entity at invalid position: BlockPos{x=301, y=11, z=309}
[06Mar2025 23:54:50.505] [Worker-Main-18/ERROR] [net.minecraft.world.entity.decoration.HangingEntity/]: Hanging entity at invalid position: BlockPos{x=301, y=7, z=311}
[06Mar2025 23:54:50.505] [Worker-Main-18/ERROR] [net.minecraft.world.entity.decoration.HangingEntity/]: Hanging entity at invalid position: BlockPos{x=296, y=10, z=316}
[06Mar2025 23:54:50.505] [Worker-Main-18/ERROR] [net.minecraft.world.entity.decoration.HangingEntity/]: Hanging entity at invalid position: BlockPos{x=297, y=7, z=316}
[06Mar2025 23:54:50.506] [Worker-Main-18/ERROR] [net.minecraft.world.entity.decoration.HangingEntity/]: Hanging entity at invalid position: BlockPos{x=292, y=18, z=307}
[06Mar2025 23:54:50.508] [Worker-Main-18/ERROR] [net.minecraft.world.entity.decoration.HangingEntity/]: Hanging entity at invalid position: BlockPos{x=295, y=19, z=307}
[06Mar2025 23:54:50.508] [Worker-Main-18/ERROR] [net.minecraft.world.entity.decoration.HangingEntity/]: Hanging entity at invalid position: BlockPos{x=291, y=21, z=309}
[06Mar2025 23:54:50.515] [Worker-Main-18/ERROR] [net.minecraft.world.entity.decoration.HangingEntity/]: Hanging entity at invalid position: BlockPos{x=293, y=21, z=309}
[06Mar2025 23:54:50.516] [Worker-Main-18/ERROR] [net.minecraft.world.entity.decoration.HangingEntity/]: Hanging entity at invalid position: BlockPos{x=295, y=20, z=314}
[06Mar2025 23:54:50.516] [Worker-Main-18/ERROR] [net.minecraft.world.entity.decoration.HangingEntity/]: Hanging entity at invalid position: BlockPos{x=295, y=19, z=314}
[06Mar2025 23:54:50.516] [Worker-Main-18/ERROR] [net.minecraft.world.entity.decoration.HangingEntity/]: Hanging entity at invalid position: BlockPos{x=293, y=21, z=314}
[06Mar2025 23:54:50.517] [Worker-Main-18/ERROR] [net.minecraft.world.entity.decoration.HangingEntity/]: Hanging entity at invalid position: BlockPos{x=291, y=19, z=314}
[06Mar2025 23:54:50.517] [Worker-Main-18/ERROR] [net.minecraft.world.entity.decoration.HangingEntity/]: Hanging entity at invalid position: BlockPos{x=293, y=-1, z=315}
[06Mar2025 23:54:50.518] [Worker-Main-18/ERROR] [net.minecraft.world.entity.decoration.HangingEntity/]: Hanging entity at invalid position: BlockPos{x=293, y=-2, z=312}
[06Mar2025 23:54:50.519] [Worker-Main-18/ERROR] [net.minecraft.world.entity.decoration.HangingEntity/]: Hanging entity at invalid position: BlockPos{x=303, y=-1, z=308}
[06Mar2025 23:54:50.519] [Worker-Main-18/ERROR] [net.minecraft.world.entity.decoration.HangingEntity/]: Hanging entity at invalid position: BlockPos{x=299, y=-2, z=315}
[06Mar2025 23:54:50.519] [Worker-Main-18/ERROR] [net.minecraft.world.entity.decoration.HangingEntity/]: Hanging entity at invalid position: BlockPos{x=296, y=-1, z=310}
[06Mar2025 23:54:50.521] [Worker-Main-18/ERROR] [net.minecraft.world.entity.decoration.HangingEntity/]: Hanging entity at invalid position: BlockPos{x=306, y=8, z=303}
[06Mar2025 23:54:50.522] [Worker-Main-18/ERROR] [net.minecraft.world.entity.decoration.HangingEntity/]: Hanging entity at invalid position: BlockPos{x=304, y=1, z=308}
[06Mar2025 23:54:50.522] [Worker-Main-18/ERROR] [net.minecraft.world.entity.decoration.HangingEntity/]: Hanging entity at invalid position: BlockPos{x=304, y=11, z=313}
[06Mar2025 23:54:50.523] [Worker-Main-18/ERROR] [net.minecraft.world.entity.decoration.HangingEntity/]: Hanging entity at invalid position: BlockPos{x=306, y=11, z=311}
[06Mar2025 23:54:50.523] [Worker-Main-18/ERROR] [net.minecraft.world.entity.decoration.HangingEntity/]: Hanging entity at invalid position: BlockPos{x=306, y=10, z=310}
[06Mar2025 23:54:50.524] [Worker-Main-18/ERROR] [net.minecraft.world.entity.decoration.HangingEntity/]: Hanging entity at invalid position: BlockPos{x=306, y=7, z=309}
[06Mar2025 23:54:50.524] [Worker-Main-18/ERROR] [net.minecraft.world.entity.decoration.HangingEntity/]: Hanging entity at invalid position: BlockPos{x=306, y=6, z=308}
[06Mar2025 23:54:50.531] [Worker-Main-18/ERROR] [net.minecraft.world.entity.decoration.HangingEntity/]: Hanging entity at invalid position: BlockPos{x=299, y=0, z=316}
[06Mar2025 23:54:50.531] [Worker-Main-18/ERROR] [net.minecraft.world.entity.decoration.HangingEntity/]: Hanging entity at invalid position: BlockPos{x=291, y=0, z=317}
[06Mar2025 23:54:50.532] [Worker-Main-18/ERROR] [net.minecraft.world.entity.decoration.HangingEntity/]: Hanging entity at invalid position: BlockPos{x=292, y=8, z=317}
[06Mar2025 23:54:50.532] [Worker-Main-18/ERROR] [net.minecraft.world.entity.decoration.HangingEntity/]: Hanging entity at invalid position: BlockPos{x=299, y=-1, z=317}
[06Mar2025 23:55:03.217] [Worker-Main-12/ERROR] [net.minecraft.world.entity.decoration.HangingEntity/]: Hanging entity at invalid position: BlockPos{x=271, y=15, z=286}
[06Mar2025 23:55:03.217] [Worker-Main-12/ERROR] [net.minecraft.world.entity.decoration.HangingEntity/]: Hanging entity at invalid position: BlockPos{x=271, y=14, z=287}
[06Mar2025 23:55:03.218] [Worker-Main-12/ERROR] [net.minecraft.world.entity.decoration.HangingEntity/]: Hanging entity at invalid position: BlockPos{x=267, y=-1, z=287}
[06Mar2025 23:55:03.219] [Worker-Main-12/ERROR] [net.minecraft.world.entity.decoration.HangingEntity/]: Hanging entity at invalid position: BlockPos{x=267, y=-2, z=286}
[06Mar2025 23:55:03.219] [Worker-Main-12/ERROR] [net.minecraft.world.entity.decoration.HangingEntity/]: Hanging entity at invalid position: BlockPos{x=261, y=0, z=299}
[06Mar2025 23:55:03.220] [Worker-Main-12/ERROR] [net.minecraft.world.entity.decoration.HangingEntity/]: Hanging entity at invalid position: BlockPos{x=262, y=2, z=291}
[06Mar2025 23:55:03.220] [Worker-Main-12/ERROR] [net.minecraft.world.entity.decoration.HangingEntity/]: Hanging entity at invalid position: BlockPos{x=263, y=3, z=291}
[06Mar2025 23:55:03.221] [Worker-Main-12/ERROR] [net.minecraft.world.entity.decoration.HangingEntity/]: Hanging entity at invalid position: BlockPos{x=264, y=0, z=293}
[06Mar2025 23:55:03.221] [Worker-Main-12/ERROR] [net.minecraft.world.entity.decoration.HangingEntity/]: Hanging entity at invalid position: BlockPos{x=265, y=0, z=293}
[06Mar2025 23:55:03.222] [Worker-Main-12/ERROR] [net.minecraft.world.entity.decoration.HangingEntity/]: Hanging entity at invalid position: BlockPos{x=266, y=0, z=299}
[06Mar2025 23:55:03.222] [Worker-Main-12/ERROR] [net.minecraft.world.entity.decoration.HangingEntity/]: Hanging entity at invalid position: BlockPos{x=269, y=0, z=293}
[06Mar2025 23:55:03.222] [Worker-Main-12/ERROR] [net.minecraft.world.entity.decoration.HangingEntity/]: Hanging entity at invalid position: BlockPos{x=268, y=0, z=291}
[06Mar2025 23:55:03.223] [Worker-Main-12/ERROR] [net.minecraft.world.entity.decoration.HangingEntity/]: Hanging entity at invalid position: BlockPos{x=269, y=0, z=291}
[06Mar2025 23:55:03.224] [Worker-Main-12/ERROR] [net.minecraft.world.entity.decoration.HangingEntity/]: Hanging entity at invalid position: BlockPos{x=271, y=9, z=300}
[06Mar2025 23:55:03.224] [Worker-Main-12/ERROR] [net.minecraft.world.entity.decoration.HangingEntity/]: Hanging entity at invalid position: BlockPos{x=267, y=10, z=299}
[06Mar2025 23:55:03.224] [Worker-Main-12/ERROR] [net.minecraft.world.entity.decoration.HangingEntity/]: Hanging entity at invalid position: BlockPos{x=270, y=10, z=297}
[06Mar2025 23:55:03.225] [Worker-Main-12/ERROR] [net.minecraft.world.entity.decoration.HangingEntity/]: Hanging entity at invalid position: BlockPos{x=271, y=15, z=296}
[06Mar2025 23:55:03.225] [Worker-Main-12/ERROR] [net.minecraft.world.entity.decoration.HangingEntity/]: Hanging entity at invalid position: BlockPos{x=270, y=13, z=299}
[06Mar2025 23:55:03.226] [Worker-Main-12/ERROR] [net.minecraft.world.entity.decoration.HangingEntity/]: Hanging entity at invalid position: BlockPos{x=260, y=-3, z=289}
[06Mar2025 23:55:03.226] [Worker-Main-12/ERROR] [net.minecraft.world.entity.decoration.HangingEntity/]: Hanging entity at invalid position: BlockPos{x=261, y=-2, z=289}
[06Mar2025 23:55:03.227] [Worker-Main-12/ERROR] [net.minecraft.world.entity.decoration.HangingEntity/]: Hanging entity at invalid position: BlockPos{x=262, y=-1, z=289}
[06Mar2025 23:55:03.227] [Worker-Main-12/ERROR] [net.minecraft.world.entity.decoration.HangingEntity/]: Hanging entity at invalid position: BlockPos{x=260, y=-1, z=289}
[06Mar2025 23:55:03.228] [Worker-Main-12/ERROR] [net.minecraft.world.entity.decoration.HangingEntity/]: Hanging entity at invalid position: BlockPos{x=262, y=-3, z=289}
[06Mar2025 23:55:03.228] [Worker-Main-12/ERROR] [net.minecraft.world.entity.decoration.HangingEntity/]: Hanging entity at invalid position: BlockPos{x=261, y=-2, z=299}
[06Mar2025 23:55:03.229] [Worker-Main-12/ERROR] [net.minecraft.world.entity.decoration.HangingEntity/]: Hanging entity at invalid position: BlockPos{x=261, y=-1, z=300}
[06Mar2025 23:55:03.237] [Worker-Main-12/ERROR] [net.minecraft.world.entity.decoration.HangingEntity/]: Hanging entity at invalid position: BlockPos{x=266, y=-2, z=299}
[06Mar2025 23:55:03.237] [Worker-Main-12/ERROR] [net.minecraft.world.entity.decoration.HangingEntity/]: Hanging entity at invalid position: BlockPos{x=266, y=-1, z=298}
[06Mar2025 23:55:03.237] [Worker-Main-12/ERROR] [net.minecraft.world.entity.decoration.HangingEntity/]: Hanging entity at invalid position: BlockPos{x=270, y=-1, z=291}
[06Mar2025 23:55:03.238] [Worker-Main-12/ERROR] [net.minecraft.world.entity.decoration.HangingEntity/]: Hanging entity at invalid position: BlockPos{x=273, y=13, z=287}
[06Mar2025 23:55:03.238] [Worker-Main-12/ERROR] [net.minecraft.world.entity.decoration.HangingEntity/]: Hanging entity at invalid position: BlockPos{x=273, y=15, z=289}
[06Mar2025 23:55:03.239] [Worker-Main-12/ERROR] [net.minecraft.world.entity.decoration.HangingEntity/]: Hanging entity at invalid position: BlockPos{x=273, y=14, z=288}
[06Mar2025 23:55:03.239] [Worker-Main-12/ERROR] [net.minecraft.world.entity.decoration.HangingEntity/]: Hanging entity at invalid position: BlockPos{x=272, y=0, z=293}
[06Mar2025 23:55:03.239] [Worker-Main-12/ERROR] [net.minecraft.world.entity.decoration.HangingEntity/]: Hanging entity at invalid position: BlockPos{x=274, y=9, z=292}
[06Mar2025 23:55:03.239] [Worker-Main-12/ERROR] [net.minecraft.world.entity.decoration.HangingEntity/]: Hanging entity at invalid position: BlockPos{x=274, y=15, z=295}
[06Mar2025 23:55:03.239] [Worker-Main-12/ERROR] [net.minecraft.world.entity.decoration.HangingEntity/]: Hanging entity at invalid position: BlockPos{x=273, y=13, z=293}
[06Mar2025 23:55:03.239] [Worker-Main-12/ERROR] [net.minecraft.world.entity.decoration.HangingEntity/]: Hanging entity at invalid position: BlockPos{x=273, y=14, z=294}
[06Mar2025 23:55:03.239] [Worker-Main-12/ERROR] [net.minecraft.world.entity.decoration.HangingEntity/]: Hanging entity at invalid position: BlockPos{x=273, y=15, z=291}
[06Mar2025 23:55:03.239] [Worker-Main-12/ERROR] [net.minecraft.world.entity.decoration.HangingEntity/]: Hanging entity at invalid position: BlockPos{x=272, y=14, z=301}
[06Mar2025 23:55:03.240] [Worker-Main-12/ERROR] [net.minecraft.world.entity.decoration.HangingEntity/]: Hanging entity at invalid position: BlockPos{x=274, y=18, z=298}
[06Mar2025 23:55:03.240] [Worker-Main-12/ERROR] [net.minecraft.world.entity.decoration.HangingEntity/]: Hanging entity at invalid position: BlockPos{x=273, y=-2, z=290}
[06Mar2025 23:55:03.265] [Worker-Main-12/ERROR] [net.minecraft.world.entity.decoration.HangingEntity/]: Hanging entity at invalid position: BlockPos{x=278, y=0, z=292}
[06Mar2025 23:55:03.265] [Worker-Main-12/ERROR] [net.minecraft.world.entity.decoration.HangingEntity/]: Hanging entity at invalid position: BlockPos{x=276, y=0, z=295}
[06Mar2025 23:55:03.266] [Worker-Main-12/ERROR] [net.minecraft.world.entity.decoration.HangingEntity/]: Hanging entity at invalid position: BlockPos{x=276, y=0, z=294}
[06Mar2025 23:55:03.266] [Worker-Main-12/ERROR] [net.minecraft.world.entity.decoration.HangingEntity/]: Hanging entity at invalid position: BlockPos{x=276, y=1, z=294}
[06Mar2025 23:55:03.266] [Worker-Main-12/ERROR] [net.minecraft.world.entity.decoration.HangingEntity/]: Hanging entity at invalid position: BlockPos{x=276, y=1, z=295}
[06Mar2025 23:55:03.267] [Worker-Main-12/ERROR] [net.minecraft.world.entity.decoration.HangingEntity/]: Hanging entity at invalid position: BlockPos{x=277, y=8, z=292}
[06Mar2025 23:55:03.267] [Worker-Main-12/ERROR] [net.minecraft.world.entity.decoration.HangingEntity/]: Hanging entity at invalid position: BlockPos{x=279, y=14, z=299}
[06Mar2025 23:55:03.268] [Worker-Main-12/ERROR] [net.minecraft.world.entity.decoration.HangingEntity/]: Hanging entity at invalid position: BlockPos{x=279, y=13, z=297}
[06Mar2025 23:55:03.268] [Worker-Main-12/ERROR] [net.minecraft.world.entity.decoration.HangingEntity/]: Hanging entity at invalid position: BlockPos{x=277, y=14, z=297}
[06Mar2025 23:55:03.268] [Worker-Main-12/ERROR] [net.minecraft.world.entity.decoration.HangingEntity/]: Hanging entity at invalid position: BlockPos{x=280, y=7, z=292}
[06Mar2025 23:55:03.269] [Worker-Main-12/ERROR] [net.minecraft.world.entity.decoration.HangingEntity/]: Hanging entity at invalid position: BlockPos{x=282, y=14, z=298}
[06Mar2025 23:55:03.269] [Worker-Main-12/ERROR] [net.minecraft.world.entity.decoration.HangingEntity/]: Hanging entity at invalid position: BlockPos{x=280, y=14, z=301}
[06Mar2025 23:55:03.270] [Worker-Main-12/ERROR] [net.minecraft.world.entity.decoration.HangingEntity/]: Hanging entity at invalid position: BlockPos{x=280, y=15, z=296}
[06Mar2025 23:55:03.271] [Worker-Main-12/ERROR] [net.minecraft.world.entity.decoration.HangingEntity/]: Hanging entity at invalid position: BlockPos{x=276, y=21, z=298}
[06Mar2025 23:55:03.271] [Worker-Main-12/ERROR] [net.minecraft.world.entity.decoration.HangingEntity/]: Hanging entity at invalid position: BlockPos{x=279, y=20, z=298}
[06Mar2025 23:55:03.271] [Worker-Main-12/ERROR] [net.minecraft.world.entity.decoration.HangingEntity/]: Hanging entity at invalid position: BlockPos{x=277, y=19, z=298}
[06Mar2025 23:55:03.285] [Worker-Main-12/ERROR] [net.minecraft.world.entity.decoration.HangingEntity/]: Hanging entity at invalid position: BlockPos{x=286, y=14, z=300}
[06Mar2025 23:55:03.285] [Worker-Main-12/ERROR] [net.minecraft.world.entity.decoration.HangingEntity/]: Hanging entity at invalid position: BlockPos{x=286, y=13, z=301}
[06Mar2025 23:55:03.286] [Worker-Main-12/ERROR] [net.minecraft.world.entity.decoration.HangingEntity/]: Hanging entity at invalid position: BlockPos{x=286, y=15, z=299}
[06Mar2025 23:55:03.286] [Worker-Main-12/ERROR] [net.minecraft.world.entity.decoration.HangingEntity/]: Hanging entity at invalid position: BlockPos{x=284, y=15, z=295}
[06Mar2025 23:55:03.287] [Worker-Main-12/ERROR] [net.minecraft.world.entity.decoration.HangingEntity/]: Hanging entity at invalid position: BlockPos{x=288, y=0, z=292}
[06Mar2025 23:55:03.287] [Worker-Main-12/ERROR] [net.minecraft.world.entity.decoration.HangingEntity/]: Hanging entity at invalid position: BlockPos{x=290, y=1, z=294}
[06Mar2025 23:55:03.288] [Worker-Main-12/ERROR] [net.minecraft.world.entity.decoration.HangingEntity/]: Hanging entity at invalid position: BlockPos{x=290, y=2, z=295}
[06Mar2025 23:55:03.288] [Worker-Main-12/ERROR] [net.minecraft.world.entity.decoration.HangingEntity/]: Hanging entity at invalid position: BlockPos{x=290, y=0, z=301}
[06Mar2025 23:55:03.289] [Worker-Main-12/ERROR] [net.minecraft.world.entity.decoration.HangingEntity/]: Hanging entity at invalid position: BlockPos{x=287, y=7, z=292}
[06Mar2025 23:55:03.289] [Worker-Main-12/ERROR] [net.minecraft.world.entity.decoration.HangingEntity/]: Hanging entity at invalid position: BlockPos{x=290, y=8, z=292}
[06Mar2025 23:55:03.290] [Worker-Main-12/ERROR] [net.minecraft.world.entity.decoration.HangingEntity/]: Hanging entity at invalid position: BlockPos{x=290, y=15, z=299}
[06Mar2025 23:55:03.290] [Worker-Main-12/ERROR] [net.minecraft.world.entity.decoration.HangingEntity/]: Hanging entity at invalid position: BlockPos{x=288, y=14, z=301}
[06Mar2025 23:55:03.290] [Worker-Main-12/ERROR] [net.minecraft.world.entity.decoration.HangingEntity/]: Hanging entity at invalid position: BlockPos{x=289, y=15, z=295}
[06Mar2025 23:55:03.291] [Worker-Main-12/ERROR] [net.minecraft.world.entity.decoration.HangingEntity/]: Hanging entity at invalid position: BlockPos{x=289, y=15, z=297}
[06Mar2025 23:55:03.291] [Worker-Main-12/ERROR] [net.minecraft.world.entity.decoration.HangingEntity/]: Hanging entity at invalid position: BlockPos{x=289, y=13, z=297}
[06Mar2025 23:55:03.292] [Worker-Main-12/ERROR] [net.minecraft.world.entity.decoration.HangingEntity/]: Hanging entity at invalid position: BlockPos{x=290, y=-2, z=301}
[06Mar2025 23:55:03.292] [Worker-Main-12/ERROR] [net.minecraft.world.entity.decoration.HangingEntity/]: Hanging entity at invalid position: BlockPos{x=290, y=-1, z=300}
[06Mar2025 23:55:03.608] [Worker-Main-12/ERROR] [net.minecraft.world.entity.decoration.HangingEntity/]: Hanging entity at invalid position: BlockPos{x=294, y=-1, z=293}
[06Mar2025 23:55:03.609] [Worker-Main-12/ERROR] [net.minecraft.world.entity.decoration.HangingEntity/]: Hanging entity at invalid position: BlockPos{x=295, y=0, z=291}
[06Mar2025 23:55:03.609] [Worker-Main-12/ERROR] [net.minecraft.world.entity.decoration.HangingEntity/]: Hanging entity at invalid position: BlockPos{x=292, y=14, z=295}
[06Mar2025 23:55:03.609] [Worker-Main-12/ERROR] [net.minecraft.world.entity.decoration.HangingEntity/]: Hanging entity at invalid position: BlockPos{x=293, y=15, z=297}
[06Mar2025 23:55:03.609] [Worker-Main-12/ERROR] [net.minecraft.world.entity.decoration.HangingEntity/]: Hanging entity at invalid position: BlockPos{x=301, y=10, z=301}
[06Mar2025 23:55:03.610] [Worker-Main-12/ERROR] [net.minecraft.world.entity.decoration.HangingEntity/]: Hanging entity at invalid position: BlockPos{x=301, y=9, z=300}
[06Mar2025 23:55:03.610] [Worker-Main-12/ERROR] [net.minecraft.world.entity.decoration.HangingEntity/]: Hanging entity at invalid position: BlockPos{x=303, y=11, z=299}
[06Mar2025 23:55:03.610] [Worker-Main-12/ERROR] [net.minecraft.world.entity.decoration.HangingEntity/]: Hanging entity at invalid position: BlockPos{x=296, y=14, z=300}
[06Mar2025 23:55:03.611] [Worker-Main-12/ERROR] [net.minecraft.world.entity.decoration.HangingEntity/]: Hanging entity at invalid position: BlockPos{x=295, y=-3, z=289}
[06Mar2025 23:55:03.612] [Worker-Main-12/ERROR] [net.minecraft.world.entity.decoration.HangingEntity/]: Hanging entity at invalid position: BlockPos{x=292, y=-2, z=301}
[06Mar2025 23:55:03.612] [Worker-Main-12/ERROR] [net.minecraft.world.entity.decoration.HangingEntity/]: Hanging entity at invalid position: BlockPos{x=296, y=-2, z=289}
[06Mar2025 23:55:03.612] [Worker-Main-12/ERROR] [net.minecraft.world.entity.decoration.HangingEntity/]: Hanging entity at invalid position: BlockPos{x=299, y=-1, z=298}
[06Mar2025 23:55:03.613] [Worker-Main-12/ERROR] [net.minecraft.world.entity.decoration.HangingEntity/]: Hanging entity at invalid position: BlockPos{x=299, y=-2, z=300}
[06Mar2025 23:55:03.613] [Worker-Main-12/ERROR] [net.minecraft.world.entity.decoration.HangingEntity/]: Hanging entity at invalid position: BlockPos{x=303, y=-8, z=294}
[06Mar2025 23:55:03.613] [Worker-Main-12/ERROR] [net.minecraft.world.entity.decoration.HangingEntity/]: Hanging entity at invalid position: BlockPos{x=303, y=-8, z=295}
[06Mar2025 23:55:03.614] [Worker-Main-12/ERROR] [net.minecraft.world.entity.decoration.HangingEntity/]: Hanging entity at invalid position: BlockPos{x=303, y=-8, z=296}
[06Mar2025 23:55:03.615] [Worker-Main-12/ERROR] [net.minecraft.world.entity.decoration.HangingEntity/]: Hanging entity at invalid position: BlockPos{x=306, y=6, z=301}
[06Mar2025 23:55:03.615] [Worker-Main-12/ERROR] [net.minecraft.world.entity.decoration.HangingEntity/]: Hanging entity at invalid position: BlockPos{x=306, y=8, z=300}
[06Mar2025 23:55:03.615] [Worker-Main-12/ERROR] [net.minecraft.world.entity.decoration.HangingEntity/]: Hanging entity at invalid position: BlockPos{x=304, y=-10, z=296}
[06Mar2025 23:55:03.616] [Worker-Main-12/ERROR] [net.minecraft.world.entity.decoration.HangingEntity/]: Hanging entity at invalid position: BlockPos{x=305, y=-10, z=296}
[06Mar2025 23:55:03.616] [Worker-Main-12/ERROR] [net.minecraft.world.entity.decoration.HangingEntity/]: Hanging entity at invalid position: BlockPos{x=306, y=-10, z=296}
[06Mar2025 23:55:03.616] [Worker-Main-12/ERROR] [net.minecraft.world.entity.decoration.HangingEntity/]: Hanging entity at invalid position: BlockPos{x=306, y=-11, z=294}
[06Mar2025 23:55:03.617] [Worker-Main-12/ERROR] [net.minecraft.world.entity.decoration.HangingEntity/]: Hanging entity at invalid position: BlockPos{x=306, y=-11, z=293}
[06Mar2025 23:55:03.617] [Worker-Main-12/ERROR] [net.minecraft.world.entity.decoration.HangingEntity/]: Hanging entity at invalid position: BlockPos{x=306, y=-11, z=292}
[06Mar2025 23:55:03.642] [Worker-Main-18/ERROR] [net.minecraft.world.entity.decoration.HangingEntity/]: Hanging entity at invalid position: BlockPos{x=307, y=-11, z=295}
[06Mar2025 23:55:03.642] [Worker-Main-18/ERROR] [net.minecraft.world.entity.decoration.HangingEntity/]: Hanging entity at invalid position: BlockPos{x=307, y=-11, z=291}
[06Mar2025 23:57:16.631] [Worker-Main-12/ERROR] [net.minecraft.world.entity.decoration.HangingEntity/]: Hanging entity at invalid position: BlockPos{x=267, y=-1, z=285}
[06Mar2025 23:57:16.631] [Worker-Main-12/ERROR] [net.minecraft.world.entity.decoration.HangingEntity/]: Hanging entity at invalid position: BlockPos{x=267, y=-2, z=284}
[06Mar2025 23:57:16.631] [Worker-Main-12/ERROR] [net.minecraft.world.entity.decoration.HangingEntity/]: Hanging entity at invalid position: BlockPos{x=268, y=-2, z=280}
[06Mar2025 23:57:16.632] [Worker-Main-12/ERROR] [net.minecraft.world.entity.decoration.HangingEntity/]: Hanging entity at invalid position: BlockPos{x=268, y=-3, z=281}
[06Mar2025 23:57:16.632] [Worker-Main-12/ERROR] [net.minecraft.world.entity.decoration.HangingEntity/]: Hanging entity at invalid position: BlockPos{x=268, y=-2, z=282}
[06Mar2025 23:57:16.632] [Worker-Main-12/ERROR] [net.minecraft.world.entity.decoration.HangingEntity/]: Hanging entity at invalid position: BlockPos{x=273, y=14, z=285}
[06Mar2025 23:57:26.183] [Server thread/DEBUG] [net.minecraftforge.common.ForgeHooks/WP]: Gathering id map for writing to world save world
[06Mar2025 23:57:26.193] [Server thread/DEBUG] [net.minecraftforge.common.ForgeHooks/WP]: ID Map collection complete world
[06Mar2025 23:59:02.238] [Worker-Main-18/WARN] [net.minecraft.world.entity.ai.attributes.AttributeMap/]: Ignoring unknown attribute 'caelus:fall_flying'
[07Mar2025 00:01:09.019] [Server thread/INFO] [net.minecraft.server.MinecraftServer/]: [matiyes: Teleported matiyes to 81.500000, 76.500000, 2745.500000]
[07Mar2025 00:02:26.117] [Server thread/DEBUG] [net.minecraftforge.common.ForgeHooks/WP]: Gathering id map for writing to world save world
[07Mar2025 00:02:26.127] [Server thread/DEBUG] [net.minecraftforge.common.ForgeHooks/WP]: ID Map collection complete world
[07Mar2025 00:02:28.485] [Server thread/INFO] [net.minecraft.server.MinecraftServer/]: [matiyes: Teleported matiyes to 310.500000, 64.500000, 1504.500000]
[07Mar2025 00:06:43.112] [Server thread/INFO] [net.minecraft.server.MinecraftServer/]: [matiyes: Teleported matiyes to 310.500000, 65.500000, 1504.500000]
[07Mar2025 00:06:52.137] [Server thread/INFO] [net.minecraft.server.MinecraftServer/]: [matiyes: Teleported matiyes to 344.500000, 64.500000, 1463.500000]
[07Mar2025 00:07:26.182] [Server thread/DEBUG] [net.minecraftforge.common.ForgeHooks/WP]: Gathering id map for writing to world save world
[07Mar2025 00:07:26.191] [Server thread/DEBUG] [net.minecraftforge.common.ForgeHooks/WP]: ID Map collection complete world
[07Mar2025 00:09:04.169] [Server thread/INFO] [net.minecraft.server.MinecraftServer/]: [matiyes: Teleported matiyes to 81.500000, 76.500000, 2745.500000]
[07Mar2025 00:09:04.684] [Server thread/DEBUG] [MrCrayfish's Furniture Mod: Refurbished/]: Stopping ticking node at BlockPos{x=357, y=69, z=1520}
[07Mar2025 00:09:04.685] [Server thread/DEBUG] [MrCrayfish's Furniture Mod: Refurbished/]: Stopping ticking node at BlockPos{x=355, y=67, z=1521}
[07Mar2025 00:09:04.686] [Server thread/DEBUG] [MrCrayfish's Furniture Mod: Refurbished/]: Stopping ticking node at BlockPos{x=356, y=67, z=1521}
[07Mar2025 00:09:04.858] [Server thread/DEBUG] [MrCrayfish's Furniture Mod: Refurbished/]: Stopping ticking node at BlockPos{x=357, y=71, z=1512}
[07Mar2025 00:09:04.858] [Server thread/DEBUG] [MrCrayfish's Furniture Mod: Refurbished/]: Stopping ticking node at BlockPos{x=358, y=71, z=1512}
[07Mar2025 00:09:04.859] [Server thread/DEBUG] [MrCrayfish's Furniture Mod: Refurbished/]: Stopping ticking node at BlockPos{x=361, y=70, z=1517}
[07Mar2025 00:09:04.859] [Server thread/DEBUG] [MrCrayfish's Furniture Mod: Refurbished/]: Stopping ticking node at BlockPos{x=355, y=68, z=1519}
[07Mar2025 00:09:12.967] [Server thread/WARN] [net.minecraft.server.MinecraftServer/]: Can't keep up! Is the server overloaded? Running 2764ms or 55 ticks behind
[07Mar2025 00:10:05.651] [Server thread/INFO] [net.minecraft.server.MinecraftServer/]: [matiyes: Teleported matiyes to 310.500000, 65.500000, 1504.500000]
[07Mar2025 00:11:15.211] [Server thread/INFO] [net.minecraft.server.network.ServerGamePacketListenerImpl/]: matiyes lost connection: Disconnected
[07Mar2025 00:11:15.212] [Server thread/INFO] [net.minecraft.server.MinecraftServer/]: matiyes left the game
[07Mar2025 00:11:15.352] [Server thread/DEBUG] [MrCrayfish's Furniture Mod: Refurbished/]: Stopping ticking node at BlockPos{x=357, y=71, z=1512}
[07Mar2025 00:11:15.352] [Server thread/DEBUG] [MrCrayfish's Furniture Mod: Refurbished/]: Stopping ticking node at BlockPos{x=358, y=71, z=1512}
[07Mar2025 00:11:15.352] [Server thread/DEBUG] [MrCrayfish's Furniture Mod: Refurbished/]: Stopping ticking node at BlockPos{x=357, y=69, z=1520}
[07Mar2025 00:11:15.352] [Server thread/DEBUG] [MrCrayfish's Furniture Mod: Refurbished/]: Stopping ticking node at BlockPos{x=361, y=70, z=1517}
[07Mar2025 00:11:15.352] [Server thread/DEBUG] [MrCrayfish's Furniture Mod: Refurbished/]: Stopping ticking node at BlockPos{x=355, y=67, z=1521}
[07Mar2025 00:11:15.353] [Server thread/DEBUG] [MrCrayfish's Furniture Mod: Refurbished/]: Stopping ticking node at BlockPos{x=355, y=68, z=1519}
[07Mar2025 00:11:15.353] [Server thread/DEBUG] [MrCrayfish's Furniture Mod: Refurbished/]: Stopping ticking node at BlockPos{x=356, y=67, z=1521}
[07Mar2025 00:11:24.204] [Server thread/DEBUG] [lain.mods.cos.init.forge.ForgeCosmeticArmorReworked/]: Server is stopping... try to save all still loaded CosmeticArmor data
[07Mar2025 00:11:24.206] [Server thread/INFO] [net.minecraft.server.MinecraftServer/]: Stopping server
[07Mar2025 00:11:24.207] [Server thread/INFO] [net.minecraft.server.MinecraftServer/]: Saving players
[07Mar2025 00:11:24.207] [Server thread/INFO] [net.minecraft.server.MinecraftServer/]: Saving worlds
[07Mar2025 00:11:24.420] [Server thread/INFO] [net.minecraft.server.MinecraftServer/]: Saving chunks for level 'ServerLevel[world]'/minecraft:overworld
[07Mar2025 00:11:24.556] [Server thread/INFO] [net.minecraft.server.MinecraftServer/]: Saving chunks for level 'ServerLevel[world]'/minecraft:the_nether
[07Mar2025 00:11:24.557] [Server thread/INFO] [net.minecraft.server.MinecraftServer/]: Saving chunks for level 'ServerLevel[world]'/minecraft:the_end
[07Mar2025 00:11:24.723] [Server thread/DEBUG] [net.minecraftforge.common.ForgeHooks/WP]: Gathering id map for writing to world save world
[07Mar2025 00:11:24.737] [Server thread/DEBUG] [net.minecraftforge.common.ForgeHooks/WP]: ID Map collection complete world
[07Mar2025 00:11:25.059] [Server thread/INFO] [net.minecraft.server.MinecraftServer/]: ThreadedAnvilChunkStorage (world): All chunks are saved
[07Mar2025 00:11:25.059] [Server thread/INFO] [net.minecraft.server.MinecraftServer/]: ThreadedAnvilChunkStorage (DIM-1): All chunks are saved
[07Mar2025 00:11:25.059] [Server thread/INFO] [net.minecraft.server.MinecraftServer/]: ThreadedAnvilChunkStorage (DIM1): All chunks are saved
[07Mar2025 00:11:25.059] [Server thread/INFO] [net.minecraft.server.MinecraftServer/]: ThreadedAnvilChunkStorage: All dimensions are saved
[07Mar2025 00:11:25.106] [Server thread/INFO] [Framework/]: Unloading server configs...
[07Mar2025 00:11:25.111] [Server thread/INFO] [Framework/]: Sending config unload event for refurbished_furniture.server.toml
[07Mar2025 00:11:25.113] [Server thread/INFO] [Framework/]: Sending config unload event for backpacked.server.toml
[07Mar2025 00:11:25.114] [Server thread/DEBUG] [net.minecraftforge.fml.config.ConfigTracker/CONFIG]: Unloading configs type SERVER
